Copyright 1986-2022 Xilinx, Inc. All Rights Reserved.
------------------------------------------------------------------------------------------------------------------------------------------------------------------------------------------------------------------------------------------
| Tool Version : Vivado v.2022.2 (win64) Build 3671981 Fri Oct 14 05:00:03 MDT 2022
| Date         : Wed Mar 18 13:55:10 2026
| Host         : hw3-r2-v01 running 64-bit major release  (build 9200)
| Command      : report_timing_summary -max_paths 10 -report_unconstrained -file uP16_BASYS3_top_timing_summary_routed.rpt -pb uP16_BASYS3_top_timing_summary_routed.pb -rpx uP16_BASYS3_top_timing_summary_routed.rpx -warn_on_violation
| Design       : uP16_BASYS3_top
| Device       : 7a35t-cpg236
| Speed File   : -1  PRODUCTION 1.23 2018-06-13
------------------------------------------------------------------------------------------------------------------------------------------------------------------------------------------------------------------------------------------

Timing Summary Report

------------------------------------------------------------------------------------------------
| Timer Settings
| --------------
------------------------------------------------------------------------------------------------

  Enable Multi Corner Analysis               :  Yes
  Enable Pessimism Removal                   :  Yes
  Pessimism Removal Resolution               :  Nearest Common Node
  Enable Input Delay Default Clock           :  No
  Enable Preset / Clear Arcs                 :  No
  Disable Flight Delays                      :  No
  Ignore I/O Paths                           :  No
  Timing Early Launch at Borrowing Latches   :  No
  Borrow Time for Max Delay Exceptions       :  Yes
  Merge Timing Exceptions                    :  Yes

  Corner  Analyze    Analyze    
  Name    Max Paths  Min Paths  
  ------  ---------  ---------  
  Slow    Yes        Yes        
  Fast    Yes        Yes        


------------------------------------------------------------------------------------------------
| Report Methodology
| ------------------
------------------------------------------------------------------------------------------------

Rule       Severity          Description                    Violations  
---------  ----------------  -----------------------------  ----------  
TIMING-17  Critical Warning  Non-clocked sequential cell    244         
TIMING-18  Warning           Missing input or output delay  12          

Note: This report is based on the most recent report_methodology run and may not be up-to-date. Run report_methodology on the current design for the latest report.



check_timing report

Table of Contents
-----------------
1. checking no_clock (244)
2. checking constant_clock (0)
3. checking pulse_width_clock (0)
4. checking unconstrained_internal_endpoints (651)
5. checking no_input_delay (1)
6. checking no_output_delay (12)
7. checking multiple_clock (0)
8. checking generated_clocks (0)
9. checking loops (0)
10. checking partial_input_delay (0)
11. checking partial_output_delay (0)
12. checking latch_loops (0)

1. checking no_clock (244)
--------------------------
 There are 244 register/latch pins with no clock driven by root clock pin: Imp2/counter_reg[25]/Q (HIGH)


2. checking constant_clock (0)
------------------------------
 There are 0 register/latch pins with constant_clock.


3. checking pulse_width_clock (0)
---------------------------------
 There are 0 register/latch pins which need pulse_width check


4. checking unconstrained_internal_endpoints (651)
--------------------------------------------------
 There are 651 pins that are not constrained for maximum delay. (HIGH)

 There are 0 pins that are not constrained for maximum delay due to constant clock.


5. checking no_input_delay (1)
------------------------------
 There is 1 input port with no input delay specified. (HIGH)

 There are 0 input ports with no input delay but user has a false path constraint.


6. checking no_output_delay (12)
--------------------------------
 There are 12 ports with no output delay specified. (HIGH)

 There are 0 ports with no output delay but user has a false path constraint

 There are 0 ports with no output delay but with a timing clock defined on it or propagating through it


7. checking multiple_clock (0)
------------------------------
 There are 0 register/latch pins with multiple clocks.


8. checking generated_clocks (0)
--------------------------------
 There are 0 generated clocks that are not connected to a clock source.


9. checking loops (0)
---------------------
 There are 0 combinational loops in the design.


10. checking partial_input_delay (0)
------------------------------------
 There are 0 input ports with partial input delay specified.


11. checking partial_output_delay (0)
-------------------------------------
 There are 0 ports with partial output delay specified.


12. checking latch_loops (0)
----------------------------
 There are 0 combinational latch loops in the design through latch input



------------------------------------------------------------------------------------------------
| Design Timing Summary
| ---------------------
------------------------------------------------------------------------------------------------

    WNS(ns)      TNS(ns)  TNS Failing Endpoints  TNS Total Endpoints      WHS(ns)      THS(ns)  THS Failing Endpoints  THS Total Endpoints     WPWS(ns)     TPWS(ns)  TPWS Failing Endpoints  TPWS Total Endpoints  
    -------      -------  ---------------------  -------------------      -------      -------  ---------------------  -------------------     --------     --------  ----------------------  --------------------  
      6.824        0.000                      0                   46        0.308        0.000                      0                   46        4.500        0.000                       0                    47  


All user specified timing constraints are met.


------------------------------------------------------------------------------------------------
| Clock Summary
| -------------
------------------------------------------------------------------------------------------------

Clock        Waveform(ns)       Period(ns)      Frequency(MHz)
-----        ------------       ----------      --------------
sys_clk_pin  {0.000 5.000}      10.000          100.000         


------------------------------------------------------------------------------------------------
| Intra Clock Table
| -----------------
------------------------------------------------------------------------------------------------

Clock             WNS(ns)      TNS(ns)  TNS Failing Endpoints  TNS Total Endpoints      WHS(ns)      THS(ns)  THS Failing Endpoints  THS Total Endpoints     WPWS(ns)     TPWS(ns)  TPWS Failing Endpoints  TPWS Total Endpoints  
-----             -------      -------  ---------------------  -------------------      -------      -------  ---------------------  -------------------     --------     --------  ----------------------  --------------------  
sys_clk_pin         6.824        0.000                      0                   46        0.308        0.000                      0                   46        4.500        0.000                       0                    47  


------------------------------------------------------------------------------------------------
| Inter Clock Table
| -----------------
------------------------------------------------------------------------------------------------

From Clock    To Clock          WNS(ns)      TNS(ns)  TNS Failing Endpoints  TNS Total Endpoints      WHS(ns)      THS(ns)  THS Failing Endpoints  THS Total Endpoints  
----------    --------          -------      -------  ---------------------  -------------------      -------      -------  ---------------------  -------------------  


------------------------------------------------------------------------------------------------
| Other Path Groups Table
| -----------------------
------------------------------------------------------------------------------------------------

Path Group    From Clock    To Clock          WNS(ns)      TNS(ns)  TNS Failing Endpoints  TNS Total Endpoints      WHS(ns)      THS(ns)  THS Failing Endpoints  THS Total Endpoints  
----------    ----------    --------          -------      -------  ---------------------  -------------------      -------      -------  ---------------------  -------------------  


------------------------------------------------------------------------------------------------
| User Ignored Path Table
| -----------------------
------------------------------------------------------------------------------------------------

Path Group    From Clock    To Clock    
----------    ----------    --------    


------------------------------------------------------------------------------------------------
| Unconstrained Path Table
| ------------------------
------------------------------------------------------------------------------------------------

Path Group    From Clock    To Clock    
----------    ----------    --------    
(none)                                    
(none)        sys_clk_pin                 
(none)                      sys_clk_pin   


------------------------------------------------------------------------------------------------
| Timing Details
| --------------
------------------------------------------------------------------------------------------------


---------------------------------------------------------------------------------------------------
From Clock:  sys_clk_pin
  To Clock:  sys_clk_pin

Setup :            0  Failing Endpoints,  Worst Slack        6.824ns,  Total Violation        0.000ns
Hold  :            0  Failing Endpoints,  Worst Slack        0.308ns,  Total Violation        0.000ns
PW    :            0  Failing Endpoints,  Worst Slack        4.500ns,  Total Violation        0.000ns
---------------------------------------------------------------------------------------------------


Max Delay Paths
--------------------------------------------------------------------------------------
Slack (MET) :             6.824ns  (required time - arrival time)
  Source:                 Imp2/counter_reg[25]/C
                            (rising edge-triggered cell FDRE clocked by sys_clk_pin  {rise@0.000ns fall@5.000ns period=10.000ns})
  Destination:            Imp2/counter_reg[25]/D
                            (rising edge-triggered cell FDRE clocked by sys_clk_pin  {rise@0.000ns fall@5.000ns period=10.000ns})
  Path Group:             sys_clk_pin
  Path Type:              Setup (Max at Slow Process Corner)
  Requirement:            10.000ns  (sys_clk_pin rise@10.000ns - sys_clk_pin rise@0.000ns)
  Data Path Delay:        3.249ns  (logic 0.968ns (29.792%)  route 2.281ns (70.208%))
  Logic Levels:           2  (BUFG=1 CARRY4=1)
  Clock Path Skew:        0.000ns (DCD - SCD + CPR)
    Destination Clock Delay (DCD):    4.785ns = ( 14.785 - 10.000 ) 
    Source Clock Delay      (SCD):    5.085ns
    Clock Pessimism Removal (CPR):    0.300ns
  Clock Uncertainty:      0.035ns  ((TSJ^2 + TIJ^2)^1/2 + DJ) / 2 + PE
    Total System Jitter     (TSJ):    0.071ns
    Total Input Jitter      (TIJ):    0.000ns
    Discrete Jitter          (DJ):    0.000ns
    Phase Error              (PE):    0.000ns

    Location             Delay type                Incr(ns)  Path(ns)    Netlist Resource(s)
  -------------------------------------------------------------------    -------------------
                         (clock sys_clk_pin rise edge)
                                                      0.000     0.000 r  
    W5                                                0.000     0.000 r  clk (IN)
                         net (fo=0)                   0.000     0.000    clk
    W5                   IBUF (Prop_ibuf_I_O)         1.458     1.458 r  clk_IBUF_inst/O
                         net (fo=1, routed)           1.967     3.425    clk_IBUF
    BUFGCTRL_X0Y1        BUFG (Prop_bufg_I_O)         0.096     3.521 r  clk_IBUF_BUFG_inst/O
                         net (fo=46, routed)          1.564     5.085    Imp2/clk_IBUF_BUFG
    SLICE_X34Y46         FDRE                                         r  Imp2/counter_reg[25]/C
  -------------------------------------------------------------------    -------------------
    SLICE_X34Y46         FDRE (Prop_fdre_C_Q)         0.518     5.603 r  Imp2/counter_reg[25]/Q
                         net (fo=1, routed)           0.558     6.161    sClk
    BUFGCTRL_X0Y0        BUFG (Prop_bufg_I_O)         0.096     6.257 r  sClk_BUFG_inst/O
                         net (fo=245, routed)         1.723     7.980    Imp2/sClk_BUFG
    SLICE_X34Y46         CARRY4 (Prop_carry4_S[1]_O[1])
                                                      0.354     8.334 r  Imp2/counter_reg[24]_i_1/O[1]
                         net (fo=1, routed)           0.000     8.334    Imp2/counter_reg[24]_i_1_n_6
    SLICE_X34Y46         FDRE                                         r  Imp2/counter_reg[25]/D
  -------------------------------------------------------------------    -------------------

                         (clock sys_clk_pin rise edge)
                                                     10.000    10.000 r  
    W5                                                0.000    10.000 r  clk (IN)
                         net (fo=0)                   0.000    10.000    clk
    W5                   IBUF (Prop_ibuf_I_O)         1.388    11.388 r  clk_IBUF_inst/O
                         net (fo=1, routed)           1.862    13.250    clk_IBUF
    BUFGCTRL_X0Y1        BUFG (Prop_bufg_I_O)         0.091    13.341 r  clk_IBUF_BUFG_inst/O
                         net (fo=46, routed)          1.444    14.785    Imp2/clk_IBUF_BUFG
    SLICE_X34Y46         FDRE                                         r  Imp2/counter_reg[25]/C
                         clock pessimism              0.300    15.085    
                         clock uncertainty           -0.035    15.050    
    SLICE_X34Y46         FDRE (Setup_fdre_C_D)        0.109    15.159    Imp2/counter_reg[25]
  -------------------------------------------------------------------
                         required time                         15.159    
                         arrival time                          -8.334    
  -------------------------------------------------------------------
                         slack                                  6.824    

Slack (MET) :             7.305ns  (required time - arrival time)
  Source:                 Imp2/counter_reg[1]/C
                            (rising edge-triggered cell FDRE clocked by sys_clk_pin  {rise@0.000ns fall@5.000ns period=10.000ns})
  Destination:            Imp2/counter_reg[24]/D
                            (rising edge-triggered cell FDRE clocked by sys_clk_pin  {rise@0.000ns fall@5.000ns period=10.000ns})
  Path Group:             sys_clk_pin
  Path Type:              Setup (Max at Slow Process Corner)
  Requirement:            10.000ns  (sys_clk_pin rise@10.000ns - sys_clk_pin rise@0.000ns)
  Data Path Delay:        2.746ns  (logic 1.979ns (72.072%)  route 0.767ns (27.928%))
  Logic Levels:           7  (CARRY4=7)
  Clock Path Skew:        -0.023ns (DCD - SCD + CPR)
    Destination Clock Delay (DCD):    4.785ns = ( 14.785 - 10.000 ) 
    Source Clock Delay      (SCD):    5.083ns
    Clock Pessimism Removal (CPR):    0.275ns
  Clock Uncertainty:      0.035ns  ((TSJ^2 + TIJ^2)^1/2 + DJ) / 2 + PE
    Total System Jitter     (TSJ):    0.071ns
    Total Input Jitter      (TIJ):    0.000ns
    Discrete Jitter          (DJ):    0.000ns
    Phase Error              (PE):    0.000ns

    Location             Delay type                Incr(ns)  Path(ns)    Netlist Resource(s)
  -------------------------------------------------------------------    -------------------
                         (clock sys_clk_pin rise edge)
                                                      0.000     0.000 r  
    W5                                                0.000     0.000 r  clk (IN)
                         net (fo=0)                   0.000     0.000    clk
    W5                   IBUF (Prop_ibuf_I_O)         1.458     1.458 r  clk_IBUF_inst/O
                         net (fo=1, routed)           1.967     3.425    clk_IBUF
    BUFGCTRL_X0Y1        BUFG (Prop_bufg_I_O)         0.096     3.521 r  clk_IBUF_BUFG_inst/O
                         net (fo=46, routed)          1.562     5.083    Imp2/clk_IBUF_BUFG
    SLICE_X34Y40         FDRE                                         r  Imp2/counter_reg[1]/C
  -------------------------------------------------------------------    -------------------
    SLICE_X34Y40         FDRE (Prop_fdre_C_Q)         0.518     5.601 r  Imp2/counter_reg[1]/Q
                         net (fo=1, routed)           0.767     6.368    Imp2/counter_reg_n_0_[1]
    SLICE_X34Y40         CARRY4 (Prop_carry4_S[1]_CO[3])
                                                      0.657     7.025 r  Imp2/counter_reg[0]_i_1/CO[3]
                         net (fo=1, routed)           0.000     7.025    Imp2/counter_reg[0]_i_1_n_0
    SLICE_X34Y41         CARRY4 (Prop_carry4_CI_CO[3])
                                                      0.117     7.142 r  Imp2/counter_reg[4]_i_1/CO[3]
                         net (fo=1, routed)           0.000     7.142    Imp2/counter_reg[4]_i_1_n_0
    SLICE_X34Y42         CARRY4 (Prop_carry4_CI_CO[3])
                                                      0.117     7.259 r  Imp2/counter_reg[8]_i_1/CO[3]
                         net (fo=1, routed)           0.000     7.259    Imp2/counter_reg[8]_i_1_n_0
    SLICE_X34Y43         CARRY4 (Prop_carry4_CI_CO[3])
                                                      0.117     7.376 r  Imp2/counter_reg[12]_i_1/CO[3]
                         net (fo=1, routed)           0.000     7.376    Imp2/counter_reg[12]_i_1_n_0
    SLICE_X34Y44         CARRY4 (Prop_carry4_CI_CO[3])
                                                      0.117     7.493 r  Imp2/counter_reg[16]_i_1/CO[3]
                         net (fo=1, routed)           0.000     7.493    Imp2/counter_reg[16]_i_1_n_0
    SLICE_X34Y45         CARRY4 (Prop_carry4_CI_CO[3])
                                                      0.117     7.610 r  Imp2/counter_reg[20]_i_1/CO[3]
                         net (fo=1, routed)           0.000     7.610    Imp2/counter_reg[20]_i_1_n_0
    SLICE_X34Y46         CARRY4 (Prop_carry4_CI_O[0])
                                                      0.219     7.829 r  Imp2/counter_reg[24]_i_1/O[0]
                         net (fo=1, routed)           0.000     7.829    Imp2/counter_reg[24]_i_1_n_7
    SLICE_X34Y46         FDRE                                         r  Imp2/counter_reg[24]/D
  -------------------------------------------------------------------    -------------------

                         (clock sys_clk_pin rise edge)
                                                     10.000    10.000 r  
    W5                                                0.000    10.000 r  clk (IN)
                         net (fo=0)                   0.000    10.000    clk
    W5                   IBUF (Prop_ibuf_I_O)         1.388    11.388 r  clk_IBUF_inst/O
                         net (fo=1, routed)           1.862    13.250    clk_IBUF
    BUFGCTRL_X0Y1        BUFG (Prop_bufg_I_O)         0.091    13.341 r  clk_IBUF_BUFG_inst/O
                         net (fo=46, routed)          1.444    14.785    Imp2/clk_IBUF_BUFG
    SLICE_X34Y46         FDRE                                         r  Imp2/counter_reg[24]/C
                         clock pessimism              0.275    15.060    
                         clock uncertainty           -0.035    15.025    
    SLICE_X34Y46         FDRE (Setup_fdre_C_D)        0.109    15.134    Imp2/counter_reg[24]
  -------------------------------------------------------------------
                         required time                         15.134    
                         arrival time                          -7.829    
  -------------------------------------------------------------------
                         slack                                  7.305    

Slack (MET) :             7.318ns  (required time - arrival time)
  Source:                 Imp2/counter_reg[1]/C
                            (rising edge-triggered cell FDRE clocked by sys_clk_pin  {rise@0.000ns fall@5.000ns period=10.000ns})
  Destination:            Imp2/counter_reg[21]/D
                            (rising edge-triggered cell FDRE clocked by sys_clk_pin  {rise@0.000ns fall@5.000ns period=10.000ns})
  Path Group:             sys_clk_pin
  Path Type:              Setup (Max at Slow Process Corner)
  Requirement:            10.000ns  (sys_clk_pin rise@10.000ns - sys_clk_pin rise@0.000ns)
  Data Path Delay:        2.733ns  (logic 1.966ns (71.939%)  route 0.767ns (28.061%))
  Logic Levels:           6  (CARRY4=6)
  Clock Path Skew:        -0.023ns (DCD - SCD + CPR)
    Destination Clock Delay (DCD):    4.785ns = ( 14.785 - 10.000 ) 
    Source Clock Delay      (SCD):    5.083ns
    Clock Pessimism Removal (CPR):    0.275ns
  Clock Uncertainty:      0.035ns  ((TSJ^2 + TIJ^2)^1/2 + DJ) / 2 + PE
    Total System Jitter     (TSJ):    0.071ns
    Total Input Jitter      (TIJ):    0.000ns
    Discrete Jitter          (DJ):    0.000ns
    Phase Error              (PE):    0.000ns

    Location             Delay type                Incr(ns)  Path(ns)    Netlist Resource(s)
  -------------------------------------------------------------------    -------------------
                         (clock sys_clk_pin rise edge)
                                                      0.000     0.000 r  
    W5                                                0.000     0.000 r  clk (IN)
                         net (fo=0)                   0.000     0.000    clk
    W5                   IBUF (Prop_ibuf_I_O)         1.458     1.458 r  clk_IBUF_inst/O
                         net (fo=1, routed)           1.967     3.425    clk_IBUF
    BUFGCTRL_X0Y1        BUFG (Prop_bufg_I_O)         0.096     3.521 r  clk_IBUF_BUFG_inst/O
                         net (fo=46, routed)          1.562     5.083    Imp2/clk_IBUF_BUFG
    SLICE_X34Y40         FDRE                                         r  Imp2/counter_reg[1]/C
  -------------------------------------------------------------------    -------------------
    SLICE_X34Y40         FDRE (Prop_fdre_C_Q)         0.518     5.601 r  Imp2/counter_reg[1]/Q
                         net (fo=1, routed)           0.767     6.368    Imp2/counter_reg_n_0_[1]
    SLICE_X34Y40         CARRY4 (Prop_carry4_S[1]_CO[3])
                                                      0.657     7.025 r  Imp2/counter_reg[0]_i_1/CO[3]
                         net (fo=1, routed)           0.000     7.025    Imp2/counter_reg[0]_i_1_n_0
    SLICE_X34Y41         CARRY4 (Prop_carry4_CI_CO[3])
                                                      0.117     7.142 r  Imp2/counter_reg[4]_i_1/CO[3]
                         net (fo=1, routed)           0.000     7.142    Imp2/counter_reg[4]_i_1_n_0
    SLICE_X34Y42         CARRY4 (Prop_carry4_CI_CO[3])
                                                      0.117     7.259 r  Imp2/counter_reg[8]_i_1/CO[3]
                         net (fo=1, routed)           0.000     7.259    Imp2/counter_reg[8]_i_1_n_0
    SLICE_X34Y43         CARRY4 (Prop_carry4_CI_CO[3])
                                                      0.117     7.376 r  Imp2/counter_reg[12]_i_1/CO[3]
                         net (fo=1, routed)           0.000     7.376    Imp2/counter_reg[12]_i_1_n_0
    SLICE_X34Y44         CARRY4 (Prop_carry4_CI_CO[3])
                                                      0.117     7.493 r  Imp2/counter_reg[16]_i_1/CO[3]
                         net (fo=1, routed)           0.000     7.493    Imp2/counter_reg[16]_i_1_n_0
    SLICE_X34Y45         CARRY4 (Prop_carry4_CI_O[1])
                                                      0.323     7.816 r  Imp2/counter_reg[20]_i_1/O[1]
                         net (fo=1, routed)           0.000     7.816    Imp2/counter_reg[20]_i_1_n_6
    SLICE_X34Y45         FDRE                                         r  Imp2/counter_reg[21]/D
  -------------------------------------------------------------------    -------------------

                         (clock sys_clk_pin rise edge)
                                                     10.000    10.000 r  
    W5                                                0.000    10.000 r  clk (IN)
                         net (fo=0)                   0.000    10.000    clk
    W5                   IBUF (Prop_ibuf_I_O)         1.388    11.388 r  clk_IBUF_inst/O
                         net (fo=1, routed)           1.862    13.250    clk_IBUF
    BUFGCTRL_X0Y1        BUFG (Prop_bufg_I_O)         0.091    13.341 r  clk_IBUF_BUFG_inst/O
                         net (fo=46, routed)          1.444    14.785    Imp2/clk_IBUF_BUFG
    SLICE_X34Y45         FDRE                                         r  Imp2/counter_reg[21]/C
                         clock pessimism              0.275    15.060    
                         clock uncertainty           -0.035    15.025    
    SLICE_X34Y45         FDRE (Setup_fdre_C_D)        0.109    15.134    Imp2/counter_reg[21]
  -------------------------------------------------------------------
                         required time                         15.134    
                         arrival time                          -7.816    
  -------------------------------------------------------------------
                         slack                                  7.318    

Slack (MET) :             7.326ns  (required time - arrival time)
  Source:                 Imp2/counter_reg[1]/C
                            (rising edge-triggered cell FDRE clocked by sys_clk_pin  {rise@0.000ns fall@5.000ns period=10.000ns})
  Destination:            Imp2/counter_reg[23]/D
                            (rising edge-triggered cell FDRE clocked by sys_clk_pin  {rise@0.000ns fall@5.000ns period=10.000ns})
  Path Group:             sys_clk_pin
  Path Type:              Setup (Max at Slow Process Corner)
  Requirement:            10.000ns  (sys_clk_pin rise@10.000ns - sys_clk_pin rise@0.000ns)
  Data Path Delay:        2.725ns  (logic 1.958ns (71.856%)  route 0.767ns (28.144%))
  Logic Levels:           6  (CARRY4=6)
  Clock Path Skew:        -0.023ns (DCD - SCD + CPR)
    Destination Clock Delay (DCD):    4.785ns = ( 14.785 - 10.000 ) 
    Source Clock Delay      (SCD):    5.083ns
    Clock Pessimism Removal (CPR):    0.275ns
  Clock Uncertainty:      0.035ns  ((TSJ^2 + TIJ^2)^1/2 + DJ) / 2 + PE
    Total System Jitter     (TSJ):    0.071ns
    Total Input Jitter      (TIJ):    0.000ns
    Discrete Jitter          (DJ):    0.000ns
    Phase Error              (PE):    0.000ns

    Location             Delay type                Incr(ns)  Path(ns)    Netlist Resource(s)
  -------------------------------------------------------------------    -------------------
                         (clock sys_clk_pin rise edge)
                                                      0.000     0.000 r  
    W5                                                0.000     0.000 r  clk (IN)
                         net (fo=0)                   0.000     0.000    clk
    W5                   IBUF (Prop_ibuf_I_O)         1.458     1.458 r  clk_IBUF_inst/O
                         net (fo=1, routed)           1.967     3.425    clk_IBUF
    BUFGCTRL_X0Y1        BUFG (Prop_bufg_I_O)         0.096     3.521 r  clk_IBUF_BUFG_inst/O
                         net (fo=46, routed)          1.562     5.083    Imp2/clk_IBUF_BUFG
    SLICE_X34Y40         FDRE                                         r  Imp2/counter_reg[1]/C
  -------------------------------------------------------------------    -------------------
    SLICE_X34Y40         FDRE (Prop_fdre_C_Q)         0.518     5.601 r  Imp2/counter_reg[1]/Q
                         net (fo=1, routed)           0.767     6.368    Imp2/counter_reg_n_0_[1]
    SLICE_X34Y40         CARRY4 (Prop_carry4_S[1]_CO[3])
                                                      0.657     7.025 r  Imp2/counter_reg[0]_i_1/CO[3]
                         net (fo=1, routed)           0.000     7.025    Imp2/counter_reg[0]_i_1_n_0
    SLICE_X34Y41         CARRY4 (Prop_carry4_CI_CO[3])
                                                      0.117     7.142 r  Imp2/counter_reg[4]_i_1/CO[3]
                         net (fo=1, routed)           0.000     7.142    Imp2/counter_reg[4]_i_1_n_0
    SLICE_X34Y42         CARRY4 (Prop_carry4_CI_CO[3])
                                                      0.117     7.259 r  Imp2/counter_reg[8]_i_1/CO[3]
                         net (fo=1, routed)           0.000     7.259    Imp2/counter_reg[8]_i_1_n_0
    SLICE_X34Y43         CARRY4 (Prop_carry4_CI_CO[3])
                                                      0.117     7.376 r  Imp2/counter_reg[12]_i_1/CO[3]
                         net (fo=1, routed)           0.000     7.376    Imp2/counter_reg[12]_i_1_n_0
    SLICE_X34Y44         CARRY4 (Prop_carry4_CI_CO[3])
                                                      0.117     7.493 r  Imp2/counter_reg[16]_i_1/CO[3]
                         net (fo=1, routed)           0.000     7.493    Imp2/counter_reg[16]_i_1_n_0
    SLICE_X34Y45         CARRY4 (Prop_carry4_CI_O[3])
                                                      0.315     7.808 r  Imp2/counter_reg[20]_i_1/O[3]
                         net (fo=1, routed)           0.000     7.808    Imp2/counter_reg[20]_i_1_n_4
    SLICE_X34Y45         FDRE                                         r  Imp2/counter_reg[23]/D
  -------------------------------------------------------------------    -------------------

                         (clock sys_clk_pin rise edge)
                                                     10.000    10.000 r  
    W5                                                0.000    10.000 r  clk (IN)
                         net (fo=0)                   0.000    10.000    clk
    W5                   IBUF (Prop_ibuf_I_O)         1.388    11.388 r  clk_IBUF_inst/O
                         net (fo=1, routed)           1.862    13.250    clk_IBUF
    BUFGCTRL_X0Y1        BUFG (Prop_bufg_I_O)         0.091    13.341 r  clk_IBUF_BUFG_inst/O
                         net (fo=46, routed)          1.444    14.785    Imp2/clk_IBUF_BUFG
    SLICE_X34Y45         FDRE                                         r  Imp2/counter_reg[23]/C
                         clock pessimism              0.275    15.060    
                         clock uncertainty           -0.035    15.025    
    SLICE_X34Y45         FDRE (Setup_fdre_C_D)        0.109    15.134    Imp2/counter_reg[23]
  -------------------------------------------------------------------
                         required time                         15.134    
                         arrival time                          -7.808    
  -------------------------------------------------------------------
                         slack                                  7.326    

Slack (MET) :             7.402ns  (required time - arrival time)
  Source:                 Imp2/counter_reg[1]/C
                            (rising edge-triggered cell FDRE clocked by sys_clk_pin  {rise@0.000ns fall@5.000ns period=10.000ns})
  Destination:            Imp2/counter_reg[22]/D
                            (rising edge-triggered cell FDRE clocked by sys_clk_pin  {rise@0.000ns fall@5.000ns period=10.000ns})
  Path Group:             sys_clk_pin
  Path Type:              Setup (Max at Slow Process Corner)
  Requirement:            10.000ns  (sys_clk_pin rise@10.000ns - sys_clk_pin rise@0.000ns)
  Data Path Delay:        2.649ns  (logic 1.882ns (71.049%)  route 0.767ns (28.951%))
  Logic Levels:           6  (CARRY4=6)
  Clock Path Skew:        -0.023ns (DCD - SCD + CPR)
    Destination Clock Delay (DCD):    4.785ns = ( 14.785 - 10.000 ) 
    Source Clock Delay      (SCD):    5.083ns
    Clock Pessimism Removal (CPR):    0.275ns
  Clock Uncertainty:      0.035ns  ((TSJ^2 + TIJ^2)^1/2 + DJ) / 2 + PE
    Total System Jitter     (TSJ):    0.071ns
    Total Input Jitter      (TIJ):    0.000ns
    Discrete Jitter          (DJ):    0.000ns
    Phase Error              (PE):    0.000ns

    Location             Delay type                Incr(ns)  Path(ns)    Netlist Resource(s)
  -------------------------------------------------------------------    -------------------
                         (clock sys_clk_pin rise edge)
                                                      0.000     0.000 r  
    W5                                                0.000     0.000 r  clk (IN)
                         net (fo=0)                   0.000     0.000    clk
    W5                   IBUF (Prop_ibuf_I_O)         1.458     1.458 r  clk_IBUF_inst/O
                         net (fo=1, routed)           1.967     3.425    clk_IBUF
    BUFGCTRL_X0Y1        BUFG (Prop_bufg_I_O)         0.096     3.521 r  clk_IBUF_BUFG_inst/O
                         net (fo=46, routed)          1.562     5.083    Imp2/clk_IBUF_BUFG
    SLICE_X34Y40         FDRE                                         r  Imp2/counter_reg[1]/C
  -------------------------------------------------------------------    -------------------
    SLICE_X34Y40         FDRE (Prop_fdre_C_Q)         0.518     5.601 r  Imp2/counter_reg[1]/Q
                         net (fo=1, routed)           0.767     6.368    Imp2/counter_reg_n_0_[1]
    SLICE_X34Y40         CARRY4 (Prop_carry4_S[1]_CO[3])
                                                      0.657     7.025 r  Imp2/counter_reg[0]_i_1/CO[3]
                         net (fo=1, routed)           0.000     7.025    Imp2/counter_reg[0]_i_1_n_0
    SLICE_X34Y41         CARRY4 (Prop_carry4_CI_CO[3])
                                                      0.117     7.142 r  Imp2/counter_reg[4]_i_1/CO[3]
                         net (fo=1, routed)           0.000     7.142    Imp2/counter_reg[4]_i_1_n_0
    SLICE_X34Y42         CARRY4 (Prop_carry4_CI_CO[3])
                                                      0.117     7.259 r  Imp2/counter_reg[8]_i_1/CO[3]
                         net (fo=1, routed)           0.000     7.259    Imp2/counter_reg[8]_i_1_n_0
    SLICE_X34Y43         CARRY4 (Prop_carry4_CI_CO[3])
                                                      0.117     7.376 r  Imp2/counter_reg[12]_i_1/CO[3]
                         net (fo=1, routed)           0.000     7.376    Imp2/counter_reg[12]_i_1_n_0
    SLICE_X34Y44         CARRY4 (Prop_carry4_CI_CO[3])
                                                      0.117     7.493 r  Imp2/counter_reg[16]_i_1/CO[3]
                         net (fo=1, routed)           0.000     7.493    Imp2/counter_reg[16]_i_1_n_0
    SLICE_X34Y45         CARRY4 (Prop_carry4_CI_O[2])
                                                      0.239     7.732 r  Imp2/counter_reg[20]_i_1/O[2]
                         net (fo=1, routed)           0.000     7.732    Imp2/counter_reg[20]_i_1_n_5
    SLICE_X34Y45         FDRE                                         r  Imp2/counter_reg[22]/D
  -------------------------------------------------------------------    -------------------

                         (clock sys_clk_pin rise edge)
                                                     10.000    10.000 r  
    W5                                                0.000    10.000 r  clk (IN)
                         net (fo=0)                   0.000    10.000    clk
    W5                   IBUF (Prop_ibuf_I_O)         1.388    11.388 r  clk_IBUF_inst/O
                         net (fo=1, routed)           1.862    13.250    clk_IBUF
    BUFGCTRL_X0Y1        BUFG (Prop_bufg_I_O)         0.091    13.341 r  clk_IBUF_BUFG_inst/O
                         net (fo=46, routed)          1.444    14.785    Imp2/clk_IBUF_BUFG
    SLICE_X34Y45         FDRE                                         r  Imp2/counter_reg[22]/C
                         clock pessimism              0.275    15.060    
                         clock uncertainty           -0.035    15.025    
    SLICE_X34Y45         FDRE (Setup_fdre_C_D)        0.109    15.134    Imp2/counter_reg[22]
  -------------------------------------------------------------------
                         required time                         15.134    
                         arrival time                          -7.732    
  -------------------------------------------------------------------
                         slack                                  7.402    

Slack (MET) :             7.422ns  (required time - arrival time)
  Source:                 Imp2/counter_reg[1]/C
                            (rising edge-triggered cell FDRE clocked by sys_clk_pin  {rise@0.000ns fall@5.000ns period=10.000ns})
  Destination:            Imp2/counter_reg[20]/D
                            (rising edge-triggered cell FDRE clocked by sys_clk_pin  {rise@0.000ns fall@5.000ns period=10.000ns})
  Path Group:             sys_clk_pin
  Path Type:              Setup (Max at Slow Process Corner)
  Requirement:            10.000ns  (sys_clk_pin rise@10.000ns - sys_clk_pin rise@0.000ns)
  Data Path Delay:        2.629ns  (logic 1.862ns (70.829%)  route 0.767ns (29.171%))
  Logic Levels:           6  (CARRY4=6)
  Clock Path Skew:        -0.023ns (DCD - SCD + CPR)
    Destination Clock Delay (DCD):    4.785ns = ( 14.785 - 10.000 ) 
    Source Clock Delay      (SCD):    5.083ns
    Clock Pessimism Removal (CPR):    0.275ns
  Clock Uncertainty:      0.035ns  ((TSJ^2 + TIJ^2)^1/2 + DJ) / 2 + PE
    Total System Jitter     (TSJ):    0.071ns
    Total Input Jitter      (TIJ):    0.000ns
    Discrete Jitter          (DJ):    0.000ns
    Phase Error              (PE):    0.000ns

    Location             Delay type                Incr(ns)  Path(ns)    Netlist Resource(s)
  -------------------------------------------------------------------    -------------------
                         (clock sys_clk_pin rise edge)
                                                      0.000     0.000 r  
    W5                                                0.000     0.000 r  clk (IN)
                         net (fo=0)                   0.000     0.000    clk
    W5                   IBUF (Prop_ibuf_I_O)         1.458     1.458 r  clk_IBUF_inst/O
                         net (fo=1, routed)           1.967     3.425    clk_IBUF
    BUFGCTRL_X0Y1        BUFG (Prop_bufg_I_O)         0.096     3.521 r  clk_IBUF_BUFG_inst/O
                         net (fo=46, routed)          1.562     5.083    Imp2/clk_IBUF_BUFG
    SLICE_X34Y40         FDRE                                         r  Imp2/counter_reg[1]/C
  -------------------------------------------------------------------    -------------------
    SLICE_X34Y40         FDRE (Prop_fdre_C_Q)         0.518     5.601 r  Imp2/counter_reg[1]/Q
                         net (fo=1, routed)           0.767     6.368    Imp2/counter_reg_n_0_[1]
    SLICE_X34Y40         CARRY4 (Prop_carry4_S[1]_CO[3])
                                                      0.657     7.025 r  Imp2/counter_reg[0]_i_1/CO[3]
                         net (fo=1, routed)           0.000     7.025    Imp2/counter_reg[0]_i_1_n_0
    SLICE_X34Y41         CARRY4 (Prop_carry4_CI_CO[3])
                                                      0.117     7.142 r  Imp2/counter_reg[4]_i_1/CO[3]
                         net (fo=1, routed)           0.000     7.142    Imp2/counter_reg[4]_i_1_n_0
    SLICE_X34Y42         CARRY4 (Prop_carry4_CI_CO[3])
                                                      0.117     7.259 r  Imp2/counter_reg[8]_i_1/CO[3]
                         net (fo=1, routed)           0.000     7.259    Imp2/counter_reg[8]_i_1_n_0
    SLICE_X34Y43         CARRY4 (Prop_carry4_CI_CO[3])
                                                      0.117     7.376 r  Imp2/counter_reg[12]_i_1/CO[3]
                         net (fo=1, routed)           0.000     7.376    Imp2/counter_reg[12]_i_1_n_0
    SLICE_X34Y44         CARRY4 (Prop_carry4_CI_CO[3])
                                                      0.117     7.493 r  Imp2/counter_reg[16]_i_1/CO[3]
                         net (fo=1, routed)           0.000     7.493    Imp2/counter_reg[16]_i_1_n_0
    SLICE_X34Y45         CARRY4 (Prop_carry4_CI_O[0])
                                                      0.219     7.712 r  Imp2/counter_reg[20]_i_1/O[0]
                         net (fo=1, routed)           0.000     7.712    Imp2/counter_reg[20]_i_1_n_7
    SLICE_X34Y45         FDRE                                         r  Imp2/counter_reg[20]/D
  -------------------------------------------------------------------    -------------------

                         (clock sys_clk_pin rise edge)
                                                     10.000    10.000 r  
    W5                                                0.000    10.000 r  clk (IN)
                         net (fo=0)                   0.000    10.000    clk
    W5                   IBUF (Prop_ibuf_I_O)         1.388    11.388 r  clk_IBUF_inst/O
                         net (fo=1, routed)           1.862    13.250    clk_IBUF
    BUFGCTRL_X0Y1        BUFG (Prop_bufg_I_O)         0.091    13.341 r  clk_IBUF_BUFG_inst/O
                         net (fo=46, routed)          1.444    14.785    Imp2/clk_IBUF_BUFG
    SLICE_X34Y45         FDRE                                         r  Imp2/counter_reg[20]/C
                         clock pessimism              0.275    15.060    
                         clock uncertainty           -0.035    15.025    
    SLICE_X34Y45         FDRE (Setup_fdre_C_D)        0.109    15.134    Imp2/counter_reg[20]
  -------------------------------------------------------------------
                         required time                         15.134    
                         arrival time                          -7.712    
  -------------------------------------------------------------------
                         slack                                  7.422    

Slack (MET) :             7.435ns  (required time - arrival time)
  Source:                 Imp2/counter_reg[1]/C
                            (rising edge-triggered cell FDRE clocked by sys_clk_pin  {rise@0.000ns fall@5.000ns period=10.000ns})
  Destination:            Imp2/counter_reg[17]/D
                            (rising edge-triggered cell FDRE clocked by sys_clk_pin  {rise@0.000ns fall@5.000ns period=10.000ns})
  Path Group:             sys_clk_pin
  Path Type:              Setup (Max at Slow Process Corner)
  Requirement:            10.000ns  (sys_clk_pin rise@10.000ns - sys_clk_pin rise@0.000ns)
  Data Path Delay:        2.616ns  (logic 1.849ns (70.684%)  route 0.767ns (29.316%))
  Logic Levels:           5  (CARRY4=5)
  Clock Path Skew:        -0.023ns (DCD - SCD + CPR)
    Destination Clock Delay (DCD):    4.785ns = ( 14.785 - 10.000 ) 
    Source Clock Delay      (SCD):    5.083ns
    Clock Pessimism Removal (CPR):    0.275ns
  Clock Uncertainty:      0.035ns  ((TSJ^2 + TIJ^2)^1/2 + DJ) / 2 + PE
    Total System Jitter     (TSJ):    0.071ns
    Total Input Jitter      (TIJ):    0.000ns
    Discrete Jitter          (DJ):    0.000ns
    Phase Error              (PE):    0.000ns

    Location             Delay type                Incr(ns)  Path(ns)    Netlist Resource(s)
  -------------------------------------------------------------------    -------------------
                         (clock sys_clk_pin rise edge)
                                                      0.000     0.000 r  
    W5                                                0.000     0.000 r  clk (IN)
                         net (fo=0)                   0.000     0.000    clk
    W5                   IBUF (Prop_ibuf_I_O)         1.458     1.458 r  clk_IBUF_inst/O
                         net (fo=1, routed)           1.967     3.425    clk_IBUF
    BUFGCTRL_X0Y1        BUFG (Prop_bufg_I_O)         0.096     3.521 r  clk_IBUF_BUFG_inst/O
                         net (fo=46, routed)          1.562     5.083    Imp2/clk_IBUF_BUFG
    SLICE_X34Y40         FDRE                                         r  Imp2/counter_reg[1]/C
  -------------------------------------------------------------------    -------------------
    SLICE_X34Y40         FDRE (Prop_fdre_C_Q)         0.518     5.601 r  Imp2/counter_reg[1]/Q
                         net (fo=1, routed)           0.767     6.368    Imp2/counter_reg_n_0_[1]
    SLICE_X34Y40         CARRY4 (Prop_carry4_S[1]_CO[3])
                                                      0.657     7.025 r  Imp2/counter_reg[0]_i_1/CO[3]
                         net (fo=1, routed)           0.000     7.025    Imp2/counter_reg[0]_i_1_n_0
    SLICE_X34Y41         CARRY4 (Prop_carry4_CI_CO[3])
                                                      0.117     7.142 r  Imp2/counter_reg[4]_i_1/CO[3]
                         net (fo=1, routed)           0.000     7.142    Imp2/counter_reg[4]_i_1_n_0
    SLICE_X34Y42         CARRY4 (Prop_carry4_CI_CO[3])
                                                      0.117     7.259 r  Imp2/counter_reg[8]_i_1/CO[3]
                         net (fo=1, routed)           0.000     7.259    Imp2/counter_reg[8]_i_1_n_0
    SLICE_X34Y43         CARRY4 (Prop_carry4_CI_CO[3])
                                                      0.117     7.376 r  Imp2/counter_reg[12]_i_1/CO[3]
                         net (fo=1, routed)           0.000     7.376    Imp2/counter_reg[12]_i_1_n_0
    SLICE_X34Y44         CARRY4 (Prop_carry4_CI_O[1])
                                                      0.323     7.699 r  Imp2/counter_reg[16]_i_1/O[1]
                         net (fo=1, routed)           0.000     7.699    Imp2/counter_reg[16]_i_1_n_6
    SLICE_X34Y44         FDRE                                         r  Imp2/counter_reg[17]/D
  -------------------------------------------------------------------    -------------------

                         (clock sys_clk_pin rise edge)
                                                     10.000    10.000 r  
    W5                                                0.000    10.000 r  clk (IN)
                         net (fo=0)                   0.000    10.000    clk
    W5                   IBUF (Prop_ibuf_I_O)         1.388    11.388 r  clk_IBUF_inst/O
                         net (fo=1, routed)           1.862    13.250    clk_IBUF
    BUFGCTRL_X0Y1        BUFG (Prop_bufg_I_O)         0.091    13.341 r  clk_IBUF_BUFG_inst/O
                         net (fo=46, routed)          1.444    14.785    Imp2/clk_IBUF_BUFG
    SLICE_X34Y44         FDRE                                         r  Imp2/counter_reg[17]/C
                         clock pessimism              0.275    15.060    
                         clock uncertainty           -0.035    15.025    
    SLICE_X34Y44         FDRE (Setup_fdre_C_D)        0.109    15.134    Imp2/counter_reg[17]
  -------------------------------------------------------------------
                         required time                         15.134    
                         arrival time                          -7.699    
  -------------------------------------------------------------------
                         slack                                  7.435    

Slack (MET) :             7.443ns  (required time - arrival time)
  Source:                 Imp2/counter_reg[1]/C
                            (rising edge-triggered cell FDRE clocked by sys_clk_pin  {rise@0.000ns fall@5.000ns period=10.000ns})
  Destination:            Imp2/counter_reg[19]/D
                            (rising edge-triggered cell FDRE clocked by sys_clk_pin  {rise@0.000ns fall@5.000ns period=10.000ns})
  Path Group:             sys_clk_pin
  Path Type:              Setup (Max at Slow Process Corner)
  Requirement:            10.000ns  (sys_clk_pin rise@10.000ns - sys_clk_pin rise@0.000ns)
  Data Path Delay:        2.608ns  (logic 1.841ns (70.594%)  route 0.767ns (29.406%))
  Logic Levels:           5  (CARRY4=5)
  Clock Path Skew:        -0.023ns (DCD - SCD + CPR)
    Destination Clock Delay (DCD):    4.785ns = ( 14.785 - 10.000 ) 
    Source Clock Delay      (SCD):    5.083ns
    Clock Pessimism Removal (CPR):    0.275ns
  Clock Uncertainty:      0.035ns  ((TSJ^2 + TIJ^2)^1/2 + DJ) / 2 + PE
    Total System Jitter     (TSJ):    0.071ns
    Total Input Jitter      (TIJ):    0.000ns
    Discrete Jitter          (DJ):    0.000ns
    Phase Error              (PE):    0.000ns

    Location             Delay type                Incr(ns)  Path(ns)    Netlist Resource(s)
  -------------------------------------------------------------------    -------------------
                         (clock sys_clk_pin rise edge)
                                                      0.000     0.000 r  
    W5                                                0.000     0.000 r  clk (IN)
                         net (fo=0)                   0.000     0.000    clk
    W5                   IBUF (Prop_ibuf_I_O)         1.458     1.458 r  clk_IBUF_inst/O
                         net (fo=1, routed)           1.967     3.425    clk_IBUF
    BUFGCTRL_X0Y1        BUFG (Prop_bufg_I_O)         0.096     3.521 r  clk_IBUF_BUFG_inst/O
                         net (fo=46, routed)          1.562     5.083    Imp2/clk_IBUF_BUFG
    SLICE_X34Y40         FDRE                                         r  Imp2/counter_reg[1]/C
  -------------------------------------------------------------------    -------------------
    SLICE_X34Y40         FDRE (Prop_fdre_C_Q)         0.518     5.601 r  Imp2/counter_reg[1]/Q
                         net (fo=1, routed)           0.767     6.368    Imp2/counter_reg_n_0_[1]
    SLICE_X34Y40         CARRY4 (Prop_carry4_S[1]_CO[3])
                                                      0.657     7.025 r  Imp2/counter_reg[0]_i_1/CO[3]
                         net (fo=1, routed)           0.000     7.025    Imp2/counter_reg[0]_i_1_n_0
    SLICE_X34Y41         CARRY4 (Prop_carry4_CI_CO[3])
                                                      0.117     7.142 r  Imp2/counter_reg[4]_i_1/CO[3]
                         net (fo=1, routed)           0.000     7.142    Imp2/counter_reg[4]_i_1_n_0
    SLICE_X34Y42         CARRY4 (Prop_carry4_CI_CO[3])
                                                      0.117     7.259 r  Imp2/counter_reg[8]_i_1/CO[3]
                         net (fo=1, routed)           0.000     7.259    Imp2/counter_reg[8]_i_1_n_0
    SLICE_X34Y43         CARRY4 (Prop_carry4_CI_CO[3])
                                                      0.117     7.376 r  Imp2/counter_reg[12]_i_1/CO[3]
                         net (fo=1, routed)           0.000     7.376    Imp2/counter_reg[12]_i_1_n_0
    SLICE_X34Y44         CARRY4 (Prop_carry4_CI_O[3])
                                                      0.315     7.691 r  Imp2/counter_reg[16]_i_1/O[3]
                         net (fo=1, routed)           0.000     7.691    Imp2/counter_reg[16]_i_1_n_4
    SLICE_X34Y44         FDRE                                         r  Imp2/counter_reg[19]/D
  -------------------------------------------------------------------    -------------------

                         (clock sys_clk_pin rise edge)
                                                     10.000    10.000 r  
    W5                                                0.000    10.000 r  clk (IN)
                         net (fo=0)                   0.000    10.000    clk
    W5                   IBUF (Prop_ibuf_I_O)         1.388    11.388 r  clk_IBUF_inst/O
                         net (fo=1, routed)           1.862    13.250    clk_IBUF
    BUFGCTRL_X0Y1        BUFG (Prop_bufg_I_O)         0.091    13.341 r  clk_IBUF_BUFG_inst/O
                         net (fo=46, routed)          1.444    14.785    Imp2/clk_IBUF_BUFG
    SLICE_X34Y44         FDRE                                         r  Imp2/counter_reg[19]/C
                         clock pessimism              0.275    15.060    
                         clock uncertainty           -0.035    15.025    
    SLICE_X34Y44         FDRE (Setup_fdre_C_D)        0.109    15.134    Imp2/counter_reg[19]
  -------------------------------------------------------------------
                         required time                         15.134    
                         arrival time                          -7.691    
  -------------------------------------------------------------------
                         slack                                  7.443    

Slack (MET) :             7.491ns  (required time - arrival time)
  Source:                 Imp3/count_reg[1]/C
                            (rising edge-triggered cell FDRE clocked by sys_clk_pin  {rise@0.000ns fall@5.000ns period=10.000ns})
  Destination:            Imp3/count_reg[17]/D
                            (rising edge-triggered cell FDRE clocked by sys_clk_pin  {rise@0.000ns fall@5.000ns period=10.000ns})
  Path Group:             sys_clk_pin
  Path Type:              Setup (Max at Slow Process Corner)
  Requirement:            10.000ns  (sys_clk_pin rise@10.000ns - sys_clk_pin rise@0.000ns)
  Data Path Delay:        2.518ns  (logic 1.806ns (71.723%)  route 0.712ns (28.277%))
  Logic Levels:           5  (CARRY4=5)
  Clock Path Skew:        -0.018ns (DCD - SCD + CPR)
    Destination Clock Delay (DCD):    4.848ns = ( 14.848 - 10.000 ) 
    Source Clock Delay      (SCD):    5.140ns
    Clock Pessimism Removal (CPR):    0.274ns
  Clock Uncertainty:      0.035ns  ((TSJ^2 + TIJ^2)^1/2 + DJ) / 2 + PE
    Total System Jitter     (TSJ):    0.071ns
    Total Input Jitter      (TIJ):    0.000ns
    Discrete Jitter          (DJ):    0.000ns
    Phase Error              (PE):    0.000ns

    Location             Delay type                Incr(ns)  Path(ns)    Netlist Resource(s)
  -------------------------------------------------------------------    -------------------
                         (clock sys_clk_pin rise edge)
                                                      0.000     0.000 r  
    W5                                                0.000     0.000 r  clk (IN)
                         net (fo=0)                   0.000     0.000    clk
    W5                   IBUF (Prop_ibuf_I_O)         1.458     1.458 r  clk_IBUF_inst/O
                         net (fo=1, routed)           1.967     3.425    clk_IBUF
    BUFGCTRL_X0Y1        BUFG (Prop_bufg_I_O)         0.096     3.521 r  clk_IBUF_BUFG_inst/O
                         net (fo=46, routed)          1.619     5.140    Imp3/clk_IBUF_BUFG
    SLICE_X58Y26         FDRE                                         r  Imp3/count_reg[1]/C
  -------------------------------------------------------------------    -------------------
    SLICE_X58Y26         FDRE (Prop_fdre_C_Q)         0.456     5.596 r  Imp3/count_reg[1]/Q
                         net (fo=1, routed)           0.712     6.308    Imp3/count_reg_n_0_[1]
    SLICE_X58Y26         CARRY4 (Prop_carry4_S[1]_CO[3])
                                                      0.674     6.982 r  Imp3/count_reg[0]_i_1/CO[3]
                         net (fo=1, routed)           0.000     6.982    Imp3/count_reg[0]_i_1_n_0
    SLICE_X58Y27         CARRY4 (Prop_carry4_CI_CO[3])
                                                      0.114     7.096 r  Imp3/count_reg[4]_i_1/CO[3]
                         net (fo=1, routed)           0.000     7.096    Imp3/count_reg[4]_i_1_n_0
    SLICE_X58Y28         CARRY4 (Prop_carry4_CI_CO[3])
                                                      0.114     7.210 r  Imp3/count_reg[8]_i_1/CO[3]
                         net (fo=1, routed)           0.000     7.210    Imp3/count_reg[8]_i_1_n_0
    SLICE_X58Y29         CARRY4 (Prop_carry4_CI_CO[3])
                                                      0.114     7.324 r  Imp3/count_reg[12]_i_1/CO[3]
                         net (fo=1, routed)           0.000     7.324    Imp3/count_reg[12]_i_1_n_0
    SLICE_X58Y30         CARRY4 (Prop_carry4_CI_O[1])
                                                      0.334     7.658 r  Imp3/count_reg[16]_i_1/O[1]
                         net (fo=1, routed)           0.000     7.658    Imp3/count_reg[16]_i_1_n_6
    SLICE_X58Y30         FDRE                                         r  Imp3/count_reg[17]/D
  -------------------------------------------------------------------    -------------------

                         (clock sys_clk_pin rise edge)
                                                     10.000    10.000 r  
    W5                                                0.000    10.000 r  clk (IN)
                         net (fo=0)                   0.000    10.000    clk
    W5                   IBUF (Prop_ibuf_I_O)         1.388    11.388 r  clk_IBUF_inst/O
                         net (fo=1, routed)           1.862    13.250    clk_IBUF
    BUFGCTRL_X0Y1        BUFG (Prop_bufg_I_O)         0.091    13.341 r  clk_IBUF_BUFG_inst/O
                         net (fo=46, routed)          1.507    14.848    Imp3/clk_IBUF_BUFG
    SLICE_X58Y30         FDRE                                         r  Imp3/count_reg[17]/C
                         clock pessimism              0.274    15.122    
                         clock uncertainty           -0.035    15.087    
    SLICE_X58Y30         FDRE (Setup_fdre_C_D)        0.062    15.149    Imp3/count_reg[17]
  -------------------------------------------------------------------
                         required time                         15.149    
                         arrival time                          -7.658    
  -------------------------------------------------------------------
                         slack                                  7.491    

Slack (MET) :             7.512ns  (required time - arrival time)
  Source:                 Imp3/count_reg[1]/C
                            (rising edge-triggered cell FDRE clocked by sys_clk_pin  {rise@0.000ns fall@5.000ns period=10.000ns})
  Destination:            Imp3/count_reg[19]/D
                            (rising edge-triggered cell FDRE clocked by sys_clk_pin  {rise@0.000ns fall@5.000ns period=10.000ns})
  Path Group:             sys_clk_pin
  Path Type:              Setup (Max at Slow Process Corner)
  Requirement:            10.000ns  (sys_clk_pin rise@10.000ns - sys_clk_pin rise@0.000ns)
  Data Path Delay:        2.497ns  (logic 1.785ns (71.486%)  route 0.712ns (28.514%))
  Logic Levels:           5  (CARRY4=5)
  Clock Path Skew:        -0.018ns (DCD - SCD + CPR)
    Destination Clock Delay (DCD):    4.848ns = ( 14.848 - 10.000 ) 
    Source Clock Delay      (SCD):    5.140ns
    Clock Pessimism Removal (CPR):    0.274ns
  Clock Uncertainty:      0.035ns  ((TSJ^2 + TIJ^2)^1/2 + DJ) / 2 + PE
    Total System Jitter     (TSJ):    0.071ns
    Total Input Jitter      (TIJ):    0.000ns
    Discrete Jitter          (DJ):    0.000ns
    Phase Error              (PE):    0.000ns

    Location             Delay type                Incr(ns)  Path(ns)    Netlist Resource(s)
  -------------------------------------------------------------------    -------------------
                         (clock sys_clk_pin rise edge)
                                                      0.000     0.000 r  
    W5                                                0.000     0.000 r  clk (IN)
                         net (fo=0)                   0.000     0.000    clk
    W5                   IBUF (Prop_ibuf_I_O)         1.458     1.458 r  clk_IBUF_inst/O
                         net (fo=1, routed)           1.967     3.425    clk_IBUF
    BUFGCTRL_X0Y1        BUFG (Prop_bufg_I_O)         0.096     3.521 r  clk_IBUF_BUFG_inst/O
                         net (fo=46, routed)          1.619     5.140    Imp3/clk_IBUF_BUFG
    SLICE_X58Y26         FDRE                                         r  Imp3/count_reg[1]/C
  -------------------------------------------------------------------    -------------------
    SLICE_X58Y26         FDRE (Prop_fdre_C_Q)         0.456     5.596 r  Imp3/count_reg[1]/Q
                         net (fo=1, routed)           0.712     6.308    Imp3/count_reg_n_0_[1]
    SLICE_X58Y26         CARRY4 (Prop_carry4_S[1]_CO[3])
                                                      0.674     6.982 r  Imp3/count_reg[0]_i_1/CO[3]
                         net (fo=1, routed)           0.000     6.982    Imp3/count_reg[0]_i_1_n_0
    SLICE_X58Y27         CARRY4 (Prop_carry4_CI_CO[3])
                                                      0.114     7.096 r  Imp3/count_reg[4]_i_1/CO[3]
                         net (fo=1, routed)           0.000     7.096    Imp3/count_reg[4]_i_1_n_0
    SLICE_X58Y28         CARRY4 (Prop_carry4_CI_CO[3])
                                                      0.114     7.210 r  Imp3/count_reg[8]_i_1/CO[3]
                         net (fo=1, routed)           0.000     7.210    Imp3/count_reg[8]_i_1_n_0
    SLICE_X58Y29         CARRY4 (Prop_carry4_CI_CO[3])
                                                      0.114     7.324 r  Imp3/count_reg[12]_i_1/CO[3]
                         net (fo=1, routed)           0.000     7.324    Imp3/count_reg[12]_i_1_n_0
    SLICE_X58Y30         CARRY4 (Prop_carry4_CI_O[3])
                                                      0.313     7.637 r  Imp3/count_reg[16]_i_1/O[3]
                         net (fo=1, routed)           0.000     7.637    Imp3/count_reg[16]_i_1_n_4
    SLICE_X58Y30         FDRE                                         r  Imp3/count_reg[19]/D
  -------------------------------------------------------------------    -------------------

                         (clock sys_clk_pin rise edge)
                                                     10.000    10.000 r  
    W5                                                0.000    10.000 r  clk (IN)
                         net (fo=0)                   0.000    10.000    clk
    W5                   IBUF (Prop_ibuf_I_O)         1.388    11.388 r  clk_IBUF_inst/O
                         net (fo=1, routed)           1.862    13.250    clk_IBUF
    BUFGCTRL_X0Y1        BUFG (Prop_bufg_I_O)         0.091    13.341 r  clk_IBUF_BUFG_inst/O
                         net (fo=46, routed)          1.507    14.848    Imp3/clk_IBUF_BUFG
    SLICE_X58Y30         FDRE                                         r  Imp3/count_reg[19]/C
                         clock pessimism              0.274    15.122    
                         clock uncertainty           -0.035    15.087    
    SLICE_X58Y30         FDRE (Setup_fdre_C_D)        0.062    15.149    Imp3/count_reg[19]
  -------------------------------------------------------------------
                         required time                         15.149    
                         arrival time                          -7.637    
  -------------------------------------------------------------------
                         slack                                  7.512    





Min Delay Paths
--------------------------------------------------------------------------------------
Slack (MET) :             0.308ns  (arrival time - required time)
  Source:                 Imp2/counter_reg[0]/C
                            (rising edge-triggered cell FDRE clocked by sys_clk_pin  {rise@0.000ns fall@5.000ns period=10.000ns})
  Destination:            Imp2/counter_reg[0]/D
                            (rising edge-triggered cell FDRE clocked by sys_clk_pin  {rise@0.000ns fall@5.000ns period=10.000ns})
  Path Group:             sys_clk_pin
  Path Type:              Hold (Min at Fast Process Corner)
  Requirement:            0.000ns  (sys_clk_pin rise@0.000ns - sys_clk_pin rise@0.000ns)
  Data Path Delay:        0.442ns  (logic 0.279ns (63.107%)  route 0.163ns (36.893%))
  Logic Levels:           2  (CARRY4=1 LUT1=1)
  Clock Path Skew:        0.000ns (DCD - SCD - CPR)
    Destination Clock Delay (DCD):    1.957ns
    Source Clock Delay      (SCD):    1.444ns
    Clock Pessimism Removal (CPR):    0.513ns

    Location             Delay type                Incr(ns)  Path(ns)    Netlist Resource(s)
  -------------------------------------------------------------------    -------------------
                         (clock sys_clk_pin rise edge)
                                                      0.000     0.000 r  
    W5                                                0.000     0.000 r  clk (IN)
                         net (fo=0)                   0.000     0.000    clk
    W5                   IBUF (Prop_ibuf_I_O)         0.226     0.226 r  clk_IBUF_inst/O
                         net (fo=1, routed)           0.631     0.858    clk_IBUF
    BUFGCTRL_X0Y1        BUFG (Prop_bufg_I_O)         0.026     0.884 r  clk_IBUF_BUFG_inst/O
                         net (fo=46, routed)          0.561     1.444    Imp2/clk_IBUF_BUFG
    SLICE_X34Y40         FDRE                                         r  Imp2/counter_reg[0]/C
  -------------------------------------------------------------------    -------------------
    SLICE_X34Y40         FDRE (Prop_fdre_C_Q)         0.164     1.608 f  Imp2/counter_reg[0]/Q
                         net (fo=1, routed)           0.163     1.771    Imp2/counter_reg_n_0_[0]
    SLICE_X34Y40         LUT1 (Prop_lut1_I0_O)        0.045     1.816 r  Imp2/counter[0]_i_2/O
                         net (fo=1, routed)           0.000     1.816    Imp2/counter[0]_i_2_n_0
    SLICE_X34Y40         CARRY4 (Prop_carry4_S[0]_O[0])
                                                      0.070     1.886 r  Imp2/counter_reg[0]_i_1/O[0]
                         net (fo=1, routed)           0.000     1.886    Imp2/counter_reg[0]_i_1_n_7
    SLICE_X34Y40         FDRE                                         r  Imp2/counter_reg[0]/D
  -------------------------------------------------------------------    -------------------

                         (clock sys_clk_pin rise edge)
                                                      0.000     0.000 r  
    W5                                                0.000     0.000 r  clk (IN)
                         net (fo=0)                   0.000     0.000    clk
    W5                   IBUF (Prop_ibuf_I_O)         0.414     0.414 r  clk_IBUF_inst/O
                         net (fo=1, routed)           0.685     1.099    clk_IBUF
    BUFGCTRL_X0Y1        BUFG (Prop_bufg_I_O)         0.029     1.128 r  clk_IBUF_BUFG_inst/O
                         net (fo=46, routed)          0.830     1.957    Imp2/clk_IBUF_BUFG
    SLICE_X34Y40         FDRE                                         r  Imp2/counter_reg[0]/C
                         clock pessimism             -0.513     1.444    
    SLICE_X34Y40         FDRE (Hold_fdre_C_D)         0.134     1.578    Imp2/counter_reg[0]
  -------------------------------------------------------------------
                         required time                         -1.578    
                         arrival time                           1.886    
  -------------------------------------------------------------------
                         slack                                  0.308    

Slack (MET) :             0.312ns  (arrival time - required time)
  Source:                 Imp2/counter_reg[11]/C
                            (rising edge-triggered cell FDRE clocked by sys_clk_pin  {rise@0.000ns fall@5.000ns period=10.000ns})
  Destination:            Imp2/counter_reg[11]/D
                            (rising edge-triggered cell FDRE clocked by sys_clk_pin  {rise@0.000ns fall@5.000ns period=10.000ns})
  Path Group:             sys_clk_pin
  Path Type:              Hold (Min at Fast Process Corner)
  Requirement:            0.000ns  (sys_clk_pin rise@0.000ns - sys_clk_pin rise@0.000ns)
  Data Path Delay:        0.446ns  (logic 0.273ns (61.259%)  route 0.173ns (38.741%))
  Logic Levels:           1  (CARRY4=1)
  Clock Path Skew:        0.000ns (DCD - SCD - CPR)
    Destination Clock Delay (DCD):    1.957ns
    Source Clock Delay      (SCD):    1.444ns
    Clock Pessimism Removal (CPR):    0.513ns

    Location             Delay type                Incr(ns)  Path(ns)    Netlist Resource(s)
  -------------------------------------------------------------------    -------------------
                         (clock sys_clk_pin rise edge)
                                                      0.000     0.000 r  
    W5                                                0.000     0.000 r  clk (IN)
                         net (fo=0)                   0.000     0.000    clk
    W5                   IBUF (Prop_ibuf_I_O)         0.226     0.226 r  clk_IBUF_inst/O
                         net (fo=1, routed)           0.631     0.858    clk_IBUF
    BUFGCTRL_X0Y1        BUFG (Prop_bufg_I_O)         0.026     0.884 r  clk_IBUF_BUFG_inst/O
                         net (fo=46, routed)          0.561     1.444    Imp2/clk_IBUF_BUFG
    SLICE_X34Y42         FDRE                                         r  Imp2/counter_reg[11]/C
  -------------------------------------------------------------------    -------------------
    SLICE_X34Y42         FDRE (Prop_fdre_C_Q)         0.164     1.608 r  Imp2/counter_reg[11]/Q
                         net (fo=1, routed)           0.173     1.781    Imp2/counter_reg_n_0_[11]
    SLICE_X34Y42         CARRY4 (Prop_carry4_S[3]_O[3])
                                                      0.109     1.890 r  Imp2/counter_reg[8]_i_1/O[3]
                         net (fo=1, routed)           0.000     1.890    Imp2/counter_reg[8]_i_1_n_4
    SLICE_X34Y42         FDRE                                         r  Imp2/counter_reg[11]/D
  -------------------------------------------------------------------    -------------------

                         (clock sys_clk_pin rise edge)
                                                      0.000     0.000 r  
    W5                                                0.000     0.000 r  clk (IN)
                         net (fo=0)                   0.000     0.000    clk
    W5                   IBUF (Prop_ibuf_I_O)         0.414     0.414 r  clk_IBUF_inst/O
                         net (fo=1, routed)           0.685     1.099    clk_IBUF
    BUFGCTRL_X0Y1        BUFG (Prop_bufg_I_O)         0.029     1.128 r  clk_IBUF_BUFG_inst/O
                         net (fo=46, routed)          0.830     1.957    Imp2/clk_IBUF_BUFG
    SLICE_X34Y42         FDRE                                         r  Imp2/counter_reg[11]/C
                         clock pessimism             -0.513     1.444    
    SLICE_X34Y42         FDRE (Hold_fdre_C_D)         0.134     1.578    Imp2/counter_reg[11]
  -------------------------------------------------------------------
                         required time                         -1.578    
                         arrival time                           1.890    
  -------------------------------------------------------------------
                         slack                                  0.312    

Slack (MET) :             0.312ns  (arrival time - required time)
  Source:                 Imp2/counter_reg[3]/C
                            (rising edge-triggered cell FDRE clocked by sys_clk_pin  {rise@0.000ns fall@5.000ns period=10.000ns})
  Destination:            Imp2/counter_reg[3]/D
                            (rising edge-triggered cell FDRE clocked by sys_clk_pin  {rise@0.000ns fall@5.000ns period=10.000ns})
  Path Group:             sys_clk_pin
  Path Type:              Hold (Min at Fast Process Corner)
  Requirement:            0.000ns  (sys_clk_pin rise@0.000ns - sys_clk_pin rise@0.000ns)
  Data Path Delay:        0.446ns  (logic 0.273ns (61.259%)  route 0.173ns (38.741%))
  Logic Levels:           1  (CARRY4=1)
  Clock Path Skew:        0.000ns (DCD - SCD - CPR)
    Destination Clock Delay (DCD):    1.957ns
    Source Clock Delay      (SCD):    1.444ns
    Clock Pessimism Removal (CPR):    0.513ns

    Location             Delay type                Incr(ns)  Path(ns)    Netlist Resource(s)
  -------------------------------------------------------------------    -------------------
                         (clock sys_clk_pin rise edge)
                                                      0.000     0.000 r  
    W5                                                0.000     0.000 r  clk (IN)
                         net (fo=0)                   0.000     0.000    clk
    W5                   IBUF (Prop_ibuf_I_O)         0.226     0.226 r  clk_IBUF_inst/O
                         net (fo=1, routed)           0.631     0.858    clk_IBUF
    BUFGCTRL_X0Y1        BUFG (Prop_bufg_I_O)         0.026     0.884 r  clk_IBUF_BUFG_inst/O
                         net (fo=46, routed)          0.561     1.444    Imp2/clk_IBUF_BUFG
    SLICE_X34Y40         FDRE                                         r  Imp2/counter_reg[3]/C
  -------------------------------------------------------------------    -------------------
    SLICE_X34Y40         FDRE (Prop_fdre_C_Q)         0.164     1.608 r  Imp2/counter_reg[3]/Q
                         net (fo=1, routed)           0.173     1.781    Imp2/counter_reg_n_0_[3]
    SLICE_X34Y40         CARRY4 (Prop_carry4_S[3]_O[3])
                                                      0.109     1.890 r  Imp2/counter_reg[0]_i_1/O[3]
                         net (fo=1, routed)           0.000     1.890    Imp2/counter_reg[0]_i_1_n_4
    SLICE_X34Y40         FDRE                                         r  Imp2/counter_reg[3]/D
  -------------------------------------------------------------------    -------------------

                         (clock sys_clk_pin rise edge)
                                                      0.000     0.000 r  
    W5                                                0.000     0.000 r  clk (IN)
                         net (fo=0)                   0.000     0.000    clk
    W5                   IBUF (Prop_ibuf_I_O)         0.414     0.414 r  clk_IBUF_inst/O
                         net (fo=1, routed)           0.685     1.099    clk_IBUF
    BUFGCTRL_X0Y1        BUFG (Prop_bufg_I_O)         0.029     1.128 r  clk_IBUF_BUFG_inst/O
                         net (fo=46, routed)          0.830     1.957    Imp2/clk_IBUF_BUFG
    SLICE_X34Y40         FDRE                                         r  Imp2/counter_reg[3]/C
                         clock pessimism             -0.513     1.444    
    SLICE_X34Y40         FDRE (Hold_fdre_C_D)         0.134     1.578    Imp2/counter_reg[3]
  -------------------------------------------------------------------
                         required time                         -1.578    
                         arrival time                           1.890    
  -------------------------------------------------------------------
                         slack                                  0.312    

Slack (MET) :             0.315ns  (arrival time - required time)
  Source:                 Imp2/counter_reg[12]/C
                            (rising edge-triggered cell FDRE clocked by sys_clk_pin  {rise@0.000ns fall@5.000ns period=10.000ns})
  Destination:            Imp2/counter_reg[12]/D
                            (rising edge-triggered cell FDRE clocked by sys_clk_pin  {rise@0.000ns fall@5.000ns period=10.000ns})
  Path Group:             sys_clk_pin
  Path Type:              Hold (Min at Fast Process Corner)
  Requirement:            0.000ns  (sys_clk_pin rise@0.000ns - sys_clk_pin rise@0.000ns)
  Data Path Delay:        0.449ns  (logic 0.279ns (62.071%)  route 0.170ns (37.929%))
  Logic Levels:           1  (CARRY4=1)
  Clock Path Skew:        0.000ns (DCD - SCD - CPR)
    Destination Clock Delay (DCD):    1.958ns
    Source Clock Delay      (SCD):    1.445ns
    Clock Pessimism Removal (CPR):    0.513ns

    Location             Delay type                Incr(ns)  Path(ns)    Netlist Resource(s)
  -------------------------------------------------------------------    -------------------
                         (clock sys_clk_pin rise edge)
                                                      0.000     0.000 r  
    W5                                                0.000     0.000 r  clk (IN)
                         net (fo=0)                   0.000     0.000    clk
    W5                   IBUF (Prop_ibuf_I_O)         0.226     0.226 r  clk_IBUF_inst/O
                         net (fo=1, routed)           0.631     0.858    clk_IBUF
    BUFGCTRL_X0Y1        BUFG (Prop_bufg_I_O)         0.026     0.884 r  clk_IBUF_BUFG_inst/O
                         net (fo=46, routed)          0.562     1.445    Imp2/clk_IBUF_BUFG
    SLICE_X34Y43         FDRE                                         r  Imp2/counter_reg[12]/C
  -------------------------------------------------------------------    -------------------
    SLICE_X34Y43         FDRE (Prop_fdre_C_Q)         0.164     1.609 r  Imp2/counter_reg[12]/Q
                         net (fo=1, routed)           0.170     1.780    Imp2/counter_reg_n_0_[12]
    SLICE_X34Y43         CARRY4 (Prop_carry4_S[0]_O[0])
                                                      0.115     1.895 r  Imp2/counter_reg[12]_i_1/O[0]
                         net (fo=1, routed)           0.000     1.895    Imp2/counter_reg[12]_i_1_n_7
    SLICE_X34Y43         FDRE                                         r  Imp2/counter_reg[12]/D
  -------------------------------------------------------------------    -------------------

                         (clock sys_clk_pin rise edge)
                                                      0.000     0.000 r  
    W5                                                0.000     0.000 r  clk (IN)
                         net (fo=0)                   0.000     0.000    clk
    W5                   IBUF (Prop_ibuf_I_O)         0.414     0.414 r  clk_IBUF_inst/O
                         net (fo=1, routed)           0.685     1.099    clk_IBUF
    BUFGCTRL_X0Y1        BUFG (Prop_bufg_I_O)         0.029     1.128 r  clk_IBUF_BUFG_inst/O
                         net (fo=46, routed)          0.831     1.958    Imp2/clk_IBUF_BUFG
    SLICE_X34Y43         FDRE                                         r  Imp2/counter_reg[12]/C
                         clock pessimism             -0.513     1.445    
    SLICE_X34Y43         FDRE (Hold_fdre_C_D)         0.134     1.579    Imp2/counter_reg[12]
  -------------------------------------------------------------------
                         required time                         -1.579    
                         arrival time                           1.895    
  -------------------------------------------------------------------
                         slack                                  0.315    

Slack (MET) :             0.315ns  (arrival time - required time)
  Source:                 Imp2/counter_reg[16]/C
                            (rising edge-triggered cell FDRE clocked by sys_clk_pin  {rise@0.000ns fall@5.000ns period=10.000ns})
  Destination:            Imp2/counter_reg[16]/D
                            (rising edge-triggered cell FDRE clocked by sys_clk_pin  {rise@0.000ns fall@5.000ns period=10.000ns})
  Path Group:             sys_clk_pin
  Path Type:              Hold (Min at Fast Process Corner)
  Requirement:            0.000ns  (sys_clk_pin rise@0.000ns - sys_clk_pin rise@0.000ns)
  Data Path Delay:        0.449ns  (logic 0.279ns (62.071%)  route 0.170ns (37.929%))
  Logic Levels:           1  (CARRY4=1)
  Clock Path Skew:        0.000ns (DCD - SCD - CPR)
    Destination Clock Delay (DCD):    1.958ns
    Source Clock Delay      (SCD):    1.445ns
    Clock Pessimism Removal (CPR):    0.513ns

    Location             Delay type                Incr(ns)  Path(ns)    Netlist Resource(s)
  -------------------------------------------------------------------    -------------------
                         (clock sys_clk_pin rise edge)
                                                      0.000     0.000 r  
    W5                                                0.000     0.000 r  clk (IN)
                         net (fo=0)                   0.000     0.000    clk
    W5                   IBUF (Prop_ibuf_I_O)         0.226     0.226 r  clk_IBUF_inst/O
                         net (fo=1, routed)           0.631     0.858    clk_IBUF
    BUFGCTRL_X0Y1        BUFG (Prop_bufg_I_O)         0.026     0.884 r  clk_IBUF_BUFG_inst/O
                         net (fo=46, routed)          0.562     1.445    Imp2/clk_IBUF_BUFG
    SLICE_X34Y44         FDRE                                         r  Imp2/counter_reg[16]/C
  -------------------------------------------------------------------    -------------------
    SLICE_X34Y44         FDRE (Prop_fdre_C_Q)         0.164     1.609 r  Imp2/counter_reg[16]/Q
                         net (fo=1, routed)           0.170     1.780    Imp2/counter_reg_n_0_[16]
    SLICE_X34Y44         CARRY4 (Prop_carry4_S[0]_O[0])
                                                      0.115     1.895 r  Imp2/counter_reg[16]_i_1/O[0]
                         net (fo=1, routed)           0.000     1.895    Imp2/counter_reg[16]_i_1_n_7
    SLICE_X34Y44         FDRE                                         r  Imp2/counter_reg[16]/D
  -------------------------------------------------------------------    -------------------

                         (clock sys_clk_pin rise edge)
                                                      0.000     0.000 r  
    W5                                                0.000     0.000 r  clk (IN)
                         net (fo=0)                   0.000     0.000    clk
    W5                   IBUF (Prop_ibuf_I_O)         0.414     0.414 r  clk_IBUF_inst/O
                         net (fo=1, routed)           0.685     1.099    clk_IBUF
    BUFGCTRL_X0Y1        BUFG (Prop_bufg_I_O)         0.029     1.128 r  clk_IBUF_BUFG_inst/O
                         net (fo=46, routed)          0.831     1.958    Imp2/clk_IBUF_BUFG
    SLICE_X34Y44         FDRE                                         r  Imp2/counter_reg[16]/C
                         clock pessimism             -0.513     1.445    
    SLICE_X34Y44         FDRE (Hold_fdre_C_D)         0.134     1.579    Imp2/counter_reg[16]
  -------------------------------------------------------------------
                         required time                         -1.579    
                         arrival time                           1.895    
  -------------------------------------------------------------------
                         slack                                  0.315    

Slack (MET) :             0.315ns  (arrival time - required time)
  Source:                 Imp2/counter_reg[20]/C
                            (rising edge-triggered cell FDRE clocked by sys_clk_pin  {rise@0.000ns fall@5.000ns period=10.000ns})
  Destination:            Imp2/counter_reg[20]/D
                            (rising edge-triggered cell FDRE clocked by sys_clk_pin  {rise@0.000ns fall@5.000ns period=10.000ns})
  Path Group:             sys_clk_pin
  Path Type:              Hold (Min at Fast Process Corner)
  Requirement:            0.000ns  (sys_clk_pin rise@0.000ns - sys_clk_pin rise@0.000ns)
  Data Path Delay:        0.449ns  (logic 0.279ns (62.071%)  route 0.170ns (37.929%))
  Logic Levels:           1  (CARRY4=1)
  Clock Path Skew:        0.000ns (DCD - SCD - CPR)
    Destination Clock Delay (DCD):    1.958ns
    Source Clock Delay      (SCD):    1.445ns
    Clock Pessimism Removal (CPR):    0.513ns

    Location             Delay type                Incr(ns)  Path(ns)    Netlist Resource(s)
  -------------------------------------------------------------------    -------------------
                         (clock sys_clk_pin rise edge)
                                                      0.000     0.000 r  
    W5                                                0.000     0.000 r  clk (IN)
                         net (fo=0)                   0.000     0.000    clk
    W5                   IBUF (Prop_ibuf_I_O)         0.226     0.226 r  clk_IBUF_inst/O
                         net (fo=1, routed)           0.631     0.858    clk_IBUF
    BUFGCTRL_X0Y1        BUFG (Prop_bufg_I_O)         0.026     0.884 r  clk_IBUF_BUFG_inst/O
                         net (fo=46, routed)          0.562     1.445    Imp2/clk_IBUF_BUFG
    SLICE_X34Y45         FDRE                                         r  Imp2/counter_reg[20]/C
  -------------------------------------------------------------------    -------------------
    SLICE_X34Y45         FDRE (Prop_fdre_C_Q)         0.164     1.609 r  Imp2/counter_reg[20]/Q
                         net (fo=1, routed)           0.170     1.780    Imp2/counter_reg_n_0_[20]
    SLICE_X34Y45         CARRY4 (Prop_carry4_S[0]_O[0])
                                                      0.115     1.895 r  Imp2/counter_reg[20]_i_1/O[0]
                         net (fo=1, routed)           0.000     1.895    Imp2/counter_reg[20]_i_1_n_7
    SLICE_X34Y45         FDRE                                         r  Imp2/counter_reg[20]/D
  -------------------------------------------------------------------    -------------------

                         (clock sys_clk_pin rise edge)
                                                      0.000     0.000 r  
    W5                                                0.000     0.000 r  clk (IN)
                         net (fo=0)                   0.000     0.000    clk
    W5                   IBUF (Prop_ibuf_I_O)         0.414     0.414 r  clk_IBUF_inst/O
                         net (fo=1, routed)           0.685     1.099    clk_IBUF
    BUFGCTRL_X0Y1        BUFG (Prop_bufg_I_O)         0.029     1.128 r  clk_IBUF_BUFG_inst/O
                         net (fo=46, routed)          0.831     1.958    Imp2/clk_IBUF_BUFG
    SLICE_X34Y45         FDRE                                         r  Imp2/counter_reg[20]/C
                         clock pessimism             -0.513     1.445    
    SLICE_X34Y45         FDRE (Hold_fdre_C_D)         0.134     1.579    Imp2/counter_reg[20]
  -------------------------------------------------------------------
                         required time                         -1.579    
                         arrival time                           1.895    
  -------------------------------------------------------------------
                         slack                                  0.315    

Slack (MET) :             0.315ns  (arrival time - required time)
  Source:                 Imp2/counter_reg[24]/C
                            (rising edge-triggered cell FDRE clocked by sys_clk_pin  {rise@0.000ns fall@5.000ns period=10.000ns})
  Destination:            Imp2/counter_reg[24]/D
                            (rising edge-triggered cell FDRE clocked by sys_clk_pin  {rise@0.000ns fall@5.000ns period=10.000ns})
  Path Group:             sys_clk_pin
  Path Type:              Hold (Min at Fast Process Corner)
  Requirement:            0.000ns  (sys_clk_pin rise@0.000ns - sys_clk_pin rise@0.000ns)
  Data Path Delay:        0.449ns  (logic 0.279ns (62.071%)  route 0.170ns (37.929%))
  Logic Levels:           1  (CARRY4=1)
  Clock Path Skew:        0.000ns (DCD - SCD - CPR)
    Destination Clock Delay (DCD):    1.958ns
    Source Clock Delay      (SCD):    1.445ns
    Clock Pessimism Removal (CPR):    0.513ns

    Location             Delay type                Incr(ns)  Path(ns)    Netlist Resource(s)
  -------------------------------------------------------------------    -------------------
                         (clock sys_clk_pin rise edge)
                                                      0.000     0.000 r  
    W5                                                0.000     0.000 r  clk (IN)
                         net (fo=0)                   0.000     0.000    clk
    W5                   IBUF (Prop_ibuf_I_O)         0.226     0.226 r  clk_IBUF_inst/O
                         net (fo=1, routed)           0.631     0.858    clk_IBUF
    BUFGCTRL_X0Y1        BUFG (Prop_bufg_I_O)         0.026     0.884 r  clk_IBUF_BUFG_inst/O
                         net (fo=46, routed)          0.562     1.445    Imp2/clk_IBUF_BUFG
    SLICE_X34Y46         FDRE                                         r  Imp2/counter_reg[24]/C
  -------------------------------------------------------------------    -------------------
    SLICE_X34Y46         FDRE (Prop_fdre_C_Q)         0.164     1.609 r  Imp2/counter_reg[24]/Q
                         net (fo=1, routed)           0.170     1.780    Imp2/counter_reg_n_0_[24]
    SLICE_X34Y46         CARRY4 (Prop_carry4_S[0]_O[0])
                                                      0.115     1.895 r  Imp2/counter_reg[24]_i_1/O[0]
                         net (fo=1, routed)           0.000     1.895    Imp2/counter_reg[24]_i_1_n_7
    SLICE_X34Y46         FDRE                                         r  Imp2/counter_reg[24]/D
  -------------------------------------------------------------------    -------------------

                         (clock sys_clk_pin rise edge)
                                                      0.000     0.000 r  
    W5                                                0.000     0.000 r  clk (IN)
                         net (fo=0)                   0.000     0.000    clk
    W5                   IBUF (Prop_ibuf_I_O)         0.414     0.414 r  clk_IBUF_inst/O
                         net (fo=1, routed)           0.685     1.099    clk_IBUF
    BUFGCTRL_X0Y1        BUFG (Prop_bufg_I_O)         0.029     1.128 r  clk_IBUF_BUFG_inst/O
                         net (fo=46, routed)          0.831     1.958    Imp2/clk_IBUF_BUFG
    SLICE_X34Y46         FDRE                                         r  Imp2/counter_reg[24]/C
                         clock pessimism             -0.513     1.445    
    SLICE_X34Y46         FDRE (Hold_fdre_C_D)         0.134     1.579    Imp2/counter_reg[24]
  -------------------------------------------------------------------
                         required time                         -1.579    
                         arrival time                           1.895    
  -------------------------------------------------------------------
                         slack                                  0.315    

Slack (MET) :             0.315ns  (arrival time - required time)
  Source:                 Imp2/counter_reg[4]/C
                            (rising edge-triggered cell FDRE clocked by sys_clk_pin  {rise@0.000ns fall@5.000ns period=10.000ns})
  Destination:            Imp2/counter_reg[4]/D
                            (rising edge-triggered cell FDRE clocked by sys_clk_pin  {rise@0.000ns fall@5.000ns period=10.000ns})
  Path Group:             sys_clk_pin
  Path Type:              Hold (Min at Fast Process Corner)
  Requirement:            0.000ns  (sys_clk_pin rise@0.000ns - sys_clk_pin rise@0.000ns)
  Data Path Delay:        0.449ns  (logic 0.279ns (62.071%)  route 0.170ns (37.929%))
  Logic Levels:           1  (CARRY4=1)
  Clock Path Skew:        0.000ns (DCD - SCD - CPR)
    Destination Clock Delay (DCD):    1.957ns
    Source Clock Delay      (SCD):    1.444ns
    Clock Pessimism Removal (CPR):    0.513ns

    Location             Delay type                Incr(ns)  Path(ns)    Netlist Resource(s)
  -------------------------------------------------------------------    -------------------
                         (clock sys_clk_pin rise edge)
                                                      0.000     0.000 r  
    W5                                                0.000     0.000 r  clk (IN)
                         net (fo=0)                   0.000     0.000    clk
    W5                   IBUF (Prop_ibuf_I_O)         0.226     0.226 r  clk_IBUF_inst/O
                         net (fo=1, routed)           0.631     0.858    clk_IBUF
    BUFGCTRL_X0Y1        BUFG (Prop_bufg_I_O)         0.026     0.884 r  clk_IBUF_BUFG_inst/O
                         net (fo=46, routed)          0.561     1.444    Imp2/clk_IBUF_BUFG
    SLICE_X34Y41         FDRE                                         r  Imp2/counter_reg[4]/C
  -------------------------------------------------------------------    -------------------
    SLICE_X34Y41         FDRE (Prop_fdre_C_Q)         0.164     1.608 r  Imp2/counter_reg[4]/Q
                         net (fo=1, routed)           0.170     1.779    Imp2/counter_reg_n_0_[4]
    SLICE_X34Y41         CARRY4 (Prop_carry4_S[0]_O[0])
                                                      0.115     1.894 r  Imp2/counter_reg[4]_i_1/O[0]
                         net (fo=1, routed)           0.000     1.894    Imp2/counter_reg[4]_i_1_n_7
    SLICE_X34Y41         FDRE                                         r  Imp2/counter_reg[4]/D
  -------------------------------------------------------------------    -------------------

                         (clock sys_clk_pin rise edge)
                                                      0.000     0.000 r  
    W5                                                0.000     0.000 r  clk (IN)
                         net (fo=0)                   0.000     0.000    clk
    W5                   IBUF (Prop_ibuf_I_O)         0.414     0.414 r  clk_IBUF_inst/O
                         net (fo=1, routed)           0.685     1.099    clk_IBUF
    BUFGCTRL_X0Y1        BUFG (Prop_bufg_I_O)         0.029     1.128 r  clk_IBUF_BUFG_inst/O
                         net (fo=46, routed)          0.830     1.957    Imp2/clk_IBUF_BUFG
    SLICE_X34Y41         FDRE                                         r  Imp2/counter_reg[4]/C
                         clock pessimism             -0.513     1.444    
    SLICE_X34Y41         FDRE (Hold_fdre_C_D)         0.134     1.578    Imp2/counter_reg[4]
  -------------------------------------------------------------------
                         required time                         -1.578    
                         arrival time                           1.894    
  -------------------------------------------------------------------
                         slack                                  0.315    

Slack (MET) :             0.324ns  (arrival time - required time)
  Source:                 Imp3/count_reg[0]/C
                            (rising edge-triggered cell FDRE clocked by sys_clk_pin  {rise@0.000ns fall@5.000ns period=10.000ns})
  Destination:            Imp3/count_reg[0]/D
                            (rising edge-triggered cell FDRE clocked by sys_clk_pin  {rise@0.000ns fall@5.000ns period=10.000ns})
  Path Group:             sys_clk_pin
  Path Type:              Hold (Min at Fast Process Corner)
  Requirement:            0.000ns  (sys_clk_pin rise@0.000ns - sys_clk_pin rise@0.000ns)
  Data Path Delay:        0.429ns  (logic 0.256ns (59.730%)  route 0.173ns (40.270%))
  Logic Levels:           2  (CARRY4=1 LUT1=1)
  Clock Path Skew:        0.000ns (DCD - SCD - CPR)
    Destination Clock Delay (DCD):    1.976ns
    Source Clock Delay      (SCD):    1.465ns
    Clock Pessimism Removal (CPR):    0.511ns

    Location             Delay type                Incr(ns)  Path(ns)    Netlist Resource(s)
  -------------------------------------------------------------------    -------------------
                         (clock sys_clk_pin rise edge)
                                                      0.000     0.000 r  
    W5                                                0.000     0.000 r  clk (IN)
                         net (fo=0)                   0.000     0.000    clk
    W5                   IBUF (Prop_ibuf_I_O)         0.226     0.226 r  clk_IBUF_inst/O
                         net (fo=1, routed)           0.631     0.858    clk_IBUF
    BUFGCTRL_X0Y1        BUFG (Prop_bufg_I_O)         0.026     0.884 r  clk_IBUF_BUFG_inst/O
                         net (fo=46, routed)          0.582     1.465    Imp3/clk_IBUF_BUFG
    SLICE_X58Y26         FDRE                                         r  Imp3/count_reg[0]/C
  -------------------------------------------------------------------    -------------------
    SLICE_X58Y26         FDRE (Prop_fdre_C_Q)         0.141     1.606 f  Imp3/count_reg[0]/Q
                         net (fo=1, routed)           0.173     1.779    Imp3/count_reg_n_0_[0]
    SLICE_X58Y26         LUT1 (Prop_lut1_I0_O)        0.045     1.824 r  Imp3/count[0]_i_2/O
                         net (fo=1, routed)           0.000     1.824    Imp3/count[0]_i_2_n_0
    SLICE_X58Y26         CARRY4 (Prop_carry4_S[0]_O[0])
                                                      0.070     1.894 r  Imp3/count_reg[0]_i_1/O[0]
                         net (fo=1, routed)           0.000     1.894    Imp3/count_reg[0]_i_1_n_7
    SLICE_X58Y26         FDRE                                         r  Imp3/count_reg[0]/D
  -------------------------------------------------------------------    -------------------

                         (clock sys_clk_pin rise edge)
                                                      0.000     0.000 r  
    W5                                                0.000     0.000 r  clk (IN)
                         net (fo=0)                   0.000     0.000    clk
    W5                   IBUF (Prop_ibuf_I_O)         0.414     0.414 r  clk_IBUF_inst/O
                         net (fo=1, routed)           0.685     1.099    clk_IBUF
    BUFGCTRL_X0Y1        BUFG (Prop_bufg_I_O)         0.029     1.128 r  clk_IBUF_BUFG_inst/O
                         net (fo=46, routed)          0.849     1.976    Imp3/clk_IBUF_BUFG
    SLICE_X58Y26         FDRE                                         r  Imp3/count_reg[0]/C
                         clock pessimism             -0.511     1.465    
    SLICE_X58Y26         FDRE (Hold_fdre_C_D)         0.105     1.570    Imp3/count_reg[0]
  -------------------------------------------------------------------
                         required time                         -1.570    
                         arrival time                           1.894    
  -------------------------------------------------------------------
                         slack                                  0.324    

Slack (MET) :             0.327ns  (arrival time - required time)
  Source:                 Imp3/count_reg[11]/C
                            (rising edge-triggered cell FDRE clocked by sys_clk_pin  {rise@0.000ns fall@5.000ns period=10.000ns})
  Destination:            Imp3/count_reg[11]/D
                            (rising edge-triggered cell FDRE clocked by sys_clk_pin  {rise@0.000ns fall@5.000ns period=10.000ns})
  Path Group:             sys_clk_pin
  Path Type:              Hold (Min at Fast Process Corner)
  Requirement:            0.000ns  (sys_clk_pin rise@0.000ns - sys_clk_pin rise@0.000ns)
  Data Path Delay:        0.432ns  (logic 0.249ns (57.658%)  route 0.183ns (42.342%))
  Logic Levels:           1  (CARRY4=1)
  Clock Path Skew:        0.000ns (DCD - SCD - CPR)
    Destination Clock Delay (DCD):    1.979ns
    Source Clock Delay      (SCD):    1.467ns
    Clock Pessimism Removal (CPR):    0.512ns

    Location             Delay type                Incr(ns)  Path(ns)    Netlist Resource(s)
  -------------------------------------------------------------------    -------------------
                         (clock sys_clk_pin rise edge)
                                                      0.000     0.000 r  
    W5                                                0.000     0.000 r  clk (IN)
                         net (fo=0)                   0.000     0.000    clk
    W5                   IBUF (Prop_ibuf_I_O)         0.226     0.226 r  clk_IBUF_inst/O
                         net (fo=1, routed)           0.631     0.858    clk_IBUF
    BUFGCTRL_X0Y1        BUFG (Prop_bufg_I_O)         0.026     0.884 r  clk_IBUF_BUFG_inst/O
                         net (fo=46, routed)          0.584     1.467    Imp3/clk_IBUF_BUFG
    SLICE_X58Y28         FDRE                                         r  Imp3/count_reg[11]/C
  -------------------------------------------------------------------    -------------------
    SLICE_X58Y28         FDRE (Prop_fdre_C_Q)         0.141     1.608 r  Imp3/count_reg[11]/Q
                         net (fo=1, routed)           0.183     1.791    Imp3/count_reg_n_0_[11]
    SLICE_X58Y28         CARRY4 (Prop_carry4_S[3]_O[3])
                                                      0.108     1.899 r  Imp3/count_reg[8]_i_1/O[3]
                         net (fo=1, routed)           0.000     1.899    Imp3/count_reg[8]_i_1_n_4
    SLICE_X58Y28         FDRE                                         r  Imp3/count_reg[11]/D
  -------------------------------------------------------------------    -------------------

                         (clock sys_clk_pin rise edge)
                                                      0.000     0.000 r  
    W5                                                0.000     0.000 r  clk (IN)
                         net (fo=0)                   0.000     0.000    clk
    W5                   IBUF (Prop_ibuf_I_O)         0.414     0.414 r  clk_IBUF_inst/O
                         net (fo=1, routed)           0.685     1.099    clk_IBUF
    BUFGCTRL_X0Y1        BUFG (Prop_bufg_I_O)         0.029     1.128 r  clk_IBUF_BUFG_inst/O
                         net (fo=46, routed)          0.852     1.979    Imp3/clk_IBUF_BUFG
    SLICE_X58Y28         FDRE                                         r  Imp3/count_reg[11]/C
                         clock pessimism             -0.512     1.467    
    SLICE_X58Y28         FDRE (Hold_fdre_C_D)         0.105     1.572    Imp3/count_reg[11]
  -------------------------------------------------------------------
                         required time                         -1.572    
                         arrival time                           1.899    
  -------------------------------------------------------------------
                         slack                                  0.327    





Pulse Width Checks
--------------------------------------------------------------------------------------
Clock Name:         sys_clk_pin
Waveform(ns):       { 0.000 5.000 }
Period(ns):         10.000
Sources:            { clk }

Check Type        Corner  Lib Pin  Reference Pin  Required(ns)  Actual(ns)  Slack(ns)  Location       Pin
Min Period        n/a     BUFG/I   n/a            2.155         10.000      7.845      BUFGCTRL_X0Y1  clk_IBUF_BUFG_inst/I
Min Period        n/a     FDRE/C   n/a            1.000         10.000      9.000      SLICE_X34Y40   Imp2/counter_reg[0]/C
Min Period        n/a     FDRE/C   n/a            1.000         10.000      9.000      SLICE_X34Y42   Imp2/counter_reg[10]/C
Min Period        n/a     FDRE/C   n/a            1.000         10.000      9.000      SLICE_X34Y42   Imp2/counter_reg[11]/C
Min Period        n/a     FDRE/C   n/a            1.000         10.000      9.000      SLICE_X34Y43   Imp2/counter_reg[12]/C
Min Period        n/a     FDRE/C   n/a            1.000         10.000      9.000      SLICE_X34Y43   Imp2/counter_reg[13]/C
Min Period        n/a     FDRE/C   n/a            1.000         10.000      9.000      SLICE_X34Y43   Imp2/counter_reg[14]/C
Min Period        n/a     FDRE/C   n/a            1.000         10.000      9.000      SLICE_X34Y43   Imp2/counter_reg[15]/C
Min Period        n/a     FDRE/C   n/a            1.000         10.000      9.000      SLICE_X34Y44   Imp2/counter_reg[16]/C
Min Period        n/a     FDRE/C   n/a            1.000         10.000      9.000      SLICE_X34Y44   Imp2/counter_reg[17]/C
Low Pulse Width   Slow    FDRE/C   n/a            0.500         5.000       4.500      SLICE_X34Y40   Imp2/counter_reg[0]/C
Low Pulse Width   Fast    FDRE/C   n/a            0.500         5.000       4.500      SLICE_X34Y40   Imp2/counter_reg[0]/C
Low Pulse Width   Slow    FDRE/C   n/a            0.500         5.000       4.500      SLICE_X34Y42   Imp2/counter_reg[10]/C
Low Pulse Width   Fast    FDRE/C   n/a            0.500         5.000       4.500      SLICE_X34Y42   Imp2/counter_reg[10]/C
Low Pulse Width   Slow    FDRE/C   n/a            0.500         5.000       4.500      SLICE_X34Y42   Imp2/counter_reg[11]/C
Low Pulse Width   Fast    FDRE/C   n/a            0.500         5.000       4.500      SLICE_X34Y42   Imp2/counter_reg[11]/C
Low Pulse Width   Slow    FDRE/C   n/a            0.500         5.000       4.500      SLICE_X34Y43   Imp2/counter_reg[12]/C
Low Pulse Width   Fast    FDRE/C   n/a            0.500         5.000       4.500      SLICE_X34Y43   Imp2/counter_reg[12]/C
Low Pulse Width   Slow    FDRE/C   n/a            0.500         5.000       4.500      SLICE_X34Y43   Imp2/counter_reg[13]/C
Low Pulse Width   Fast    FDRE/C   n/a            0.500         5.000       4.500      SLICE_X34Y43   Imp2/counter_reg[13]/C
High Pulse Width  Slow    FDRE/C   n/a            0.500         5.000       4.500      SLICE_X34Y40   Imp2/counter_reg[0]/C
High Pulse Width  Fast    FDRE/C   n/a            0.500         5.000       4.500      SLICE_X34Y40   Imp2/counter_reg[0]/C
High Pulse Width  Slow    FDRE/C   n/a            0.500         5.000       4.500      SLICE_X34Y42   Imp2/counter_reg[10]/C
High Pulse Width  Fast    FDRE/C   n/a            0.500         5.000       4.500      SLICE_X34Y42   Imp2/counter_reg[10]/C
High Pulse Width  Slow    FDRE/C   n/a            0.500         5.000       4.500      SLICE_X34Y42   Imp2/counter_reg[11]/C
High Pulse Width  Fast    FDRE/C   n/a            0.500         5.000       4.500      SLICE_X34Y42   Imp2/counter_reg[11]/C
High Pulse Width  Slow    FDRE/C   n/a            0.500         5.000       4.500      SLICE_X34Y43   Imp2/counter_reg[12]/C
High Pulse Width  Fast    FDRE/C   n/a            0.500         5.000       4.500      SLICE_X34Y43   Imp2/counter_reg[12]/C
High Pulse Width  Slow    FDRE/C   n/a            0.500         5.000       4.500      SLICE_X34Y43   Imp2/counter_reg[13]/C
High Pulse Width  Fast    FDRE/C   n/a            0.500         5.000       4.500      SLICE_X34Y43   Imp2/counter_reg[13]/C



--------------------------------------------------------------------------------------
Path Group:  (none)
From Clock:  
  To Clock:  

Max Delay           661 Endpoints
Min Delay           661 Endpoints
--------------------------------------------------------------------------------------


Max Delay Paths
--------------------------------------------------------------------------------------
Slack:                    inf
  Source:                 sel
                            (input port)
  Destination:            seg_L[6]
                            (output port)
  Path Group:             (none)
  Path Type:              Max at Slow Process Corner
  Data Path Delay:        12.618ns  (logic 5.468ns (43.332%)  route 7.151ns (56.668%))
  Logic Levels:           4  (IBUF=1 LUT4=1 LUT5=1 OBUF=1)

    Location             Delay type                Incr(ns)  Path(ns)    Netlist Resource(s)
  -------------------------------------------------------------------    -------------------
    U17                                               0.000     0.000 f  sel (IN)
                         net (fo=0)                   0.000     0.000    sel
    U17                  IBUF (Prop_ibuf_I_O)         1.452     1.452 f  sel_IBUF_inst/O
                         net (fo=4, routed)           3.808     5.261    Imp1/T1/sel_IBUF
    SLICE_X58Y34         LUT5 (Prop_lut5_I0_O)        0.124     5.385 r  Imp1/T1/seg_L_OBUF[6]_inst_i_5/O
                         net (fo=7, routed)           0.835     6.220    Imp1/T1/sel0[1]
    SLICE_X58Y33         LUT4 (Prop_lut4_I3_O)        0.152     6.372 r  Imp1/T1/seg_L_OBUF[6]_inst_i_1/O
                         net (fo=1, routed)           2.507     8.879    seg_L_OBUF[6]
    U7                   OBUF (Prop_obuf_I_O)         3.739    12.618 r  seg_L_OBUF[6]_inst/O
                         net (fo=0)                   0.000    12.618    seg_L[6]
    U7                                                                r  seg_L[6] (OUT)
  -------------------------------------------------------------------    -------------------

Slack:                    inf
  Source:                 sel
                            (input port)
  Destination:            seg_L[3]
                            (output port)
  Path Group:             (none)
  Path Type:              Max at Slow Process Corner
  Data Path Delay:        12.412ns  (logic 5.466ns (44.040%)  route 6.946ns (55.960%))
  Logic Levels:           4  (IBUF=1 LUT4=1 LUT5=1 OBUF=1)

    Location             Delay type                Incr(ns)  Path(ns)    Netlist Resource(s)
  -------------------------------------------------------------------    -------------------
    U17                                               0.000     0.000 f  sel (IN)
                         net (fo=0)                   0.000     0.000    sel
    U17                  IBUF (Prop_ibuf_I_O)         1.452     1.452 f  sel_IBUF_inst/O
                         net (fo=4, routed)           3.807     5.259    Imp1/T1/sel_IBUF
    SLICE_X58Y34         LUT5 (Prop_lut5_I0_O)        0.124     5.383 r  Imp1/T1/seg_L_OBUF[6]_inst_i_4/O
                         net (fo=7, routed)           1.016     6.400    Imp1/T1/sel0[2]
    SLICE_X58Y33         LUT4 (Prop_lut4_I1_O)        0.152     6.552 r  Imp1/T1/seg_L_OBUF[3]_inst_i_1/O
                         net (fo=1, routed)           2.122     8.674    seg_L_OBUF[3]
    V8                   OBUF (Prop_obuf_I_O)         3.738    12.412 r  seg_L_OBUF[3]_inst/O
                         net (fo=0)                   0.000    12.412    seg_L[3]
    V8                                                                r  seg_L[3] (OUT)
  -------------------------------------------------------------------    -------------------

Slack:                    inf
  Source:                 sel
                            (input port)
  Destination:            seg_L[4]
                            (output port)
  Path Group:             (none)
  Path Type:              Max at Slow Process Corner
  Data Path Delay:        12.277ns  (logic 5.220ns (42.522%)  route 7.056ns (57.478%))
  Logic Levels:           4  (IBUF=1 LUT4=1 LUT5=1 OBUF=1)

    Location             Delay type                Incr(ns)  Path(ns)    Netlist Resource(s)
  -------------------------------------------------------------------    -------------------
    U17                                               0.000     0.000 f  sel (IN)
                         net (fo=0)                   0.000     0.000    sel
    U17                  IBUF (Prop_ibuf_I_O)         1.452     1.452 f  sel_IBUF_inst/O
                         net (fo=4, routed)           3.807     5.259    Imp1/T1/sel_IBUF
    SLICE_X58Y34         LUT5 (Prop_lut5_I0_O)        0.124     5.383 r  Imp1/T1/seg_L_OBUF[6]_inst_i_4/O
                         net (fo=7, routed)           0.817     6.201    Imp1/T1/sel0[2]
    SLICE_X58Y33         LUT4 (Prop_lut4_I2_O)        0.124     6.325 r  Imp1/T1/seg_L_OBUF[4]_inst_i_1/O
                         net (fo=1, routed)           2.432     8.757    seg_L_OBUF[4]
    U5                   OBUF (Prop_obuf_I_O)         3.520    12.277 r  seg_L_OBUF[4]_inst/O
                         net (fo=0)                   0.000    12.277    seg_L[4]
    U5                                                                r  seg_L[4] (OUT)
  -------------------------------------------------------------------    -------------------

Slack:                    inf
  Source:                 sel
                            (input port)
  Destination:            seg_L[1]
                            (output port)
  Path Group:             (none)
  Path Type:              Max at Slow Process Corner
  Data Path Delay:        12.141ns  (logic 5.230ns (43.072%)  route 6.912ns (56.928%))
  Logic Levels:           4  (IBUF=1 LUT4=1 LUT5=1 OBUF=1)

    Location             Delay type                Incr(ns)  Path(ns)    Netlist Resource(s)
  -------------------------------------------------------------------    -------------------
    U17                                               0.000     0.000 f  sel (IN)
                         net (fo=0)                   0.000     0.000    sel
    U17                  IBUF (Prop_ibuf_I_O)         1.452     1.452 f  sel_IBUF_inst/O
                         net (fo=4, routed)           3.807     5.259    Imp1/T1/sel_IBUF
    SLICE_X58Y34         LUT5 (Prop_lut5_I0_O)        0.124     5.383 r  Imp1/T1/seg_L_OBUF[6]_inst_i_4/O
                         net (fo=7, routed)           1.016     6.400    Imp1/T1/sel0[2]
    SLICE_X58Y33         LUT4 (Prop_lut4_I1_O)        0.124     6.524 r  Imp1/T1/seg_L_OBUF[1]_inst_i_1/O
                         net (fo=1, routed)           2.089     8.612    seg_L_OBUF[1]
    W6                   OBUF (Prop_obuf_I_O)         3.529    12.141 r  seg_L_OBUF[1]_inst/O
                         net (fo=0)                   0.000    12.141    seg_L[1]
    W6                                                                r  seg_L[1] (OUT)
  -------------------------------------------------------------------    -------------------

Slack:                    inf
  Source:                 sel
                            (input port)
  Destination:            seg_L[0]
                            (output port)
  Path Group:             (none)
  Path Type:              Max at Slow Process Corner
  Data Path Delay:        12.011ns  (logic 5.444ns (45.325%)  route 6.567ns (54.675%))
  Logic Levels:           4  (IBUF=1 LUT4=1 LUT5=1 OBUF=1)

    Location             Delay type                Incr(ns)  Path(ns)    Netlist Resource(s)
  -------------------------------------------------------------------    -------------------
    U17                                               0.000     0.000 r  sel (IN)
                         net (fo=0)                   0.000     0.000    sel
    U17                  IBUF (Prop_ibuf_I_O)         1.452     1.452 r  sel_IBUF_inst/O
                         net (fo=4, routed)           3.643     5.096    Imp1/T1/sel_IBUF
    SLICE_X58Y34         LUT5 (Prop_lut5_I1_O)        0.124     5.220 r  Imp1/T1/seg_L_OBUF[6]_inst_i_3/O
                         net (fo=7, routed)           0.837     6.057    Imp1/T1/sel0[0]
    SLICE_X58Y33         LUT4 (Prop_lut4_I2_O)        0.154     6.211 r  Imp1/T1/seg_L_OBUF[0]_inst_i_1/O
                         net (fo=1, routed)           2.087     8.298    seg_L_OBUF[0]
    W7                   OBUF (Prop_obuf_I_O)         3.714    12.011 r  seg_L_OBUF[0]_inst/O
                         net (fo=0)                   0.000    12.011    seg_L[0]
    W7                                                                r  seg_L[0] (OUT)
  -------------------------------------------------------------------    -------------------

Slack:                    inf
  Source:                 sel
                            (input port)
  Destination:            seg_L[2]
                            (output port)
  Path Group:             (none)
  Path Type:              Max at Slow Process Corner
  Data Path Delay:        11.979ns  (logic 5.236ns (43.706%)  route 6.743ns (56.294%))
  Logic Levels:           4  (IBUF=1 LUT4=1 LUT5=1 OBUF=1)

    Location             Delay type                Incr(ns)  Path(ns)    Netlist Resource(s)
  -------------------------------------------------------------------    -------------------
    U17                                               0.000     0.000 f  sel (IN)
                         net (fo=0)                   0.000     0.000    sel
    U17                  IBUF (Prop_ibuf_I_O)         1.452     1.452 f  sel_IBUF_inst/O
                         net (fo=4, routed)           3.808     5.261    Imp1/T1/sel_IBUF
    SLICE_X58Y34         LUT5 (Prop_lut5_I0_O)        0.124     5.385 r  Imp1/T1/seg_L_OBUF[6]_inst_i_5/O
                         net (fo=7, routed)           0.835     6.220    Imp1/T1/sel0[1]
    SLICE_X58Y33         LUT4 (Prop_lut4_I2_O)        0.124     6.344 r  Imp1/T1/seg_L_OBUF[2]_inst_i_1/O
                         net (fo=1, routed)           2.100     8.444    seg_L_OBUF[2]
    U8                   OBUF (Prop_obuf_I_O)         3.535    11.979 r  seg_L_OBUF[2]_inst/O
                         net (fo=0)                   0.000    11.979    seg_L[2]
    U8                                                                r  seg_L[2] (OUT)
  -------------------------------------------------------------------    -------------------

Slack:                    inf
  Source:                 sel
                            (input port)
  Destination:            seg_L[5]
                            (output port)
  Path Group:             (none)
  Path Type:              Max at Slow Process Corner
  Data Path Delay:        11.976ns  (logic 5.205ns (43.459%)  route 6.771ns (56.541%))
  Logic Levels:           4  (IBUF=1 LUT4=1 LUT5=1 OBUF=1)

    Location             Delay type                Incr(ns)  Path(ns)    Netlist Resource(s)
  -------------------------------------------------------------------    -------------------
    U17                                               0.000     0.000 r  sel (IN)
                         net (fo=0)                   0.000     0.000    sel
    U17                  IBUF (Prop_ibuf_I_O)         1.452     1.452 r  sel_IBUF_inst/O
                         net (fo=4, routed)           3.643     5.096    Imp1/T1/sel_IBUF
    SLICE_X58Y34         LUT5 (Prop_lut5_I1_O)        0.124     5.220 r  Imp1/T1/seg_L_OBUF[6]_inst_i_3/O
                         net (fo=7, routed)           0.837     6.057    Imp1/T1/sel0[0]
    SLICE_X58Y33         LUT4 (Prop_lut4_I2_O)        0.124     6.181 r  Imp1/T1/seg_L_OBUF[5]_inst_i_1/O
                         net (fo=1, routed)           2.291     8.472    seg_L_OBUF[5]
    V5                   OBUF (Prop_obuf_I_O)         3.504    11.976 r  seg_L_OBUF[5]_inst/O
                         net (fo=0)                   0.000    11.976    seg_L[5]
    V5                                                                r  seg_L[5] (OUT)
  -------------------------------------------------------------------    -------------------

Slack:                    inf
  Source:                 Imp1/T2/inst_o_reg[11]/C
                            (rising edge-triggered cell FDRE)
  Destination:            Imp1/T1/currPC_reg[9]/D
  Path Group:             (none)
  Path Type:              Max at Slow Process Corner
  Data Path Delay:        9.757ns  (logic 2.845ns (29.158%)  route 6.912ns (70.842%))
  Logic Levels:           10  (CARRY4=4 FDRE=1 LUT5=1 LUT6=3 MUXF7=1)

    Location             Delay type                Incr(ns)  Path(ns)    Netlist Resource(s)
  -------------------------------------------------------------------    -------------------
    SLICE_X59Y36         FDRE                         0.000     0.000 r  Imp1/T2/inst_o_reg[11]/C
    SLICE_X59Y36         FDRE (Prop_fdre_C_Q)         0.456     0.456 r  Imp1/T2/inst_o_reg[11]/Q
                         net (fo=33, routed)          2.741     3.197    Imp1/T3/EX_1/Q[3]
    SLICE_X56Y44         LUT6 (Prop_lut6_I4_O)        0.124     3.321 r  Imp1/T3/EX_1/readData1_o[12]_i_2/O
                         net (fo=1, routed)           0.000     3.321    Imp1/T3/EX_1/readData1_o[12]_i_2_n_0
    SLICE_X56Y44         MUXF7 (Prop_muxf7_I0_O)      0.241     3.562 r  Imp1/T3/EX_1/readData1_o_reg[12]_i_1/O
                         net (fo=7, routed)           1.067     4.629    Imp1/T3/EX_1/inst_o_reg[13]_11
    SLICE_X61Y43         LUT6 (Prop_lut6_I2_O)        0.298     4.927 r  Imp1/T3/EX_1/genblk3_0.bram18_single_bl.bram18_single_bl_i_16__0/O
                         net (fo=1, routed)           0.000     4.927    Imp1/T3/EX_1/genblk3_0.bram18_single_bl.bram18_single_bl_i_16__0_n_0
    SLICE_X61Y43         CARRY4 (Prop_carry4_S[0]_CO[1])
                                                      0.457     5.384 r  Imp1/T3/EX_1/genblk3_0.bram18_single_bl.bram18_single_bl_i_12/CO[1]
                         net (fo=1, routed)           0.957     6.341    Imp1/T3/EX_1/data1
    SLICE_X59Y41         LUT6 (Prop_lut6_I3_O)        0.329     6.670 r  Imp1/T3/EX_1/genblk3_0.bram18_single_bl.bram18_single_bl_i_11/O
                         net (fo=21, routed)          2.147     8.817    Imp1/T3/EX_1/inst_o_reg[15]
    SLICE_X56Y34         LUT5 (Prop_lut5_I0_O)        0.124     8.941 r  Imp1/T3/EX_1/currPC[0]_i_3/O
                         net (fo=1, routed)           0.000     8.941    Imp1/T3/EX_1/currPC[0]_i_3_n_0
    SLICE_X56Y34         CARRY4 (Prop_carry4_S[3]_CO[3])
                                                      0.376     9.317 r  Imp1/T3/EX_1/currPC_reg[0]_i_1/CO[3]
                         net (fo=1, routed)           0.000     9.317    Imp1/T3/EX_1/currPC_reg[0]_i_1_n_0
    SLICE_X56Y35         CARRY4 (Prop_carry4_CI_CO[3])
                                                      0.117     9.434 r  Imp1/T3/EX_1/currPC_reg[4]_i_1/CO[3]
                         net (fo=1, routed)           0.000     9.434    Imp1/T2/CO[0]
    SLICE_X56Y36         CARRY4 (Prop_carry4_CI_O[1])
                                                      0.323     9.757 r  Imp1/T2/currPC_reg[8]_i_1/O[1]
                         net (fo=1, routed)           0.000     9.757    Imp1/T1/currPC_reg[9]_1[1]
    SLICE_X56Y36         FDSE                                         r  Imp1/T1/currPC_reg[9]/D
  -------------------------------------------------------------------    -------------------

Slack:                    inf
  Source:                 Imp1/T2/inst_o_reg[11]/C
                            (rising edge-triggered cell FDRE)
  Destination:            Imp1/T1/currPC_reg[8]/D
  Path Group:             (none)
  Path Type:              Max at Slow Process Corner
  Data Path Delay:        9.653ns  (logic 2.741ns (28.395%)  route 6.912ns (71.605%))
  Logic Levels:           10  (CARRY4=4 FDRE=1 LUT5=1 LUT6=3 MUXF7=1)

    Location             Delay type                Incr(ns)  Path(ns)    Netlist Resource(s)
  -------------------------------------------------------------------    -------------------
    SLICE_X59Y36         FDRE                         0.000     0.000 r  Imp1/T2/inst_o_reg[11]/C
    SLICE_X59Y36         FDRE (Prop_fdre_C_Q)         0.456     0.456 r  Imp1/T2/inst_o_reg[11]/Q
                         net (fo=33, routed)          2.741     3.197    Imp1/T3/EX_1/Q[3]
    SLICE_X56Y44         LUT6 (Prop_lut6_I4_O)        0.124     3.321 r  Imp1/T3/EX_1/readData1_o[12]_i_2/O
                         net (fo=1, routed)           0.000     3.321    Imp1/T3/EX_1/readData1_o[12]_i_2_n_0
    SLICE_X56Y44         MUXF7 (Prop_muxf7_I0_O)      0.241     3.562 r  Imp1/T3/EX_1/readData1_o_reg[12]_i_1/O
                         net (fo=7, routed)           1.067     4.629    Imp1/T3/EX_1/inst_o_reg[13]_11
    SLICE_X61Y43         LUT6 (Prop_lut6_I2_O)        0.298     4.927 r  Imp1/T3/EX_1/genblk3_0.bram18_single_bl.bram18_single_bl_i_16__0/O
                         net (fo=1, routed)           0.000     4.927    Imp1/T3/EX_1/genblk3_0.bram18_single_bl.bram18_single_bl_i_16__0_n_0
    SLICE_X61Y43         CARRY4 (Prop_carry4_S[0]_CO[1])
                                                      0.457     5.384 r  Imp1/T3/EX_1/genblk3_0.bram18_single_bl.bram18_single_bl_i_12/CO[1]
                         net (fo=1, routed)           0.957     6.341    Imp1/T3/EX_1/data1
    SLICE_X59Y41         LUT6 (Prop_lut6_I3_O)        0.329     6.670 r  Imp1/T3/EX_1/genblk3_0.bram18_single_bl.bram18_single_bl_i_11/O
                         net (fo=21, routed)          2.147     8.817    Imp1/T3/EX_1/inst_o_reg[15]
    SLICE_X56Y34         LUT5 (Prop_lut5_I0_O)        0.124     8.941 r  Imp1/T3/EX_1/currPC[0]_i_3/O
                         net (fo=1, routed)           0.000     8.941    Imp1/T3/EX_1/currPC[0]_i_3_n_0
    SLICE_X56Y34         CARRY4 (Prop_carry4_S[3]_CO[3])
                                                      0.376     9.317 r  Imp1/T3/EX_1/currPC_reg[0]_i_1/CO[3]
                         net (fo=1, routed)           0.000     9.317    Imp1/T3/EX_1/currPC_reg[0]_i_1_n_0
    SLICE_X56Y35         CARRY4 (Prop_carry4_CI_CO[3])
                                                      0.117     9.434 r  Imp1/T3/EX_1/currPC_reg[4]_i_1/CO[3]
                         net (fo=1, routed)           0.000     9.434    Imp1/T2/CO[0]
    SLICE_X56Y36         CARRY4 (Prop_carry4_CI_O[0])
                                                      0.219     9.653 r  Imp1/T2/currPC_reg[8]_i_1/O[0]
                         net (fo=1, routed)           0.000     9.653    Imp1/T1/currPC_reg[9]_1[0]
    SLICE_X56Y36         FDSE                                         r  Imp1/T1/currPC_reg[8]/D
  -------------------------------------------------------------------    -------------------

Slack:                    inf
  Source:                 Imp1/T2/inst_o_reg[11]/C
                            (rising edge-triggered cell FDRE)
  Destination:            Imp1/T1/currPC_reg[5]/D
  Path Group:             (none)
  Path Type:              Max at Slow Process Corner
  Data Path Delay:        9.640ns  (logic 2.728ns (28.298%)  route 6.912ns (71.702%))
  Logic Levels:           9  (CARRY4=3 FDRE=1 LUT5=1 LUT6=3 MUXF7=1)

    Location             Delay type                Incr(ns)  Path(ns)    Netlist Resource(s)
  -------------------------------------------------------------------    -------------------
    SLICE_X59Y36         FDRE                         0.000     0.000 r  Imp1/T2/inst_o_reg[11]/C
    SLICE_X59Y36         FDRE (Prop_fdre_C_Q)         0.456     0.456 r  Imp1/T2/inst_o_reg[11]/Q
                         net (fo=33, routed)          2.741     3.197    Imp1/T3/EX_1/Q[3]
    SLICE_X56Y44         LUT6 (Prop_lut6_I4_O)        0.124     3.321 r  Imp1/T3/EX_1/readData1_o[12]_i_2/O
                         net (fo=1, routed)           0.000     3.321    Imp1/T3/EX_1/readData1_o[12]_i_2_n_0
    SLICE_X56Y44         MUXF7 (Prop_muxf7_I0_O)      0.241     3.562 r  Imp1/T3/EX_1/readData1_o_reg[12]_i_1/O
                         net (fo=7, routed)           1.067     4.629    Imp1/T3/EX_1/inst_o_reg[13]_11
    SLICE_X61Y43         LUT6 (Prop_lut6_I2_O)        0.298     4.927 r  Imp1/T3/EX_1/genblk3_0.bram18_single_bl.bram18_single_bl_i_16__0/O
                         net (fo=1, routed)           0.000     4.927    Imp1/T3/EX_1/genblk3_0.bram18_single_bl.bram18_single_bl_i_16__0_n_0
    SLICE_X61Y43         CARRY4 (Prop_carry4_S[0]_CO[1])
                                                      0.457     5.384 r  Imp1/T3/EX_1/genblk3_0.bram18_single_bl.bram18_single_bl_i_12/CO[1]
                         net (fo=1, routed)           0.957     6.341    Imp1/T3/EX_1/data1
    SLICE_X59Y41         LUT6 (Prop_lut6_I3_O)        0.329     6.670 r  Imp1/T3/EX_1/genblk3_0.bram18_single_bl.bram18_single_bl_i_11/O
                         net (fo=21, routed)          2.147     8.817    Imp1/T3/EX_1/inst_o_reg[15]
    SLICE_X56Y34         LUT5 (Prop_lut5_I0_O)        0.124     8.941 r  Imp1/T3/EX_1/currPC[0]_i_3/O
                         net (fo=1, routed)           0.000     8.941    Imp1/T3/EX_1/currPC[0]_i_3_n_0
    SLICE_X56Y34         CARRY4 (Prop_carry4_S[3]_CO[3])
                                                      0.376     9.317 r  Imp1/T3/EX_1/currPC_reg[0]_i_1/CO[3]
                         net (fo=1, routed)           0.000     9.317    Imp1/T3/EX_1/currPC_reg[0]_i_1_n_0
    SLICE_X56Y35         CARRY4 (Prop_carry4_CI_O[1])
                                                      0.323     9.640 r  Imp1/T3/EX_1/currPC_reg[4]_i_1/O[1]
                         net (fo=1, routed)           0.000     9.640    Imp1/T1/currPC_reg[7]_0[1]
    SLICE_X56Y35         FDSE                                         r  Imp1/T1/currPC_reg[5]/D
  -------------------------------------------------------------------    -------------------





Min Delay Paths
--------------------------------------------------------------------------------------
Slack:                    inf
  Source:                 Imp1/T4/WB_dest_rd_o_reg[0]/C
                            (rising edge-triggered cell FDRE)
  Destination:            Imp1/T6/RFdest_rd_o_reg[0]/D
  Path Group:             (none)
  Path Type:              Min at Fast Process Corner
  Data Path Delay:        0.258ns  (logic 0.141ns (54.753%)  route 0.117ns (45.247%))
  Logic Levels:           1  (FDRE=1)

    Location             Delay type                Incr(ns)  Path(ns)    Netlist Resource(s)
  -------------------------------------------------------------------    -------------------
    SLICE_X62Y46         FDRE                         0.000     0.000 r  Imp1/T4/WB_dest_rd_o_reg[0]/C
    SLICE_X62Y46         FDRE (Prop_fdre_C_Q)         0.141     0.141 r  Imp1/T4/WB_dest_rd_o_reg[0]/Q
                         net (fo=1, routed)           0.117     0.258    Imp1/T6/RFdest_rd_o_reg[2]_2[0]
    SLICE_X62Y46         FDRE                                         r  Imp1/T6/RFdest_rd_o_reg[0]/D
  -------------------------------------------------------------------    -------------------

Slack:                    inf
  Source:                 Imp1/T6/ALUresult_o_reg[1]/C
                            (rising edge-triggered cell FDRE)
  Destination:            Imp1/T3/EX_1/RegFile_reg[2][1]/D
  Path Group:             (none)
  Path Type:              Min at Fast Process Corner
  Data Path Delay:        0.317ns  (logic 0.209ns (65.895%)  route 0.108ns (34.105%))
  Logic Levels:           2  (FDRE=1 LUT6=1)

    Location             Delay type                Incr(ns)  Path(ns)    Netlist Resource(s)
  -------------------------------------------------------------------    -------------------
    SLICE_X60Y40         FDRE                         0.000     0.000 r  Imp1/T6/ALUresult_o_reg[1]/C
    SLICE_X60Y40         FDRE (Prop_fdre_C_Q)         0.164     0.164 r  Imp1/T6/ALUresult_o_reg[1]/Q
                         net (fo=1, routed)           0.108     0.272    Imp1/T6/ALUresult_o[1]
    SLICE_X60Y39         LUT6 (Prop_lut6_I2_O)        0.045     0.317 r  Imp1/T6/RegFile[1][1]_i_1/O
                         net (fo=8, routed)           0.000     0.317    Imp1/T3/EX_1/D[1]
    SLICE_X60Y39         FDRE                                         r  Imp1/T3/EX_1/RegFile_reg[2][1]/D
  -------------------------------------------------------------------    -------------------

Slack:                    inf
  Source:                 Imp1/T4/WB_dest_rd_o_reg[2]/C
                            (rising edge-triggered cell FDRE)
  Destination:            Imp1/T6/RFdest_rd_o_reg[2]/D
  Path Group:             (none)
  Path Type:              Min at Fast Process Corner
  Data Path Delay:        0.320ns  (logic 0.141ns (44.023%)  route 0.179ns (55.977%))
  Logic Levels:           1  (FDRE=1)

    Location             Delay type                Incr(ns)  Path(ns)    Netlist Resource(s)
  -------------------------------------------------------------------    -------------------
    SLICE_X62Y46         FDRE                         0.000     0.000 r  Imp1/T4/WB_dest_rd_o_reg[2]/C
    SLICE_X62Y46         FDRE (Prop_fdre_C_Q)         0.141     0.141 r  Imp1/T4/WB_dest_rd_o_reg[2]/Q
                         net (fo=1, routed)           0.179     0.320    Imp1/T6/RFdest_rd_o_reg[2]_2[2]
    SLICE_X62Y46         FDRE                                         r  Imp1/T6/RFdest_rd_o_reg[2]/D
  -------------------------------------------------------------------    -------------------

Slack:                    inf
  Source:                 Imp1/T2/inst_o_reg[4]/C
                            (rising edge-triggered cell FDRE)
  Destination:            Imp1/T4/signE_8immed_o_reg[4]/D
  Path Group:             (none)
  Path Type:              Min at Fast Process Corner
  Data Path Delay:        0.322ns  (logic 0.141ns (43.766%)  route 0.181ns (56.234%))
  Logic Levels:           1  (FDRE=1)

    Location             Delay type                Incr(ns)  Path(ns)    Netlist Resource(s)
  -------------------------------------------------------------------    -------------------
    SLICE_X55Y36         FDRE                         0.000     0.000 r  Imp1/T2/inst_o_reg[4]/C
    SLICE_X55Y36         FDRE (Prop_fdre_C_Q)         0.141     0.141 r  Imp1/T2/inst_o_reg[4]/Q
                         net (fo=2, routed)           0.181     0.322    Imp1/T4/WB_dest_rd_o_reg[2]_1[4]
    SLICE_X55Y36         FDRE                                         r  Imp1/T4/signE_8immed_o_reg[4]/D
  -------------------------------------------------------------------    -------------------

Slack:                    inf
  Source:                 Imp1/T4/sel_mem2RF_o_reg/C
                            (rising edge-triggered cell FDRE)
  Destination:            Imp1/T6/sel_mem2Reg_o_reg/D
  Path Group:             (none)
  Path Type:              Min at Fast Process Corner
  Data Path Delay:        0.323ns  (logic 0.141ns (43.623%)  route 0.182ns (56.377%))
  Logic Levels:           1  (FDRE=1)

    Location             Delay type                Incr(ns)  Path(ns)    Netlist Resource(s)
  -------------------------------------------------------------------    -------------------
    SLICE_X58Y38         FDRE                         0.000     0.000 r  Imp1/T4/sel_mem2RF_o_reg/C
    SLICE_X58Y38         FDRE (Prop_fdre_C_Q)         0.141     0.141 r  Imp1/T4/sel_mem2RF_o_reg/Q
                         net (fo=1, routed)           0.182     0.323    Imp1/T6/sel_mem2RF_o
    SLICE_X58Y38         FDRE                                         r  Imp1/T6/sel_mem2Reg_o_reg/D
  -------------------------------------------------------------------    -------------------

Slack:                    inf
  Source:                 Imp1/T4/readData1_o_reg[13]/C
                            (rising edge-triggered cell FDRE)
  Destination:            Imp1/T7/DM_1/BRAM_SINGLE_MACRO_inst1/genblk3_0.bram18_single_bl.bram18_single_bl/DIADI[13]
  Path Group:             (none)
  Path Type:              Min at Fast Process Corner
  Data Path Delay:        0.344ns  (logic 0.164ns (47.638%)  route 0.180ns (52.362%))
  Logic Levels:           1  (FDRE=1)

    Location             Delay type                Incr(ns)  Path(ns)    Netlist Resource(s)
  -------------------------------------------------------------------    -------------------
    SLICE_X56Y42         FDRE                         0.000     0.000 r  Imp1/T4/readData1_o_reg[13]/C
    SLICE_X56Y42         FDRE (Prop_fdre_C_Q)         0.164     0.164 r  Imp1/T4/readData1_o_reg[13]/Q
                         net (fo=3, routed)           0.180     0.344    Imp1/T7/DM_1/BRAM_SINGLE_MACRO_inst1/Q[13]
    RAMB18_X2Y16         RAMB18E1                                     r  Imp1/T7/DM_1/BRAM_SINGLE_MACRO_inst1/genblk3_0.bram18_single_bl.bram18_single_bl/DIADI[13]
  -------------------------------------------------------------------    -------------------

Slack:                    inf
  Source:                 Imp1/T1/currPC_reg[6]/C
                            (rising edge-triggered cell FDSE)
  Destination:            Imp1/T2/PCplus1_o_reg[6]/D
  Path Group:             (none)
  Path Type:              Min at Fast Process Corner
  Data Path Delay:        0.347ns  (logic 0.274ns (78.885%)  route 0.073ns (21.115%))
  Logic Levels:           2  (CARRY4=1 FDSE=1)

    Location             Delay type                Incr(ns)  Path(ns)    Netlist Resource(s)
  -------------------------------------------------------------------    -------------------
    SLICE_X56Y35         FDSE                         0.000     0.000 r  Imp1/T1/currPC_reg[6]/C
    SLICE_X56Y35         FDSE (Prop_fdse_C_Q)         0.164     0.164 r  Imp1/T1/currPC_reg[6]/Q
                         net (fo=3, routed)           0.073     0.237    Imp1/T1/currPC_reg[6]
    SLICE_X57Y35         CARRY4 (Prop_carry4_S[1]_O[1])
                                                      0.110     0.347 r  Imp1/T1/PCplus1_carry__0/O[1]
                         net (fo=2, routed)           0.000     0.347    Imp1/T2/PCplus1_o_reg[9]_0[6]
    SLICE_X57Y35         FDRE                                         r  Imp1/T2/PCplus1_o_reg[6]/D
  -------------------------------------------------------------------    -------------------

Slack:                    inf
  Source:                 Imp1/T1/currPC_reg[2]/C
                            (rising edge-triggered cell FDSE)
  Destination:            Imp1/T2/PCplus1_o_reg[2]/D
  Path Group:             (none)
  Path Type:              Min at Fast Process Corner
  Data Path Delay:        0.347ns  (logic 0.274ns (78.870%)  route 0.073ns (21.130%))
  Logic Levels:           2  (CARRY4=1 FDSE=1)

    Location             Delay type                Incr(ns)  Path(ns)    Netlist Resource(s)
  -------------------------------------------------------------------    -------------------
    SLICE_X56Y34         FDSE                         0.000     0.000 r  Imp1/T1/currPC_reg[2]/C
    SLICE_X56Y34         FDSE (Prop_fdse_C_Q)         0.164     0.164 r  Imp1/T1/currPC_reg[2]/Q
                         net (fo=3, routed)           0.073     0.237    Imp1/T1/currPC_reg[2]
    SLICE_X57Y34         CARRY4 (Prop_carry4_S[1]_O[1])
                                                      0.110     0.347 r  Imp1/T1/PCplus1_carry/O[1]
                         net (fo=2, routed)           0.000     0.347    Imp1/T2/PCplus1_o_reg[9]_0[2]
    SLICE_X57Y34         FDRE                                         r  Imp1/T2/PCplus1_o_reg[2]/D
  -------------------------------------------------------------------    -------------------

Slack:                    inf
  Source:                 Imp1/T4/readData1_o_reg[12]/C
                            (rising edge-triggered cell FDRE)
  Destination:            Imp1/T7/DM_1/BRAM_SINGLE_MACRO_inst1/genblk3_0.bram18_single_bl.bram18_single_bl/DIADI[12]
  Path Group:             (none)
  Path Type:              Min at Fast Process Corner
  Data Path Delay:        0.353ns  (logic 0.164ns (46.424%)  route 0.189ns (53.576%))
  Logic Levels:           1  (FDRE=1)

    Location             Delay type                Incr(ns)  Path(ns)    Netlist Resource(s)
  -------------------------------------------------------------------    -------------------
    SLICE_X56Y43         FDRE                         0.000     0.000 r  Imp1/T4/readData1_o_reg[12]/C
    SLICE_X56Y43         FDRE (Prop_fdre_C_Q)         0.164     0.164 r  Imp1/T4/readData1_o_reg[12]/Q
                         net (fo=3, routed)           0.189     0.353    Imp1/T7/DM_1/BRAM_SINGLE_MACRO_inst1/Q[12]
    RAMB18_X2Y16         RAMB18E1                                     r  Imp1/T7/DM_1/BRAM_SINGLE_MACRO_inst1/genblk3_0.bram18_single_bl.bram18_single_bl/DIADI[12]
  -------------------------------------------------------------------    -------------------

Slack:                    inf
  Source:                 Imp1/T4/readData1_o_reg[6]/C
                            (rising edge-triggered cell FDRE)
  Destination:            Imp1/T7/DM_1/BRAM_SINGLE_MACRO_inst1/genblk3_0.bram18_single_bl.bram18_single_bl/DIADI[6]
  Path Group:             (none)
  Path Type:              Min at Fast Process Corner
  Data Path Delay:        0.361ns  (logic 0.141ns (39.082%)  route 0.220ns (60.918%))
  Logic Levels:           1  (FDRE=1)

    Location             Delay type                Incr(ns)  Path(ns)    Netlist Resource(s)
  -------------------------------------------------------------------    -------------------
    SLICE_X61Y41         FDRE                         0.000     0.000 r  Imp1/T4/readData1_o_reg[6]/C
    SLICE_X61Y41         FDRE (Prop_fdre_C_Q)         0.141     0.141 r  Imp1/T4/readData1_o_reg[6]/Q
                         net (fo=3, routed)           0.220     0.361    Imp1/T7/DM_1/BRAM_SINGLE_MACRO_inst1/Q[6]
    RAMB18_X2Y16         RAMB18E1                                     r  Imp1/T7/DM_1/BRAM_SINGLE_MACRO_inst1/genblk3_0.bram18_single_bl.bram18_single_bl/DIADI[6]
  -------------------------------------------------------------------    -------------------





--------------------------------------------------------------------------------------
Path Group:  (none)
From Clock:  sys_clk_pin
  To Clock:  

Max Delay             9 Endpoints
Min Delay             9 Endpoints
--------------------------------------------------------------------------------------


Max Delay Paths
--------------------------------------------------------------------------------------
Slack:                    inf
  Source:                 Imp3/count_reg[18]/C
                            (rising edge-triggered cell FDRE clocked by sys_clk_pin  {rise@0.000ns fall@5.000ns period=10.000ns})
  Destination:            seg_L[6]
                            (output port)
  Path Group:             (none)
  Path Type:              Max at Slow Process Corner
  Data Path Delay:        9.600ns  (logic 4.471ns (46.578%)  route 5.128ns (53.422%))
  Logic Levels:           3  (LUT4=1 LUT5=1 OBUF=1)
  Clock Uncertainty:      0.025ns  ((TSJ^2 + TIJ^2)^1/2 + DJ) / 2 + PE
    Total System Jitter     (TSJ):    0.050ns
    Total Input Jitter      (TIJ):    0.000ns
    Discrete Jitter          (DJ):    0.000ns
    Phase Error              (PE):    0.000ns

    Location             Delay type                Incr(ns)  Path(ns)    Netlist Resource(s)
  -------------------------------------------------------------------    -------------------
                         (clock sys_clk_pin rise edge)
                                                      0.000     0.000 r  
    W5                                                0.000     0.000 r  clk (IN)
                         net (fo=0)                   0.000     0.000    clk
    W5                   IBUF (Prop_ibuf_I_O)         1.458     1.458 r  clk_IBUF_inst/O
                         net (fo=1, routed)           1.967     3.425    clk_IBUF
    BUFGCTRL_X0Y1        BUFG (Prop_bufg_I_O)         0.096     3.521 r  clk_IBUF_BUFG_inst/O
                         net (fo=46, routed)          1.625     5.146    Imp3/clk_IBUF_BUFG
    SLICE_X58Y30         FDRE                                         r  Imp3/count_reg[18]/C
  -------------------------------------------------------------------    -------------------
    SLICE_X58Y30         FDRE (Prop_fdre_C_Q)         0.456     5.602 r  Imp3/count_reg[18]/Q
                         net (fo=7, routed)           1.956     7.558    Imp1/T1/seg7_clk[0]
    SLICE_X58Y34         LUT5 (Prop_lut5_I2_O)        0.124     7.682 r  Imp1/T1/seg_L_OBUF[6]_inst_i_3/O
                         net (fo=7, routed)           0.665     8.347    Imp1/T1/sel0[0]
    SLICE_X58Y33         LUT4 (Prop_lut4_I1_O)        0.152     8.499 r  Imp1/T1/seg_L_OBUF[6]_inst_i_1/O
                         net (fo=1, routed)           2.507    11.007    seg_L_OBUF[6]
    U7                   OBUF (Prop_obuf_I_O)         3.739    14.746 r  seg_L_OBUF[6]_inst/O
                         net (fo=0)                   0.000    14.746    seg_L[6]
    U7                                                                r  seg_L[6] (OUT)
  -------------------------------------------------------------------    -------------------

Slack:                    inf
  Source:                 Imp3/count_reg[18]/C
                            (rising edge-triggered cell FDRE clocked by sys_clk_pin  {rise@0.000ns fall@5.000ns period=10.000ns})
  Destination:            seg_L[4]
                            (output port)
  Path Group:             (none)
  Path Type:              Max at Slow Process Corner
  Data Path Delay:        9.450ns  (logic 4.224ns (44.695%)  route 5.226ns (55.305%))
  Logic Levels:           3  (LUT4=1 LUT5=1 OBUF=1)
  Clock Uncertainty:      0.025ns  ((TSJ^2 + TIJ^2)^1/2 + DJ) / 2 + PE
    Total System Jitter     (TSJ):    0.050ns
    Total Input Jitter      (TIJ):    0.000ns
    Discrete Jitter          (DJ):    0.000ns
    Phase Error              (PE):    0.000ns

    Location             Delay type                Incr(ns)  Path(ns)    Netlist Resource(s)
  -------------------------------------------------------------------    -------------------
                         (clock sys_clk_pin rise edge)
                                                      0.000     0.000 r  
    W5                                                0.000     0.000 r  clk (IN)
                         net (fo=0)                   0.000     0.000    clk
    W5                   IBUF (Prop_ibuf_I_O)         1.458     1.458 r  clk_IBUF_inst/O
                         net (fo=1, routed)           1.967     3.425    clk_IBUF
    BUFGCTRL_X0Y1        BUFG (Prop_bufg_I_O)         0.096     3.521 r  clk_IBUF_BUFG_inst/O
                         net (fo=46, routed)          1.625     5.146    Imp3/clk_IBUF_BUFG
    SLICE_X58Y30         FDRE                                         r  Imp3/count_reg[18]/C
  -------------------------------------------------------------------    -------------------
    SLICE_X58Y30         FDRE (Prop_fdre_C_Q)         0.456     5.602 r  Imp3/count_reg[18]/Q
                         net (fo=7, routed)           1.956     7.558    Imp1/T1/seg7_clk[0]
    SLICE_X58Y34         LUT5 (Prop_lut5_I2_O)        0.124     7.682 r  Imp1/T1/seg_L_OBUF[6]_inst_i_3/O
                         net (fo=7, routed)           0.838     8.520    Imp1/T1/sel0[0]
    SLICE_X58Y33         LUT4 (Prop_lut4_I3_O)        0.124     8.644 r  Imp1/T1/seg_L_OBUF[4]_inst_i_1/O
                         net (fo=1, routed)           2.432    11.077    seg_L_OBUF[4]
    U5                   OBUF (Prop_obuf_I_O)         3.520    14.597 r  seg_L_OBUF[4]_inst/O
                         net (fo=0)                   0.000    14.597    seg_L[4]
    U5                                                                r  seg_L[4] (OUT)
  -------------------------------------------------------------------    -------------------

Slack:                    inf
  Source:                 Imp3/count_reg[18]/C
                            (rising edge-triggered cell FDRE clocked by sys_clk_pin  {rise@0.000ns fall@5.000ns period=10.000ns})
  Destination:            seg_L[0]
                            (output port)
  Path Group:             (none)
  Path Type:              Max at Slow Process Corner
  Data Path Delay:        9.328ns  (logic 4.448ns (47.683%)  route 4.880ns (52.317%))
  Logic Levels:           3  (LUT4=1 LUT5=1 OBUF=1)
  Clock Uncertainty:      0.025ns  ((TSJ^2 + TIJ^2)^1/2 + DJ) / 2 + PE
    Total System Jitter     (TSJ):    0.050ns
    Total Input Jitter      (TIJ):    0.000ns
    Discrete Jitter          (DJ):    0.000ns
    Phase Error              (PE):    0.000ns

    Location             Delay type                Incr(ns)  Path(ns)    Netlist Resource(s)
  -------------------------------------------------------------------    -------------------
                         (clock sys_clk_pin rise edge)
                                                      0.000     0.000 r  
    W5                                                0.000     0.000 r  clk (IN)
                         net (fo=0)                   0.000     0.000    clk
    W5                   IBUF (Prop_ibuf_I_O)         1.458     1.458 r  clk_IBUF_inst/O
                         net (fo=1, routed)           1.967     3.425    clk_IBUF
    BUFGCTRL_X0Y1        BUFG (Prop_bufg_I_O)         0.096     3.521 r  clk_IBUF_BUFG_inst/O
                         net (fo=46, routed)          1.625     5.146    Imp3/clk_IBUF_BUFG
    SLICE_X58Y30         FDRE                                         r  Imp3/count_reg[18]/C
  -------------------------------------------------------------------    -------------------
    SLICE_X58Y30         FDRE (Prop_fdre_C_Q)         0.456     5.602 r  Imp3/count_reg[18]/Q
                         net (fo=7, routed)           1.956     7.558    Imp1/T1/seg7_clk[0]
    SLICE_X58Y34         LUT5 (Prop_lut5_I2_O)        0.124     7.682 r  Imp1/T1/seg_L_OBUF[6]_inst_i_3/O
                         net (fo=7, routed)           0.837     8.519    Imp1/T1/sel0[0]
    SLICE_X58Y33         LUT4 (Prop_lut4_I2_O)        0.154     8.673 r  Imp1/T1/seg_L_OBUF[0]_inst_i_1/O
                         net (fo=1, routed)           2.087    10.760    seg_L_OBUF[0]
    W7                   OBUF (Prop_obuf_I_O)         3.714    14.474 r  seg_L_OBUF[0]_inst/O
                         net (fo=0)                   0.000    14.474    seg_L[0]
    W7                                                                r  seg_L[0] (OUT)
  -------------------------------------------------------------------    -------------------

Slack:                    inf
  Source:                 Imp3/count_reg[18]/C
                            (rising edge-triggered cell FDRE clocked by sys_clk_pin  {rise@0.000ns fall@5.000ns period=10.000ns})
  Destination:            seg_L[5]
                            (output port)
  Path Group:             (none)
  Path Type:              Max at Slow Process Corner
  Data Path Delay:        9.293ns  (logic 4.208ns (45.288%)  route 5.084ns (54.712%))
  Logic Levels:           3  (LUT4=1 LUT5=1 OBUF=1)
  Clock Uncertainty:      0.025ns  ((TSJ^2 + TIJ^2)^1/2 + DJ) / 2 + PE
    Total System Jitter     (TSJ):    0.050ns
    Total Input Jitter      (TIJ):    0.000ns
    Discrete Jitter          (DJ):    0.000ns
    Phase Error              (PE):    0.000ns

    Location             Delay type                Incr(ns)  Path(ns)    Netlist Resource(s)
  -------------------------------------------------------------------    -------------------
                         (clock sys_clk_pin rise edge)
                                                      0.000     0.000 r  
    W5                                                0.000     0.000 r  clk (IN)
                         net (fo=0)                   0.000     0.000    clk
    W5                   IBUF (Prop_ibuf_I_O)         1.458     1.458 r  clk_IBUF_inst/O
                         net (fo=1, routed)           1.967     3.425    clk_IBUF
    BUFGCTRL_X0Y1        BUFG (Prop_bufg_I_O)         0.096     3.521 r  clk_IBUF_BUFG_inst/O
                         net (fo=46, routed)          1.625     5.146    Imp3/clk_IBUF_BUFG
    SLICE_X58Y30         FDRE                                         r  Imp3/count_reg[18]/C
  -------------------------------------------------------------------    -------------------
    SLICE_X58Y30         FDRE (Prop_fdre_C_Q)         0.456     5.602 r  Imp3/count_reg[18]/Q
                         net (fo=7, routed)           1.956     7.558    Imp1/T1/seg7_clk[0]
    SLICE_X58Y34         LUT5 (Prop_lut5_I2_O)        0.124     7.682 r  Imp1/T1/seg_L_OBUF[6]_inst_i_3/O
                         net (fo=7, routed)           0.837     8.519    Imp1/T1/sel0[0]
    SLICE_X58Y33         LUT4 (Prop_lut4_I2_O)        0.124     8.643 r  Imp1/T1/seg_L_OBUF[5]_inst_i_1/O
                         net (fo=1, routed)           2.291    10.934    seg_L_OBUF[5]
    V5                   OBUF (Prop_obuf_I_O)         3.504    14.439 r  seg_L_OBUF[5]_inst/O
                         net (fo=0)                   0.000    14.439    seg_L[5]
    V5                                                                r  seg_L[5] (OUT)
  -------------------------------------------------------------------    -------------------

Slack:                    inf
  Source:                 Imp3/count_reg[18]/C
                            (rising edge-triggered cell FDRE clocked by sys_clk_pin  {rise@0.000ns fall@5.000ns period=10.000ns})
  Destination:            seg_L[3]
                            (output port)
  Path Group:             (none)
  Path Type:              Max at Slow Process Corner
  Data Path Delay:        9.156ns  (logic 4.470ns (48.816%)  route 4.686ns (51.184%))
  Logic Levels:           3  (LUT4=1 LUT5=1 OBUF=1)
  Clock Uncertainty:      0.025ns  ((TSJ^2 + TIJ^2)^1/2 + DJ) / 2 + PE
    Total System Jitter     (TSJ):    0.050ns
    Total Input Jitter      (TIJ):    0.000ns
    Discrete Jitter          (DJ):    0.000ns
    Phase Error              (PE):    0.000ns

    Location             Delay type                Incr(ns)  Path(ns)    Netlist Resource(s)
  -------------------------------------------------------------------    -------------------
                         (clock sys_clk_pin rise edge)
                                                      0.000     0.000 r  
    W5                                                0.000     0.000 r  clk (IN)
                         net (fo=0)                   0.000     0.000    clk
    W5                   IBUF (Prop_ibuf_I_O)         1.458     1.458 r  clk_IBUF_inst/O
                         net (fo=1, routed)           1.967     3.425    clk_IBUF
    BUFGCTRL_X0Y1        BUFG (Prop_bufg_I_O)         0.096     3.521 r  clk_IBUF_BUFG_inst/O
                         net (fo=46, routed)          1.625     5.146    Imp3/clk_IBUF_BUFG
    SLICE_X58Y30         FDRE                                         r  Imp3/count_reg[18]/C
  -------------------------------------------------------------------    -------------------
    SLICE_X58Y30         FDRE (Prop_fdre_C_Q)         0.456     5.602 r  Imp3/count_reg[18]/Q
                         net (fo=7, routed)           1.548     7.150    Imp1/T1/seg7_clk[0]
    SLICE_X58Y34         LUT5 (Prop_lut5_I2_O)        0.124     7.274 r  Imp1/T1/seg_L_OBUF[6]_inst_i_4/O
                         net (fo=7, routed)           1.016     8.290    Imp1/T1/sel0[2]
    SLICE_X58Y33         LUT4 (Prop_lut4_I1_O)        0.152     8.442 r  Imp1/T1/seg_L_OBUF[3]_inst_i_1/O
                         net (fo=1, routed)           2.122    10.565    seg_L_OBUF[3]
    V8                   OBUF (Prop_obuf_I_O)         3.738    14.302 r  seg_L_OBUF[3]_inst/O
                         net (fo=0)                   0.000    14.302    seg_L[3]
    V8                                                                r  seg_L[3] (OUT)
  -------------------------------------------------------------------    -------------------

Slack:                    inf
  Source:                 Imp3/count_reg[18]/C
                            (rising edge-triggered cell FDRE clocked by sys_clk_pin  {rise@0.000ns fall@5.000ns period=10.000ns})
  Destination:            seg_L[2]
                            (output port)
  Path Group:             (none)
  Path Type:              Max at Slow Process Corner
  Data Path Delay:        8.960ns  (logic 4.239ns (47.310%)  route 4.721ns (52.690%))
  Logic Levels:           3  (LUT4=1 LUT5=1 OBUF=1)
  Clock Uncertainty:      0.025ns  ((TSJ^2 + TIJ^2)^1/2 + DJ) / 2 + PE
    Total System Jitter     (TSJ):    0.050ns
    Total Input Jitter      (TIJ):    0.000ns
    Discrete Jitter          (DJ):    0.000ns
    Phase Error              (PE):    0.000ns

    Location             Delay type                Incr(ns)  Path(ns)    Netlist Resource(s)
  -------------------------------------------------------------------    -------------------
                         (clock sys_clk_pin rise edge)
                                                      0.000     0.000 r  
    W5                                                0.000     0.000 r  clk (IN)
                         net (fo=0)                   0.000     0.000    clk
    W5                   IBUF (Prop_ibuf_I_O)         1.458     1.458 r  clk_IBUF_inst/O
                         net (fo=1, routed)           1.967     3.425    clk_IBUF
    BUFGCTRL_X0Y1        BUFG (Prop_bufg_I_O)         0.096     3.521 r  clk_IBUF_BUFG_inst/O
                         net (fo=46, routed)          1.625     5.146    Imp3/clk_IBUF_BUFG
    SLICE_X58Y30         FDRE                                         r  Imp3/count_reg[18]/C
  -------------------------------------------------------------------    -------------------
    SLICE_X58Y30         FDRE (Prop_fdre_C_Q)         0.456     5.602 r  Imp3/count_reg[18]/Q
                         net (fo=7, routed)           1.956     7.558    Imp1/T1/seg7_clk[0]
    SLICE_X58Y34         LUT5 (Prop_lut5_I2_O)        0.124     7.682 f  Imp1/T1/seg_L_OBUF[6]_inst_i_3/O
                         net (fo=7, routed)           0.665     8.347    Imp1/T1/sel0[0]
    SLICE_X58Y33         LUT4 (Prop_lut4_I1_O)        0.124     8.471 r  Imp1/T1/seg_L_OBUF[2]_inst_i_1/O
                         net (fo=1, routed)           2.100    10.572    seg_L_OBUF[2]
    U8                   OBUF (Prop_obuf_I_O)         3.535    14.107 r  seg_L_OBUF[2]_inst/O
                         net (fo=0)                   0.000    14.107    seg_L[2]
    U8                                                                r  seg_L[2] (OUT)
  -------------------------------------------------------------------    -------------------

Slack:                    inf
  Source:                 Imp3/count_reg[18]/C
                            (rising edge-triggered cell FDRE clocked by sys_clk_pin  {rise@0.000ns fall@5.000ns period=10.000ns})
  Destination:            seg_L[1]
                            (output port)
  Path Group:             (none)
  Path Type:              Max at Slow Process Corner
  Data Path Delay:        8.886ns  (logic 4.233ns (47.639%)  route 4.653ns (52.361%))
  Logic Levels:           3  (LUT4=1 LUT5=1 OBUF=1)
  Clock Uncertainty:      0.025ns  ((TSJ^2 + TIJ^2)^1/2 + DJ) / 2 + PE
    Total System Jitter     (TSJ):    0.050ns
    Total Input Jitter      (TIJ):    0.000ns
    Discrete Jitter          (DJ):    0.000ns
    Phase Error              (PE):    0.000ns

    Location             Delay type                Incr(ns)  Path(ns)    Netlist Resource(s)
  -------------------------------------------------------------------    -------------------
                         (clock sys_clk_pin rise edge)
                                                      0.000     0.000 r  
    W5                                                0.000     0.000 r  clk (IN)
                         net (fo=0)                   0.000     0.000    clk
    W5                   IBUF (Prop_ibuf_I_O)         1.458     1.458 r  clk_IBUF_inst/O
                         net (fo=1, routed)           1.967     3.425    clk_IBUF
    BUFGCTRL_X0Y1        BUFG (Prop_bufg_I_O)         0.096     3.521 r  clk_IBUF_BUFG_inst/O
                         net (fo=46, routed)          1.625     5.146    Imp3/clk_IBUF_BUFG
    SLICE_X58Y30         FDRE                                         r  Imp3/count_reg[18]/C
  -------------------------------------------------------------------    -------------------
    SLICE_X58Y30         FDRE (Prop_fdre_C_Q)         0.456     5.602 r  Imp3/count_reg[18]/Q
                         net (fo=7, routed)           1.548     7.150    Imp1/T1/seg7_clk[0]
    SLICE_X58Y34         LUT5 (Prop_lut5_I2_O)        0.124     7.274 r  Imp1/T1/seg_L_OBUF[6]_inst_i_4/O
                         net (fo=7, routed)           1.016     8.290    Imp1/T1/sel0[2]
    SLICE_X58Y33         LUT4 (Prop_lut4_I1_O)        0.124     8.414 r  Imp1/T1/seg_L_OBUF[1]_inst_i_1/O
                         net (fo=1, routed)           2.089    10.503    seg_L_OBUF[1]
    W6                   OBUF (Prop_obuf_I_O)         3.529    14.032 r  seg_L_OBUF[1]_inst/O
                         net (fo=0)                   0.000    14.032    seg_L[1]
    W6                                                                r  seg_L[1] (OUT)
  -------------------------------------------------------------------    -------------------

Slack:                    inf
  Source:                 Imp3/count_reg[18]/C
                            (rising edge-triggered cell FDRE clocked by sys_clk_pin  {rise@0.000ns fall@5.000ns period=10.000ns})
  Destination:            anode_L[0]
                            (output port)
  Path Group:             (none)
  Path Type:              Max at Slow Process Corner
  Data Path Delay:        7.012ns  (logic 4.313ns (61.511%)  route 2.699ns (38.489%))
  Logic Levels:           2  (LUT2=1 OBUF=1)
  Clock Uncertainty:      0.025ns  ((TSJ^2 + TIJ^2)^1/2 + DJ) / 2 + PE
    Total System Jitter     (TSJ):    0.050ns
    Total Input Jitter      (TIJ):    0.000ns
    Discrete Jitter          (DJ):    0.000ns
    Phase Error              (PE):    0.000ns

    Location             Delay type                Incr(ns)  Path(ns)    Netlist Resource(s)
  -------------------------------------------------------------------    -------------------
                         (clock sys_clk_pin rise edge)
                                                      0.000     0.000 r  
    W5                                                0.000     0.000 r  clk (IN)
                         net (fo=0)                   0.000     0.000    clk
    W5                   IBUF (Prop_ibuf_I_O)         1.458     1.458 r  clk_IBUF_inst/O
                         net (fo=1, routed)           1.967     3.425    clk_IBUF
    BUFGCTRL_X0Y1        BUFG (Prop_bufg_I_O)         0.096     3.521 r  clk_IBUF_BUFG_inst/O
                         net (fo=46, routed)          1.625     5.146    Imp3/clk_IBUF_BUFG
    SLICE_X58Y30         FDRE                                         r  Imp3/count_reg[18]/C
  -------------------------------------------------------------------    -------------------
    SLICE_X58Y30         FDRE (Prop_fdre_C_Q)         0.456     5.602 r  Imp3/count_reg[18]/Q
                         net (fo=7, routed)           0.860     6.463    Imp3/seg7_clk[0]
    SLICE_X59Y30         LUT2 (Prop_lut2_I0_O)        0.152     6.615 r  Imp3/anode_L_OBUF[0]_inst_i_1/O
                         net (fo=1, routed)           1.838     8.453    anode_L_OBUF[0]
    U2                   OBUF (Prop_obuf_I_O)         3.705    12.158 r  anode_L_OBUF[0]_inst/O
                         net (fo=0)                   0.000    12.158    anode_L[0]
    U2                                                                r  anode_L[0] (OUT)
  -------------------------------------------------------------------    -------------------

Slack:                    inf
  Source:                 Imp3/count_reg[18]/C
                            (rising edge-triggered cell FDRE clocked by sys_clk_pin  {rise@0.000ns fall@5.000ns period=10.000ns})
  Destination:            anode_L[1]
                            (output port)
  Path Group:             (none)
  Path Type:              Max at Slow Process Corner
  Data Path Delay:        6.760ns  (logic 4.079ns (60.340%)  route 2.681ns (39.660%))
  Logic Levels:           2  (LUT2=1 OBUF=1)
  Clock Uncertainty:      0.025ns  ((TSJ^2 + TIJ^2)^1/2 + DJ) / 2 + PE
    Total System Jitter     (TSJ):    0.050ns
    Total Input Jitter      (TIJ):    0.000ns
    Discrete Jitter          (DJ):    0.000ns
    Phase Error              (PE):    0.000ns

    Location             Delay type                Incr(ns)  Path(ns)    Netlist Resource(s)
  -------------------------------------------------------------------    -------------------
                         (clock sys_clk_pin rise edge)
                                                      0.000     0.000 r  
    W5                                                0.000     0.000 r  clk (IN)
                         net (fo=0)                   0.000     0.000    clk
    W5                   IBUF (Prop_ibuf_I_O)         1.458     1.458 r  clk_IBUF_inst/O
                         net (fo=1, routed)           1.967     3.425    clk_IBUF
    BUFGCTRL_X0Y1        BUFG (Prop_bufg_I_O)         0.096     3.521 r  clk_IBUF_BUFG_inst/O
                         net (fo=46, routed)          1.625     5.146    Imp3/clk_IBUF_BUFG
    SLICE_X58Y30         FDRE                                         r  Imp3/count_reg[18]/C
  -------------------------------------------------------------------    -------------------
    SLICE_X58Y30         FDRE (Prop_fdre_C_Q)         0.456     5.602 f  Imp3/count_reg[18]/Q
                         net (fo=7, routed)           0.860     6.463    Imp3/seg7_clk[0]
    SLICE_X59Y30         LUT2 (Prop_lut2_I1_O)        0.124     6.587 r  Imp3/anode_L_OBUF[1]_inst_i_1/O
                         net (fo=1, routed)           1.821     8.407    anode_L_OBUF[1]
    U4                   OBUF (Prop_obuf_I_O)         3.499    11.906 r  anode_L_OBUF[1]_inst/O
                         net (fo=0)                   0.000    11.906    anode_L[1]
    U4                                                                r  anode_L[1] (OUT)
  -------------------------------------------------------------------    -------------------





Min Delay Paths
--------------------------------------------------------------------------------------
Slack:                    inf
  Source:                 Imp3/count_reg[19]/C
                            (rising edge-triggered cell FDRE clocked by sys_clk_pin  {rise@0.000ns fall@5.000ns period=10.000ns})
  Destination:            anode_L[1]
                            (output port)
  Path Group:             (none)
  Path Type:              Min at Fast Process Corner
  Data Path Delay:        2.019ns  (logic 1.386ns (68.651%)  route 0.633ns (31.349%))
  Logic Levels:           2  (LUT2=1 OBUF=1)
  Clock Uncertainty:      0.025ns  ((TSJ^2 + TIJ^2)^1/2 + DJ) / 2 + PE
    Total System Jitter     (TSJ):    0.050ns
    Total Input Jitter      (TIJ):    0.000ns
    Discrete Jitter          (DJ):    0.000ns
    Phase Error              (PE):    0.000ns

    Location             Delay type                Incr(ns)  Path(ns)    Netlist Resource(s)
  -------------------------------------------------------------------    -------------------
                         (clock sys_clk_pin rise edge)
                                                      0.000     0.000 r  
    W5                                                0.000     0.000 r  clk (IN)
                         net (fo=0)                   0.000     0.000    clk
    W5                   IBUF (Prop_ibuf_I_O)         0.226     0.226 r  clk_IBUF_inst/O
                         net (fo=1, routed)           0.631     0.858    clk_IBUF
    BUFGCTRL_X0Y1        BUFG (Prop_bufg_I_O)         0.026     0.884 r  clk_IBUF_BUFG_inst/O
                         net (fo=46, routed)          0.586     1.469    Imp3/clk_IBUF_BUFG
    SLICE_X58Y30         FDRE                                         r  Imp3/count_reg[19]/C
  -------------------------------------------------------------------    -------------------
    SLICE_X58Y30         FDRE (Prop_fdre_C_Q)         0.141     1.610 r  Imp3/count_reg[19]/Q
                         net (fo=7, routed)           0.248     1.858    Imp3/seg7_clk[1]
    SLICE_X59Y30         LUT2 (Prop_lut2_I0_O)        0.045     1.903 r  Imp3/anode_L_OBUF[1]_inst_i_1/O
                         net (fo=1, routed)           0.385     2.288    anode_L_OBUF[1]
    U4                   OBUF (Prop_obuf_I_O)         1.200     3.488 r  anode_L_OBUF[1]_inst/O
                         net (fo=0)                   0.000     3.488    anode_L[1]
    U4                                                                r  anode_L[1] (OUT)
  -------------------------------------------------------------------    -------------------

Slack:                    inf
  Source:                 Imp3/count_reg[19]/C
                            (rising edge-triggered cell FDRE clocked by sys_clk_pin  {rise@0.000ns fall@5.000ns period=10.000ns})
  Destination:            anode_L[0]
                            (output port)
  Path Group:             (none)
  Path Type:              Min at Fast Process Corner
  Data Path Delay:        2.080ns  (logic 1.451ns (69.773%)  route 0.629ns (30.227%))
  Logic Levels:           2  (LUT2=1 OBUF=1)
  Clock Uncertainty:      0.025ns  ((TSJ^2 + TIJ^2)^1/2 + DJ) / 2 + PE
    Total System Jitter     (TSJ):    0.050ns
    Total Input Jitter      (TIJ):    0.000ns
    Discrete Jitter          (DJ):    0.000ns
    Phase Error              (PE):    0.000ns

    Location             Delay type                Incr(ns)  Path(ns)    Netlist Resource(s)
  -------------------------------------------------------------------    -------------------
                         (clock sys_clk_pin rise edge)
                                                      0.000     0.000 r  
    W5                                                0.000     0.000 r  clk (IN)
                         net (fo=0)                   0.000     0.000    clk
    W5                   IBUF (Prop_ibuf_I_O)         0.226     0.226 r  clk_IBUF_inst/O
                         net (fo=1, routed)           0.631     0.858    clk_IBUF
    BUFGCTRL_X0Y1        BUFG (Prop_bufg_I_O)         0.026     0.884 r  clk_IBUF_BUFG_inst/O
                         net (fo=46, routed)          0.586     1.469    Imp3/clk_IBUF_BUFG
    SLICE_X58Y30         FDRE                                         r  Imp3/count_reg[19]/C
  -------------------------------------------------------------------    -------------------
    SLICE_X58Y30         FDRE (Prop_fdre_C_Q)         0.141     1.610 r  Imp3/count_reg[19]/Q
                         net (fo=7, routed)           0.248     1.858    Imp3/seg7_clk[1]
    SLICE_X59Y30         LUT2 (Prop_lut2_I1_O)        0.044     1.902 r  Imp3/anode_L_OBUF[0]_inst_i_1/O
                         net (fo=1, routed)           0.380     2.283    anode_L_OBUF[0]
    U2                   OBUF (Prop_obuf_I_O)         1.266     3.549 r  anode_L_OBUF[0]_inst/O
                         net (fo=0)                   0.000     3.549    anode_L[0]
    U2                                                                r  anode_L[0] (OUT)
  -------------------------------------------------------------------    -------------------

Slack:                    inf
  Source:                 Imp3/count_reg[19]/C
                            (rising edge-triggered cell FDRE clocked by sys_clk_pin  {rise@0.000ns fall@5.000ns period=10.000ns})
  Destination:            seg_L[2]
                            (output port)
  Path Group:             (none)
  Path Type:              Min at Fast Process Corner
  Data Path Delay:        2.561ns  (logic 1.467ns (57.277%)  route 1.094ns (42.723%))
  Logic Levels:           3  (LUT4=1 LUT5=1 OBUF=1)
  Clock Uncertainty:      0.025ns  ((TSJ^2 + TIJ^2)^1/2 + DJ) / 2 + PE
    Total System Jitter     (TSJ):    0.050ns
    Total Input Jitter      (TIJ):    0.000ns
    Discrete Jitter          (DJ):    0.000ns
    Phase Error              (PE):    0.000ns

    Location             Delay type                Incr(ns)  Path(ns)    Netlist Resource(s)
  -------------------------------------------------------------------    -------------------
                         (clock sys_clk_pin rise edge)
                                                      0.000     0.000 r  
    W5                                                0.000     0.000 r  clk (IN)
                         net (fo=0)                   0.000     0.000    clk
    W5                   IBUF (Prop_ibuf_I_O)         0.226     0.226 r  clk_IBUF_inst/O
                         net (fo=1, routed)           0.631     0.858    clk_IBUF
    BUFGCTRL_X0Y1        BUFG (Prop_bufg_I_O)         0.026     0.884 r  clk_IBUF_BUFG_inst/O
                         net (fo=46, routed)          0.586     1.469    Imp3/clk_IBUF_BUFG
    SLICE_X58Y30         FDRE                                         r  Imp3/count_reg[19]/C
  -------------------------------------------------------------------    -------------------
    SLICE_X58Y30         FDRE (Prop_fdre_C_Q)         0.141     1.610 f  Imp3/count_reg[19]/Q
                         net (fo=7, routed)           0.335     1.945    Imp1/T1/seg7_clk[1]
    SLICE_X58Y34         LUT5 (Prop_lut5_I4_O)        0.045     1.990 r  Imp1/T1/seg_L_OBUF[6]_inst_i_4/O
                         net (fo=7, routed)           0.242     2.232    Imp1/T1/sel0[2]
    SLICE_X58Y33         LUT4 (Prop_lut4_I3_O)        0.045     2.277 r  Imp1/T1/seg_L_OBUF[2]_inst_i_1/O
                         net (fo=1, routed)           0.517     2.794    seg_L_OBUF[2]
    U8                   OBUF (Prop_obuf_I_O)         1.236     4.030 r  seg_L_OBUF[2]_inst/O
                         net (fo=0)                   0.000     4.030    seg_L[2]
    U8                                                                r  seg_L[2] (OUT)
  -------------------------------------------------------------------    -------------------

Slack:                    inf
  Source:                 Imp3/count_reg[19]/C
                            (rising edge-triggered cell FDRE clocked by sys_clk_pin  {rise@0.000ns fall@5.000ns period=10.000ns})
  Destination:            seg_L[1]
                            (output port)
  Path Group:             (none)
  Path Type:              Min at Fast Process Corner
  Data Path Delay:        2.565ns  (logic 1.461ns (56.951%)  route 1.104ns (43.049%))
  Logic Levels:           3  (LUT4=1 LUT5=1 OBUF=1)
  Clock Uncertainty:      0.025ns  ((TSJ^2 + TIJ^2)^1/2 + DJ) / 2 + PE
    Total System Jitter     (TSJ):    0.050ns
    Total Input Jitter      (TIJ):    0.000ns
    Discrete Jitter          (DJ):    0.000ns
    Phase Error              (PE):    0.000ns

    Location             Delay type                Incr(ns)  Path(ns)    Netlist Resource(s)
  -------------------------------------------------------------------    -------------------
                         (clock sys_clk_pin rise edge)
                                                      0.000     0.000 r  
    W5                                                0.000     0.000 r  clk (IN)
                         net (fo=0)                   0.000     0.000    clk
    W5                   IBUF (Prop_ibuf_I_O)         0.226     0.226 r  clk_IBUF_inst/O
                         net (fo=1, routed)           0.631     0.858    clk_IBUF
    BUFGCTRL_X0Y1        BUFG (Prop_bufg_I_O)         0.026     0.884 r  clk_IBUF_BUFG_inst/O
                         net (fo=46, routed)          0.586     1.469    Imp3/clk_IBUF_BUFG
    SLICE_X58Y30         FDRE                                         r  Imp3/count_reg[19]/C
  -------------------------------------------------------------------    -------------------
    SLICE_X58Y30         FDRE (Prop_fdre_C_Q)         0.141     1.610 f  Imp3/count_reg[19]/Q
                         net (fo=7, routed)           0.404     2.015    Imp1/T1/seg7_clk[1]
    SLICE_X58Y34         LUT5 (Prop_lut5_I4_O)        0.045     2.060 r  Imp1/T1/seg_L_OBUF[6]_inst_i_3/O
                         net (fo=7, routed)           0.177     2.237    Imp1/T1/sel0[0]
    SLICE_X58Y33         LUT4 (Prop_lut4_I3_O)        0.045     2.282 r  Imp1/T1/seg_L_OBUF[1]_inst_i_1/O
                         net (fo=1, routed)           0.523     2.805    seg_L_OBUF[1]
    W6                   OBUF (Prop_obuf_I_O)         1.230     4.035 r  seg_L_OBUF[1]_inst/O
                         net (fo=0)                   0.000     4.035    seg_L[1]
    W6                                                                r  seg_L[1] (OUT)
  -------------------------------------------------------------------    -------------------

Slack:                    inf
  Source:                 Imp3/count_reg[19]/C
                            (rising edge-triggered cell FDRE clocked by sys_clk_pin  {rise@0.000ns fall@5.000ns period=10.000ns})
  Destination:            seg_L[0]
                            (output port)
  Path Group:             (none)
  Path Type:              Min at Fast Process Corner
  Data Path Delay:        2.569ns  (logic 1.508ns (58.699%)  route 1.061ns (41.301%))
  Logic Levels:           3  (LUT4=1 LUT5=1 OBUF=1)
  Clock Uncertainty:      0.025ns  ((TSJ^2 + TIJ^2)^1/2 + DJ) / 2 + PE
    Total System Jitter     (TSJ):    0.050ns
    Total Input Jitter      (TIJ):    0.000ns
    Discrete Jitter          (DJ):    0.000ns
    Phase Error              (PE):    0.000ns

    Location             Delay type                Incr(ns)  Path(ns)    Netlist Resource(s)
  -------------------------------------------------------------------    -------------------
                         (clock sys_clk_pin rise edge)
                                                      0.000     0.000 r  
    W5                                                0.000     0.000 r  clk (IN)
                         net (fo=0)                   0.000     0.000    clk
    W5                   IBUF (Prop_ibuf_I_O)         0.226     0.226 r  clk_IBUF_inst/O
                         net (fo=1, routed)           0.631     0.858    clk_IBUF
    BUFGCTRL_X0Y1        BUFG (Prop_bufg_I_O)         0.026     0.884 r  clk_IBUF_BUFG_inst/O
                         net (fo=46, routed)          0.586     1.469    Imp3/clk_IBUF_BUFG
    SLICE_X58Y30         FDRE                                         r  Imp3/count_reg[19]/C
  -------------------------------------------------------------------    -------------------
    SLICE_X58Y30         FDRE (Prop_fdre_C_Q)         0.141     1.610 f  Imp3/count_reg[19]/Q
                         net (fo=7, routed)           0.335     1.945    Imp1/T1/seg7_clk[1]
    SLICE_X58Y34         LUT5 (Prop_lut5_I4_O)        0.045     1.990 r  Imp1/T1/seg_L_OBUF[6]_inst_i_4/O
                         net (fo=7, routed)           0.216     2.206    Imp1/T1/sel0[2]
    SLICE_X58Y33         LUT4 (Prop_lut4_I1_O)        0.045     2.251 r  Imp1/T1/seg_L_OBUF[0]_inst_i_1/O
                         net (fo=1, routed)           0.510     2.761    seg_L_OBUF[0]
    W7                   OBUF (Prop_obuf_I_O)         1.277     4.038 r  seg_L_OBUF[0]_inst/O
                         net (fo=0)                   0.000     4.038    seg_L[0]
    W7                                                                r  seg_L[0] (OUT)
  -------------------------------------------------------------------    -------------------

Slack:                    inf
  Source:                 Imp3/count_reg[19]/C
                            (rising edge-triggered cell FDRE clocked by sys_clk_pin  {rise@0.000ns fall@5.000ns period=10.000ns})
  Destination:            seg_L[5]
                            (output port)
  Path Group:             (none)
  Path Type:              Min at Fast Process Corner
  Data Path Delay:        2.599ns  (logic 1.437ns (55.282%)  route 1.162ns (44.718%))
  Logic Levels:           3  (LUT4=1 LUT5=1 OBUF=1)
  Clock Uncertainty:      0.025ns  ((TSJ^2 + TIJ^2)^1/2 + DJ) / 2 + PE
    Total System Jitter     (TSJ):    0.050ns
    Total Input Jitter      (TIJ):    0.000ns
    Discrete Jitter          (DJ):    0.000ns
    Phase Error              (PE):    0.000ns

    Location             Delay type                Incr(ns)  Path(ns)    Netlist Resource(s)
  -------------------------------------------------------------------    -------------------
                         (clock sys_clk_pin rise edge)
                                                      0.000     0.000 r  
    W5                                                0.000     0.000 r  clk (IN)
                         net (fo=0)                   0.000     0.000    clk
    W5                   IBUF (Prop_ibuf_I_O)         0.226     0.226 r  clk_IBUF_inst/O
                         net (fo=1, routed)           0.631     0.858    clk_IBUF
    BUFGCTRL_X0Y1        BUFG (Prop_bufg_I_O)         0.026     0.884 r  clk_IBUF_BUFG_inst/O
                         net (fo=46, routed)          0.586     1.469    Imp3/clk_IBUF_BUFG
    SLICE_X58Y30         FDRE                                         r  Imp3/count_reg[19]/C
  -------------------------------------------------------------------    -------------------
    SLICE_X58Y30         FDRE (Prop_fdre_C_Q)         0.141     1.610 f  Imp3/count_reg[19]/Q
                         net (fo=7, routed)           0.335     1.945    Imp1/T1/seg7_clk[1]
    SLICE_X58Y34         LUT5 (Prop_lut5_I4_O)        0.045     1.990 r  Imp1/T1/seg_L_OBUF[6]_inst_i_4/O
                         net (fo=7, routed)           0.216     2.206    Imp1/T1/sel0[2]
    SLICE_X58Y33         LUT4 (Prop_lut4_I1_O)        0.045     2.251 r  Imp1/T1/seg_L_OBUF[5]_inst_i_1/O
                         net (fo=1, routed)           0.611     2.862    seg_L_OBUF[5]
    V5                   OBUF (Prop_obuf_I_O)         1.206     4.068 r  seg_L_OBUF[5]_inst/O
                         net (fo=0)                   0.000     4.068    seg_L[5]
    V5                                                                r  seg_L[5] (OUT)
  -------------------------------------------------------------------    -------------------

Slack:                    inf
  Source:                 Imp3/count_reg[19]/C
                            (rising edge-triggered cell FDRE clocked by sys_clk_pin  {rise@0.000ns fall@5.000ns period=10.000ns})
  Destination:            seg_L[3]
                            (output port)
  Path Group:             (none)
  Path Type:              Min at Fast Process Corner
  Data Path Delay:        2.647ns  (logic 1.532ns (57.882%)  route 1.115ns (42.118%))
  Logic Levels:           3  (LUT4=1 LUT5=1 OBUF=1)
  Clock Uncertainty:      0.025ns  ((TSJ^2 + TIJ^2)^1/2 + DJ) / 2 + PE
    Total System Jitter     (TSJ):    0.050ns
    Total Input Jitter      (TIJ):    0.000ns
    Discrete Jitter          (DJ):    0.000ns
    Phase Error              (PE):    0.000ns

    Location             Delay type                Incr(ns)  Path(ns)    Netlist Resource(s)
  -------------------------------------------------------------------    -------------------
                         (clock sys_clk_pin rise edge)
                                                      0.000     0.000 r  
    W5                                                0.000     0.000 r  clk (IN)
                         net (fo=0)                   0.000     0.000    clk
    W5                   IBUF (Prop_ibuf_I_O)         0.226     0.226 r  clk_IBUF_inst/O
                         net (fo=1, routed)           0.631     0.858    clk_IBUF
    BUFGCTRL_X0Y1        BUFG (Prop_bufg_I_O)         0.026     0.884 r  clk_IBUF_BUFG_inst/O
                         net (fo=46, routed)          0.586     1.469    Imp3/clk_IBUF_BUFG
    SLICE_X58Y30         FDRE                                         r  Imp3/count_reg[19]/C
  -------------------------------------------------------------------    -------------------
    SLICE_X58Y30         FDRE (Prop_fdre_C_Q)         0.141     1.610 f  Imp3/count_reg[19]/Q
                         net (fo=7, routed)           0.404     2.015    Imp1/T1/seg7_clk[1]
    SLICE_X58Y34         LUT5 (Prop_lut5_I4_O)        0.045     2.060 r  Imp1/T1/seg_L_OBUF[6]_inst_i_3/O
                         net (fo=7, routed)           0.177     2.237    Imp1/T1/sel0[0]
    SLICE_X58Y33         LUT4 (Prop_lut4_I2_O)        0.048     2.285 r  Imp1/T1/seg_L_OBUF[3]_inst_i_1/O
                         net (fo=1, routed)           0.533     2.818    seg_L_OBUF[3]
    V8                   OBUF (Prop_obuf_I_O)         1.298     4.117 r  seg_L_OBUF[3]_inst/O
                         net (fo=0)                   0.000     4.117    seg_L[3]
    V8                                                                r  seg_L[3] (OUT)
  -------------------------------------------------------------------    -------------------

Slack:                    inf
  Source:                 Imp3/count_reg[19]/C
                            (rising edge-triggered cell FDRE clocked by sys_clk_pin  {rise@0.000ns fall@5.000ns period=10.000ns})
  Destination:            seg_L[4]
                            (output port)
  Path Group:             (none)
  Path Type:              Min at Fast Process Corner
  Data Path Delay:        2.650ns  (logic 1.452ns (54.792%)  route 1.198ns (45.208%))
  Logic Levels:           3  (LUT4=1 LUT5=1 OBUF=1)
  Clock Uncertainty:      0.025ns  ((TSJ^2 + TIJ^2)^1/2 + DJ) / 2 + PE
    Total System Jitter     (TSJ):    0.050ns
    Total Input Jitter      (TIJ):    0.000ns
    Discrete Jitter          (DJ):    0.000ns
    Phase Error              (PE):    0.000ns

    Location             Delay type                Incr(ns)  Path(ns)    Netlist Resource(s)
  -------------------------------------------------------------------    -------------------
                         (clock sys_clk_pin rise edge)
                                                      0.000     0.000 r  
    W5                                                0.000     0.000 r  clk (IN)
                         net (fo=0)                   0.000     0.000    clk
    W5                   IBUF (Prop_ibuf_I_O)         0.226     0.226 r  clk_IBUF_inst/O
                         net (fo=1, routed)           0.631     0.858    clk_IBUF
    BUFGCTRL_X0Y1        BUFG (Prop_bufg_I_O)         0.026     0.884 r  clk_IBUF_BUFG_inst/O
                         net (fo=46, routed)          0.586     1.469    Imp3/clk_IBUF_BUFG
    SLICE_X58Y30         FDRE                                         r  Imp3/count_reg[19]/C
  -------------------------------------------------------------------    -------------------
    SLICE_X58Y30         FDRE (Prop_fdre_C_Q)         0.141     1.610 r  Imp3/count_reg[19]/Q
                         net (fo=7, routed)           0.394     2.004    Imp1/T1/seg7_clk[1]
    SLICE_X58Y34         LUT5 (Prop_lut5_I4_O)        0.045     2.049 f  Imp1/T1/seg_L_OBUF[6]_inst_i_2/O
                         net (fo=7, routed)           0.143     2.193    Imp1/T1/sel0[3]
    SLICE_X58Y33         LUT4 (Prop_lut4_I0_O)        0.045     2.238 r  Imp1/T1/seg_L_OBUF[4]_inst_i_1/O
                         net (fo=1, routed)           0.660     2.898    seg_L_OBUF[4]
    U5                   OBUF (Prop_obuf_I_O)         1.221     4.119 r  seg_L_OBUF[4]_inst/O
                         net (fo=0)                   0.000     4.119    seg_L[4]
    U5                                                                r  seg_L[4] (OUT)
  -------------------------------------------------------------------    -------------------

Slack:                    inf
  Source:                 Imp3/count_reg[19]/C
                            (rising edge-triggered cell FDRE clocked by sys_clk_pin  {rise@0.000ns fall@5.000ns period=10.000ns})
  Destination:            seg_L[6]
                            (output port)
  Path Group:             (none)
  Path Type:              Min at Fast Process Corner
  Data Path Delay:        2.807ns  (logic 1.534ns (54.666%)  route 1.272ns (45.334%))
  Logic Levels:           3  (LUT4=1 LUT5=1 OBUF=1)
  Clock Uncertainty:      0.025ns  ((TSJ^2 + TIJ^2)^1/2 + DJ) / 2 + PE
    Total System Jitter     (TSJ):    0.050ns
    Total Input Jitter      (TIJ):    0.000ns
    Discrete Jitter          (DJ):    0.000ns
    Phase Error              (PE):    0.000ns

    Location             Delay type                Incr(ns)  Path(ns)    Netlist Resource(s)
  -------------------------------------------------------------------    -------------------
                         (clock sys_clk_pin rise edge)
                                                      0.000     0.000 r  
    W5                                                0.000     0.000 r  clk (IN)
                         net (fo=0)                   0.000     0.000    clk
    W5                   IBUF (Prop_ibuf_I_O)         0.226     0.226 r  clk_IBUF_inst/O
                         net (fo=1, routed)           0.631     0.858    clk_IBUF
    BUFGCTRL_X0Y1        BUFG (Prop_bufg_I_O)         0.026     0.884 r  clk_IBUF_BUFG_inst/O
                         net (fo=46, routed)          0.586     1.469    Imp3/clk_IBUF_BUFG
    SLICE_X58Y30         FDRE                                         r  Imp3/count_reg[19]/C
  -------------------------------------------------------------------    -------------------
    SLICE_X58Y30         FDRE (Prop_fdre_C_Q)         0.141     1.610 f  Imp3/count_reg[19]/Q
                         net (fo=7, routed)           0.335     1.945    Imp1/T1/seg7_clk[1]
    SLICE_X58Y34         LUT5 (Prop_lut5_I4_O)        0.045     1.990 r  Imp1/T1/seg_L_OBUF[6]_inst_i_4/O
                         net (fo=7, routed)           0.242     2.232    Imp1/T1/sel0[2]
    SLICE_X58Y33         LUT4 (Prop_lut4_I2_O)        0.049     2.281 r  Imp1/T1/seg_L_OBUF[6]_inst_i_1/O
                         net (fo=1, routed)           0.695     2.977    seg_L_OBUF[6]
    U7                   OBUF (Prop_obuf_I_O)         1.299     4.276 r  seg_L_OBUF[6]_inst/O
                         net (fo=0)                   0.000     4.276    seg_L[6]
    U7                                                                r  seg_L[6] (OUT)
  -------------------------------------------------------------------    -------------------





--------------------------------------------------------------------------------------
Path Group:  (none)
From Clock:  
  To Clock:  sys_clk_pin

Max Delay            20 Endpoints
Min Delay            20 Endpoints
--------------------------------------------------------------------------------------


Max Delay Paths
--------------------------------------------------------------------------------------
Slack:                    inf
  Source:                 rst
                            (input port)
  Destination:            Imp3/count_reg[16]/R
                            (rising edge-triggered cell FDRE clocked by sys_clk_pin  {rise@0.000ns fall@5.000ns period=10.000ns})
  Path Group:             (none)
  Path Type:              Setup (Max at Slow Process Corner)
  Data Path Delay:        4.859ns  (logic 1.454ns (29.918%)  route 3.405ns (70.082%))
  Logic Levels:           1  (IBUF=1)
  Clock Path Skew:        4.848ns (DCD - SCD + CPR)
    Destination Clock Delay (DCD):    4.848ns
    Source Clock Delay      (SCD):    0.000ns
    Clock Pessimism Removal (CPR):    0.000ns
  Clock Uncertainty:      0.025ns  ((TSJ^2 + TIJ^2)^1/2 + DJ) / 2 + PE
    Total System Jitter     (TSJ):    0.050ns
    Total Input Jitter      (TIJ):    0.000ns
    Discrete Jitter          (DJ):    0.000ns
    Phase Error              (PE):    0.000ns

    Location             Delay type                Incr(ns)  Path(ns)    Netlist Resource(s)
  -------------------------------------------------------------------    -------------------
    T18                                               0.000     0.000 r  rst (IN)
                         net (fo=0)                   0.000     0.000    rst
    T18                  IBUF (Prop_ibuf_I_O)         1.454     1.454 r  rst_IBUF_inst/O
                         net (fo=262, routed)         3.405     4.859    Imp3/SR[0]
    SLICE_X58Y30         FDRE                                         r  Imp3/count_reg[16]/R
  -------------------------------------------------------------------    -------------------

                         (clock sys_clk_pin rise edge)
                                                      0.000     0.000 r  
    W5                                                0.000     0.000 r  clk (IN)
                         net (fo=0)                   0.000     0.000    clk
    W5                   IBUF (Prop_ibuf_I_O)         1.388     1.388 r  clk_IBUF_inst/O
                         net (fo=1, routed)           1.862     3.250    clk_IBUF
    BUFGCTRL_X0Y1        BUFG (Prop_bufg_I_O)         0.091     3.341 r  clk_IBUF_BUFG_inst/O
                         net (fo=46, routed)          1.507     4.848    Imp3/clk_IBUF_BUFG
    SLICE_X58Y30         FDRE                                         r  Imp3/count_reg[16]/C

Slack:                    inf
  Source:                 rst
                            (input port)
  Destination:            Imp3/count_reg[17]/R
                            (rising edge-triggered cell FDRE clocked by sys_clk_pin  {rise@0.000ns fall@5.000ns period=10.000ns})
  Path Group:             (none)
  Path Type:              Setup (Max at Slow Process Corner)
  Data Path Delay:        4.859ns  (logic 1.454ns (29.918%)  route 3.405ns (70.082%))
  Logic Levels:           1  (IBUF=1)
  Clock Path Skew:        4.848ns (DCD - SCD + CPR)
    Destination Clock Delay (DCD):    4.848ns
    Source Clock Delay      (SCD):    0.000ns
    Clock Pessimism Removal (CPR):    0.000ns
  Clock Uncertainty:      0.025ns  ((TSJ^2 + TIJ^2)^1/2 + DJ) / 2 + PE
    Total System Jitter     (TSJ):    0.050ns
    Total Input Jitter      (TIJ):    0.000ns
    Discrete Jitter          (DJ):    0.000ns
    Phase Error              (PE):    0.000ns

    Location             Delay type                Incr(ns)  Path(ns)    Netlist Resource(s)
  -------------------------------------------------------------------    -------------------
    T18                                               0.000     0.000 r  rst (IN)
                         net (fo=0)                   0.000     0.000    rst
    T18                  IBUF (Prop_ibuf_I_O)         1.454     1.454 r  rst_IBUF_inst/O
                         net (fo=262, routed)         3.405     4.859    Imp3/SR[0]
    SLICE_X58Y30         FDRE                                         r  Imp3/count_reg[17]/R
  -------------------------------------------------------------------    -------------------

                         (clock sys_clk_pin rise edge)
                                                      0.000     0.000 r  
    W5                                                0.000     0.000 r  clk (IN)
                         net (fo=0)                   0.000     0.000    clk
    W5                   IBUF (Prop_ibuf_I_O)         1.388     1.388 r  clk_IBUF_inst/O
                         net (fo=1, routed)           1.862     3.250    clk_IBUF
    BUFGCTRL_X0Y1        BUFG (Prop_bufg_I_O)         0.091     3.341 r  clk_IBUF_BUFG_inst/O
                         net (fo=46, routed)          1.507     4.848    Imp3/clk_IBUF_BUFG
    SLICE_X58Y30         FDRE                                         r  Imp3/count_reg[17]/C

Slack:                    inf
  Source:                 rst
                            (input port)
  Destination:            Imp3/count_reg[18]/R
                            (rising edge-triggered cell FDRE clocked by sys_clk_pin  {rise@0.000ns fall@5.000ns period=10.000ns})
  Path Group:             (none)
  Path Type:              Setup (Max at Slow Process Corner)
  Data Path Delay:        4.859ns  (logic 1.454ns (29.918%)  route 3.405ns (70.082%))
  Logic Levels:           1  (IBUF=1)
  Clock Path Skew:        4.848ns (DCD - SCD + CPR)
    Destination Clock Delay (DCD):    4.848ns
    Source Clock Delay      (SCD):    0.000ns
    Clock Pessimism Removal (CPR):    0.000ns
  Clock Uncertainty:      0.025ns  ((TSJ^2 + TIJ^2)^1/2 + DJ) / 2 + PE
    Total System Jitter     (TSJ):    0.050ns
    Total Input Jitter      (TIJ):    0.000ns
    Discrete Jitter          (DJ):    0.000ns
    Phase Error              (PE):    0.000ns

    Location             Delay type                Incr(ns)  Path(ns)    Netlist Resource(s)
  -------------------------------------------------------------------    -------------------
    T18                                               0.000     0.000 r  rst (IN)
                         net (fo=0)                   0.000     0.000    rst
    T18                  IBUF (Prop_ibuf_I_O)         1.454     1.454 r  rst_IBUF_inst/O
                         net (fo=262, routed)         3.405     4.859    Imp3/SR[0]
    SLICE_X58Y30         FDRE                                         r  Imp3/count_reg[18]/R
  -------------------------------------------------------------------    -------------------

                         (clock sys_clk_pin rise edge)
                                                      0.000     0.000 r  
    W5                                                0.000     0.000 r  clk (IN)
                         net (fo=0)                   0.000     0.000    clk
    W5                   IBUF (Prop_ibuf_I_O)         1.388     1.388 r  clk_IBUF_inst/O
                         net (fo=1, routed)           1.862     3.250    clk_IBUF
    BUFGCTRL_X0Y1        BUFG (Prop_bufg_I_O)         0.091     3.341 r  clk_IBUF_BUFG_inst/O
                         net (fo=46, routed)          1.507     4.848    Imp3/clk_IBUF_BUFG
    SLICE_X58Y30         FDRE                                         r  Imp3/count_reg[18]/C

Slack:                    inf
  Source:                 rst
                            (input port)
  Destination:            Imp3/count_reg[19]/R
                            (rising edge-triggered cell FDRE clocked by sys_clk_pin  {rise@0.000ns fall@5.000ns period=10.000ns})
  Path Group:             (none)
  Path Type:              Setup (Max at Slow Process Corner)
  Data Path Delay:        4.859ns  (logic 1.454ns (29.918%)  route 3.405ns (70.082%))
  Logic Levels:           1  (IBUF=1)
  Clock Path Skew:        4.848ns (DCD - SCD + CPR)
    Destination Clock Delay (DCD):    4.848ns
    Source Clock Delay      (SCD):    0.000ns
    Clock Pessimism Removal (CPR):    0.000ns
  Clock Uncertainty:      0.025ns  ((TSJ^2 + TIJ^2)^1/2 + DJ) / 2 + PE
    Total System Jitter     (TSJ):    0.050ns
    Total Input Jitter      (TIJ):    0.000ns
    Discrete Jitter          (DJ):    0.000ns
    Phase Error              (PE):    0.000ns

    Location             Delay type                Incr(ns)  Path(ns)    Netlist Resource(s)
  -------------------------------------------------------------------    -------------------
    T18                                               0.000     0.000 r  rst (IN)
                         net (fo=0)                   0.000     0.000    rst
    T18                  IBUF (Prop_ibuf_I_O)         1.454     1.454 r  rst_IBUF_inst/O
                         net (fo=262, routed)         3.405     4.859    Imp3/SR[0]
    SLICE_X58Y30         FDRE                                         r  Imp3/count_reg[19]/R
  -------------------------------------------------------------------    -------------------

                         (clock sys_clk_pin rise edge)
                                                      0.000     0.000 r  
    W5                                                0.000     0.000 r  clk (IN)
                         net (fo=0)                   0.000     0.000    clk
    W5                   IBUF (Prop_ibuf_I_O)         1.388     1.388 r  clk_IBUF_inst/O
                         net (fo=1, routed)           1.862     3.250    clk_IBUF
    BUFGCTRL_X0Y1        BUFG (Prop_bufg_I_O)         0.091     3.341 r  clk_IBUF_BUFG_inst/O
                         net (fo=46, routed)          1.507     4.848    Imp3/clk_IBUF_BUFG
    SLICE_X58Y30         FDRE                                         r  Imp3/count_reg[19]/C

Slack:                    inf
  Source:                 rst
                            (input port)
  Destination:            Imp3/count_reg[12]/R
                            (rising edge-triggered cell FDRE clocked by sys_clk_pin  {rise@0.000ns fall@5.000ns period=10.000ns})
  Path Group:             (none)
  Path Type:              Setup (Max at Slow Process Corner)
  Data Path Delay:        4.711ns  (logic 1.454ns (30.860%)  route 3.257ns (69.140%))
  Logic Levels:           1  (IBUF=1)
  Clock Path Skew:        4.848ns (DCD - SCD + CPR)
    Destination Clock Delay (DCD):    4.848ns
    Source Clock Delay      (SCD):    0.000ns
    Clock Pessimism Removal (CPR):    0.000ns
  Clock Uncertainty:      0.025ns  ((TSJ^2 + TIJ^2)^1/2 + DJ) / 2 + PE
    Total System Jitter     (TSJ):    0.050ns
    Total Input Jitter      (TIJ):    0.000ns
    Discrete Jitter          (DJ):    0.000ns
    Phase Error              (PE):    0.000ns

    Location             Delay type                Incr(ns)  Path(ns)    Netlist Resource(s)
  -------------------------------------------------------------------    -------------------
    T18                                               0.000     0.000 r  rst (IN)
                         net (fo=0)                   0.000     0.000    rst
    T18                  IBUF (Prop_ibuf_I_O)         1.454     1.454 r  rst_IBUF_inst/O
                         net (fo=262, routed)         3.257     4.711    Imp3/SR[0]
    SLICE_X58Y29         FDRE                                         r  Imp3/count_reg[12]/R
  -------------------------------------------------------------------    -------------------

                         (clock sys_clk_pin rise edge)
                                                      0.000     0.000 r  
    W5                                                0.000     0.000 r  clk (IN)
                         net (fo=0)                   0.000     0.000    clk
    W5                   IBUF (Prop_ibuf_I_O)         1.388     1.388 r  clk_IBUF_inst/O
                         net (fo=1, routed)           1.862     3.250    clk_IBUF
    BUFGCTRL_X0Y1        BUFG (Prop_bufg_I_O)         0.091     3.341 r  clk_IBUF_BUFG_inst/O
                         net (fo=46, routed)          1.507     4.848    Imp3/clk_IBUF_BUFG
    SLICE_X58Y29         FDRE                                         r  Imp3/count_reg[12]/C

Slack:                    inf
  Source:                 rst
                            (input port)
  Destination:            Imp3/count_reg[13]/R
                            (rising edge-triggered cell FDRE clocked by sys_clk_pin  {rise@0.000ns fall@5.000ns period=10.000ns})
  Path Group:             (none)
  Path Type:              Setup (Max at Slow Process Corner)
  Data Path Delay:        4.711ns  (logic 1.454ns (30.860%)  route 3.257ns (69.140%))
  Logic Levels:           1  (IBUF=1)
  Clock Path Skew:        4.848ns (DCD - SCD + CPR)
    Destination Clock Delay (DCD):    4.848ns
    Source Clock Delay      (SCD):    0.000ns
    Clock Pessimism Removal (CPR):    0.000ns
  Clock Uncertainty:      0.025ns  ((TSJ^2 + TIJ^2)^1/2 + DJ) / 2 + PE
    Total System Jitter     (TSJ):    0.050ns
    Total Input Jitter      (TIJ):    0.000ns
    Discrete Jitter          (DJ):    0.000ns
    Phase Error              (PE):    0.000ns

    Location             Delay type                Incr(ns)  Path(ns)    Netlist Resource(s)
  -------------------------------------------------------------------    -------------------
    T18                                               0.000     0.000 r  rst (IN)
                         net (fo=0)                   0.000     0.000    rst
    T18                  IBUF (Prop_ibuf_I_O)         1.454     1.454 r  rst_IBUF_inst/O
                         net (fo=262, routed)         3.257     4.711    Imp3/SR[0]
    SLICE_X58Y29         FDRE                                         r  Imp3/count_reg[13]/R
  -------------------------------------------------------------------    -------------------

                         (clock sys_clk_pin rise edge)
                                                      0.000     0.000 r  
    W5                                                0.000     0.000 r  clk (IN)
                         net (fo=0)                   0.000     0.000    clk
    W5                   IBUF (Prop_ibuf_I_O)         1.388     1.388 r  clk_IBUF_inst/O
                         net (fo=1, routed)           1.862     3.250    clk_IBUF
    BUFGCTRL_X0Y1        BUFG (Prop_bufg_I_O)         0.091     3.341 r  clk_IBUF_BUFG_inst/O
                         net (fo=46, routed)          1.507     4.848    Imp3/clk_IBUF_BUFG
    SLICE_X58Y29         FDRE                                         r  Imp3/count_reg[13]/C

Slack:                    inf
  Source:                 rst
                            (input port)
  Destination:            Imp3/count_reg[14]/R
                            (rising edge-triggered cell FDRE clocked by sys_clk_pin  {rise@0.000ns fall@5.000ns period=10.000ns})
  Path Group:             (none)
  Path Type:              Setup (Max at Slow Process Corner)
  Data Path Delay:        4.711ns  (logic 1.454ns (30.860%)  route 3.257ns (69.140%))
  Logic Levels:           1  (IBUF=1)
  Clock Path Skew:        4.848ns (DCD - SCD + CPR)
    Destination Clock Delay (DCD):    4.848ns
    Source Clock Delay      (SCD):    0.000ns
    Clock Pessimism Removal (CPR):    0.000ns
  Clock Uncertainty:      0.025ns  ((TSJ^2 + TIJ^2)^1/2 + DJ) / 2 + PE
    Total System Jitter     (TSJ):    0.050ns
    Total Input Jitter      (TIJ):    0.000ns
    Discrete Jitter          (DJ):    0.000ns
    Phase Error              (PE):    0.000ns

    Location             Delay type                Incr(ns)  Path(ns)    Netlist Resource(s)
  -------------------------------------------------------------------    -------------------
    T18                                               0.000     0.000 r  rst (IN)
                         net (fo=0)                   0.000     0.000    rst
    T18                  IBUF (Prop_ibuf_I_O)         1.454     1.454 r  rst_IBUF_inst/O
                         net (fo=262, routed)         3.257     4.711    Imp3/SR[0]
    SLICE_X58Y29         FDRE                                         r  Imp3/count_reg[14]/R
  -------------------------------------------------------------------    -------------------

                         (clock sys_clk_pin rise edge)
                                                      0.000     0.000 r  
    W5                                                0.000     0.000 r  clk (IN)
                         net (fo=0)                   0.000     0.000    clk
    W5                   IBUF (Prop_ibuf_I_O)         1.388     1.388 r  clk_IBUF_inst/O
                         net (fo=1, routed)           1.862     3.250    clk_IBUF
    BUFGCTRL_X0Y1        BUFG (Prop_bufg_I_O)         0.091     3.341 r  clk_IBUF_BUFG_inst/O
                         net (fo=46, routed)          1.507     4.848    Imp3/clk_IBUF_BUFG
    SLICE_X58Y29         FDRE                                         r  Imp3/count_reg[14]/C

Slack:                    inf
  Source:                 rst
                            (input port)
  Destination:            Imp3/count_reg[15]/R
                            (rising edge-triggered cell FDRE clocked by sys_clk_pin  {rise@0.000ns fall@5.000ns period=10.000ns})
  Path Group:             (none)
  Path Type:              Setup (Max at Slow Process Corner)
  Data Path Delay:        4.711ns  (logic 1.454ns (30.860%)  route 3.257ns (69.140%))
  Logic Levels:           1  (IBUF=1)
  Clock Path Skew:        4.848ns (DCD - SCD + CPR)
    Destination Clock Delay (DCD):    4.848ns
    Source Clock Delay      (SCD):    0.000ns
    Clock Pessimism Removal (CPR):    0.000ns
  Clock Uncertainty:      0.025ns  ((TSJ^2 + TIJ^2)^1/2 + DJ) / 2 + PE
    Total System Jitter     (TSJ):    0.050ns
    Total Input Jitter      (TIJ):    0.000ns
    Discrete Jitter          (DJ):    0.000ns
    Phase Error              (PE):    0.000ns

    Location             Delay type                Incr(ns)  Path(ns)    Netlist Resource(s)
  -------------------------------------------------------------------    -------------------
    T18                                               0.000     0.000 r  rst (IN)
                         net (fo=0)                   0.000     0.000    rst
    T18                  IBUF (Prop_ibuf_I_O)         1.454     1.454 r  rst_IBUF_inst/O
                         net (fo=262, routed)         3.257     4.711    Imp3/SR[0]
    SLICE_X58Y29         FDRE                                         r  Imp3/count_reg[15]/R
  -------------------------------------------------------------------    -------------------

                         (clock sys_clk_pin rise edge)
                                                      0.000     0.000 r  
    W5                                                0.000     0.000 r  clk (IN)
                         net (fo=0)                   0.000     0.000    clk
    W5                   IBUF (Prop_ibuf_I_O)         1.388     1.388 r  clk_IBUF_inst/O
                         net (fo=1, routed)           1.862     3.250    clk_IBUF
    BUFGCTRL_X0Y1        BUFG (Prop_bufg_I_O)         0.091     3.341 r  clk_IBUF_BUFG_inst/O
                         net (fo=46, routed)          1.507     4.848    Imp3/clk_IBUF_BUFG
    SLICE_X58Y29         FDRE                                         r  Imp3/count_reg[15]/C

Slack:                    inf
  Source:                 rst
                            (input port)
  Destination:            Imp3/count_reg[10]/R
                            (rising edge-triggered cell FDRE clocked by sys_clk_pin  {rise@0.000ns fall@5.000ns period=10.000ns})
  Path Group:             (none)
  Path Type:              Setup (Max at Slow Process Corner)
  Data Path Delay:        4.563ns  (logic 1.454ns (31.863%)  route 3.109ns (68.137%))
  Logic Levels:           1  (IBUF=1)
  Clock Path Skew:        4.847ns (DCD - SCD + CPR)
    Destination Clock Delay (DCD):    4.847ns
    Source Clock Delay      (SCD):    0.000ns
    Clock Pessimism Removal (CPR):    0.000ns
  Clock Uncertainty:      0.025ns  ((TSJ^2 + TIJ^2)^1/2 + DJ) / 2 + PE
    Total System Jitter     (TSJ):    0.050ns
    Total Input Jitter      (TIJ):    0.000ns
    Discrete Jitter          (DJ):    0.000ns
    Phase Error              (PE):    0.000ns

    Location             Delay type                Incr(ns)  Path(ns)    Netlist Resource(s)
  -------------------------------------------------------------------    -------------------
    T18                                               0.000     0.000 r  rst (IN)
                         net (fo=0)                   0.000     0.000    rst
    T18                  IBUF (Prop_ibuf_I_O)         1.454     1.454 r  rst_IBUF_inst/O
                         net (fo=262, routed)         3.109     4.563    Imp3/SR[0]
    SLICE_X58Y28         FDRE                                         r  Imp3/count_reg[10]/R
  -------------------------------------------------------------------    -------------------

                         (clock sys_clk_pin rise edge)
                                                      0.000     0.000 r  
    W5                                                0.000     0.000 r  clk (IN)
                         net (fo=0)                   0.000     0.000    clk
    W5                   IBUF (Prop_ibuf_I_O)         1.388     1.388 r  clk_IBUF_inst/O
                         net (fo=1, routed)           1.862     3.250    clk_IBUF
    BUFGCTRL_X0Y1        BUFG (Prop_bufg_I_O)         0.091     3.341 r  clk_IBUF_BUFG_inst/O
                         net (fo=46, routed)          1.506     4.847    Imp3/clk_IBUF_BUFG
    SLICE_X58Y28         FDRE                                         r  Imp3/count_reg[10]/C

Slack:                    inf
  Source:                 rst
                            (input port)
  Destination:            Imp3/count_reg[11]/R
                            (rising edge-triggered cell FDRE clocked by sys_clk_pin  {rise@0.000ns fall@5.000ns period=10.000ns})
  Path Group:             (none)
  Path Type:              Setup (Max at Slow Process Corner)
  Data Path Delay:        4.563ns  (logic 1.454ns (31.863%)  route 3.109ns (68.137%))
  Logic Levels:           1  (IBUF=1)
  Clock Path Skew:        4.847ns (DCD - SCD + CPR)
    Destination Clock Delay (DCD):    4.847ns
    Source Clock Delay      (SCD):    0.000ns
    Clock Pessimism Removal (CPR):    0.000ns
  Clock Uncertainty:      0.025ns  ((TSJ^2 + TIJ^2)^1/2 + DJ) / 2 + PE
    Total System Jitter     (TSJ):    0.050ns
    Total Input Jitter      (TIJ):    0.000ns
    Discrete Jitter          (DJ):    0.000ns
    Phase Error              (PE):    0.000ns

    Location             Delay type                Incr(ns)  Path(ns)    Netlist Resource(s)
  -------------------------------------------------------------------    -------------------
    T18                                               0.000     0.000 r  rst (IN)
                         net (fo=0)                   0.000     0.000    rst
    T18                  IBUF (Prop_ibuf_I_O)         1.454     1.454 r  rst_IBUF_inst/O
                         net (fo=262, routed)         3.109     4.563    Imp3/SR[0]
    SLICE_X58Y28         FDRE                                         r  Imp3/count_reg[11]/R
  -------------------------------------------------------------------    -------------------

                         (clock sys_clk_pin rise edge)
                                                      0.000     0.000 r  
    W5                                                0.000     0.000 r  clk (IN)
                         net (fo=0)                   0.000     0.000    clk
    W5                   IBUF (Prop_ibuf_I_O)         1.388     1.388 r  clk_IBUF_inst/O
                         net (fo=1, routed)           1.862     3.250    clk_IBUF
    BUFGCTRL_X0Y1        BUFG (Prop_bufg_I_O)         0.091     3.341 r  clk_IBUF_BUFG_inst/O
                         net (fo=46, routed)          1.506     4.847    Imp3/clk_IBUF_BUFG
    SLICE_X58Y28         FDRE                                         r  Imp3/count_reg[11]/C





Min Delay Paths
--------------------------------------------------------------------------------------
Slack:                    inf
  Source:                 rst
                            (input port)
  Destination:            Imp3/count_reg[4]/R
                            (rising edge-triggered cell FDRE clocked by sys_clk_pin  {rise@0.000ns fall@5.000ns period=10.000ns})
  Path Group:             (none)
  Path Type:              Hold (Min at Fast Process Corner)
  Data Path Delay:        1.642ns  (logic 0.222ns (13.509%)  route 1.421ns (86.491%))
  Logic Levels:           1  (IBUF=1)
  Clock Path Skew:        1.978ns (DCD - SCD - CPR)
    Destination Clock Delay (DCD):    1.978ns
    Source Clock Delay      (SCD):    0.000ns
    Clock Pessimism Removal (CPR):    -0.000ns

    Location             Delay type                Incr(ns)  Path(ns)    Netlist Resource(s)
  -------------------------------------------------------------------    -------------------
    T18                                               0.000     0.000 r  rst (IN)
                         net (fo=0)                   0.000     0.000    rst
    T18                  IBUF (Prop_ibuf_I_O)         0.222     0.222 r  rst_IBUF_inst/O
                         net (fo=262, routed)         1.421     1.642    Imp3/SR[0]
    SLICE_X58Y27         FDRE                                         r  Imp3/count_reg[4]/R
  -------------------------------------------------------------------    -------------------

                         (clock sys_clk_pin rise edge)
                                                      0.000     0.000 r  
    W5                                                0.000     0.000 r  clk (IN)
                         net (fo=0)                   0.000     0.000    clk
    W5                   IBUF (Prop_ibuf_I_O)         0.414     0.414 r  clk_IBUF_inst/O
                         net (fo=1, routed)           0.685     1.099    clk_IBUF
    BUFGCTRL_X0Y1        BUFG (Prop_bufg_I_O)         0.029     1.128 r  clk_IBUF_BUFG_inst/O
                         net (fo=46, routed)          0.851     1.978    Imp3/clk_IBUF_BUFG
    SLICE_X58Y27         FDRE                                         r  Imp3/count_reg[4]/C

Slack:                    inf
  Source:                 rst
                            (input port)
  Destination:            Imp3/count_reg[5]/R
                            (rising edge-triggered cell FDRE clocked by sys_clk_pin  {rise@0.000ns fall@5.000ns period=10.000ns})
  Path Group:             (none)
  Path Type:              Hold (Min at Fast Process Corner)
  Data Path Delay:        1.642ns  (logic 0.222ns (13.509%)  route 1.421ns (86.491%))
  Logic Levels:           1  (IBUF=1)
  Clock Path Skew:        1.978ns (DCD - SCD - CPR)
    Destination Clock Delay (DCD):    1.978ns
    Source Clock Delay      (SCD):    0.000ns
    Clock Pessimism Removal (CPR):    -0.000ns

    Location             Delay type                Incr(ns)  Path(ns)    Netlist Resource(s)
  -------------------------------------------------------------------    -------------------
    T18                                               0.000     0.000 r  rst (IN)
                         net (fo=0)                   0.000     0.000    rst
    T18                  IBUF (Prop_ibuf_I_O)         0.222     0.222 r  rst_IBUF_inst/O
                         net (fo=262, routed)         1.421     1.642    Imp3/SR[0]
    SLICE_X58Y27         FDRE                                         r  Imp3/count_reg[5]/R
  -------------------------------------------------------------------    -------------------

                         (clock sys_clk_pin rise edge)
                                                      0.000     0.000 r  
    W5                                                0.000     0.000 r  clk (IN)
                         net (fo=0)                   0.000     0.000    clk
    W5                   IBUF (Prop_ibuf_I_O)         0.414     0.414 r  clk_IBUF_inst/O
                         net (fo=1, routed)           0.685     1.099    clk_IBUF
    BUFGCTRL_X0Y1        BUFG (Prop_bufg_I_O)         0.029     1.128 r  clk_IBUF_BUFG_inst/O
                         net (fo=46, routed)          0.851     1.978    Imp3/clk_IBUF_BUFG
    SLICE_X58Y27         FDRE                                         r  Imp3/count_reg[5]/C

Slack:                    inf
  Source:                 rst
                            (input port)
  Destination:            Imp3/count_reg[6]/R
                            (rising edge-triggered cell FDRE clocked by sys_clk_pin  {rise@0.000ns fall@5.000ns period=10.000ns})
  Path Group:             (none)
  Path Type:              Hold (Min at Fast Process Corner)
  Data Path Delay:        1.642ns  (logic 0.222ns (13.509%)  route 1.421ns (86.491%))
  Logic Levels:           1  (IBUF=1)
  Clock Path Skew:        1.978ns (DCD - SCD - CPR)
    Destination Clock Delay (DCD):    1.978ns
    Source Clock Delay      (SCD):    0.000ns
    Clock Pessimism Removal (CPR):    -0.000ns

    Location             Delay type                Incr(ns)  Path(ns)    Netlist Resource(s)
  -------------------------------------------------------------------    -------------------
    T18                                               0.000     0.000 r  rst (IN)
                         net (fo=0)                   0.000     0.000    rst
    T18                  IBUF (Prop_ibuf_I_O)         0.222     0.222 r  rst_IBUF_inst/O
                         net (fo=262, routed)         1.421     1.642    Imp3/SR[0]
    SLICE_X58Y27         FDRE                                         r  Imp3/count_reg[6]/R
  -------------------------------------------------------------------    -------------------

                         (clock sys_clk_pin rise edge)
                                                      0.000     0.000 r  
    W5                                                0.000     0.000 r  clk (IN)
                         net (fo=0)                   0.000     0.000    clk
    W5                   IBUF (Prop_ibuf_I_O)         0.414     0.414 r  clk_IBUF_inst/O
                         net (fo=1, routed)           0.685     1.099    clk_IBUF
    BUFGCTRL_X0Y1        BUFG (Prop_bufg_I_O)         0.029     1.128 r  clk_IBUF_BUFG_inst/O
                         net (fo=46, routed)          0.851     1.978    Imp3/clk_IBUF_BUFG
    SLICE_X58Y27         FDRE                                         r  Imp3/count_reg[6]/C

Slack:                    inf
  Source:                 rst
                            (input port)
  Destination:            Imp3/count_reg[7]/R
                            (rising edge-triggered cell FDRE clocked by sys_clk_pin  {rise@0.000ns fall@5.000ns period=10.000ns})
  Path Group:             (none)
  Path Type:              Hold (Min at Fast Process Corner)
  Data Path Delay:        1.642ns  (logic 0.222ns (13.509%)  route 1.421ns (86.491%))
  Logic Levels:           1  (IBUF=1)
  Clock Path Skew:        1.978ns (DCD - SCD - CPR)
    Destination Clock Delay (DCD):    1.978ns
    Source Clock Delay      (SCD):    0.000ns
    Clock Pessimism Removal (CPR):    -0.000ns

    Location             Delay type                Incr(ns)  Path(ns)    Netlist Resource(s)
  -------------------------------------------------------------------    -------------------
    T18                                               0.000     0.000 r  rst (IN)
                         net (fo=0)                   0.000     0.000    rst
    T18                  IBUF (Prop_ibuf_I_O)         0.222     0.222 r  rst_IBUF_inst/O
                         net (fo=262, routed)         1.421     1.642    Imp3/SR[0]
    SLICE_X58Y27         FDRE                                         r  Imp3/count_reg[7]/R
  -------------------------------------------------------------------    -------------------

                         (clock sys_clk_pin rise edge)
                                                      0.000     0.000 r  
    W5                                                0.000     0.000 r  clk (IN)
                         net (fo=0)                   0.000     0.000    clk
    W5                   IBUF (Prop_ibuf_I_O)         0.414     0.414 r  clk_IBUF_inst/O
                         net (fo=1, routed)           0.685     1.099    clk_IBUF
    BUFGCTRL_X0Y1        BUFG (Prop_bufg_I_O)         0.029     1.128 r  clk_IBUF_BUFG_inst/O
                         net (fo=46, routed)          0.851     1.978    Imp3/clk_IBUF_BUFG
    SLICE_X58Y27         FDRE                                         r  Imp3/count_reg[7]/C

Slack:                    inf
  Source:                 rst
                            (input port)
  Destination:            Imp3/count_reg[0]/R
                            (rising edge-triggered cell FDRE clocked by sys_clk_pin  {rise@0.000ns fall@5.000ns period=10.000ns})
  Path Group:             (none)
  Path Type:              Hold (Min at Fast Process Corner)
  Data Path Delay:        1.684ns  (logic 0.222ns (13.173%)  route 1.462ns (86.827%))
  Logic Levels:           1  (IBUF=1)
  Clock Path Skew:        1.976ns (DCD - SCD - CPR)
    Destination Clock Delay (DCD):    1.976ns
    Source Clock Delay      (SCD):    0.000ns
    Clock Pessimism Removal (CPR):    -0.000ns

    Location             Delay type                Incr(ns)  Path(ns)    Netlist Resource(s)
  -------------------------------------------------------------------    -------------------
    T18                                               0.000     0.000 r  rst (IN)
                         net (fo=0)                   0.000     0.000    rst
    T18                  IBUF (Prop_ibuf_I_O)         0.222     0.222 r  rst_IBUF_inst/O
                         net (fo=262, routed)         1.462     1.684    Imp3/SR[0]
    SLICE_X58Y26         FDRE                                         r  Imp3/count_reg[0]/R
  -------------------------------------------------------------------    -------------------

                         (clock sys_clk_pin rise edge)
                                                      0.000     0.000 r  
    W5                                                0.000     0.000 r  clk (IN)
                         net (fo=0)                   0.000     0.000    clk
    W5                   IBUF (Prop_ibuf_I_O)         0.414     0.414 r  clk_IBUF_inst/O
                         net (fo=1, routed)           0.685     1.099    clk_IBUF
    BUFGCTRL_X0Y1        BUFG (Prop_bufg_I_O)         0.029     1.128 r  clk_IBUF_BUFG_inst/O
                         net (fo=46, routed)          0.849     1.976    Imp3/clk_IBUF_BUFG
    SLICE_X58Y26         FDRE                                         r  Imp3/count_reg[0]/C

Slack:                    inf
  Source:                 rst
                            (input port)
  Destination:            Imp3/count_reg[1]/R
                            (rising edge-triggered cell FDRE clocked by sys_clk_pin  {rise@0.000ns fall@5.000ns period=10.000ns})
  Path Group:             (none)
  Path Type:              Hold (Min at Fast Process Corner)
  Data Path Delay:        1.684ns  (logic 0.222ns (13.173%)  route 1.462ns (86.827%))
  Logic Levels:           1  (IBUF=1)
  Clock Path Skew:        1.976ns (DCD - SCD - CPR)
    Destination Clock Delay (DCD):    1.976ns
    Source Clock Delay      (SCD):    0.000ns
    Clock Pessimism Removal (CPR):    -0.000ns

    Location             Delay type                Incr(ns)  Path(ns)    Netlist Resource(s)
  -------------------------------------------------------------------    -------------------
    T18                                               0.000     0.000 r  rst (IN)
                         net (fo=0)                   0.000     0.000    rst
    T18                  IBUF (Prop_ibuf_I_O)         0.222     0.222 r  rst_IBUF_inst/O
                         net (fo=262, routed)         1.462     1.684    Imp3/SR[0]
    SLICE_X58Y26         FDRE                                         r  Imp3/count_reg[1]/R
  -------------------------------------------------------------------    -------------------

                         (clock sys_clk_pin rise edge)
                                                      0.000     0.000 r  
    W5                                                0.000     0.000 r  clk (IN)
                         net (fo=0)                   0.000     0.000    clk
    W5                   IBUF (Prop_ibuf_I_O)         0.414     0.414 r  clk_IBUF_inst/O
                         net (fo=1, routed)           0.685     1.099    clk_IBUF
    BUFGCTRL_X0Y1        BUFG (Prop_bufg_I_O)         0.029     1.128 r  clk_IBUF_BUFG_inst/O
                         net (fo=46, routed)          0.849     1.976    Imp3/clk_IBUF_BUFG
    SLICE_X58Y26         FDRE                                         r  Imp3/count_reg[1]/C

Slack:                    inf
  Source:                 rst
                            (input port)
  Destination:            Imp3/count_reg[2]/R
                            (rising edge-triggered cell FDRE clocked by sys_clk_pin  {rise@0.000ns fall@5.000ns period=10.000ns})
  Path Group:             (none)
  Path Type:              Hold (Min at Fast Process Corner)
  Data Path Delay:        1.684ns  (logic 0.222ns (13.173%)  route 1.462ns (86.827%))
  Logic Levels:           1  (IBUF=1)
  Clock Path Skew:        1.976ns (DCD - SCD - CPR)
    Destination Clock Delay (DCD):    1.976ns
    Source Clock Delay      (SCD):    0.000ns
    Clock Pessimism Removal (CPR):    -0.000ns

    Location             Delay type                Incr(ns)  Path(ns)    Netlist Resource(s)
  -------------------------------------------------------------------    -------------------
    T18                                               0.000     0.000 r  rst (IN)
                         net (fo=0)                   0.000     0.000    rst
    T18                  IBUF (Prop_ibuf_I_O)         0.222     0.222 r  rst_IBUF_inst/O
                         net (fo=262, routed)         1.462     1.684    Imp3/SR[0]
    SLICE_X58Y26         FDRE                                         r  Imp3/count_reg[2]/R
  -------------------------------------------------------------------    -------------------

                         (clock sys_clk_pin rise edge)
                                                      0.000     0.000 r  
    W5                                                0.000     0.000 r  clk (IN)
                         net (fo=0)                   0.000     0.000    clk
    W5                   IBUF (Prop_ibuf_I_O)         0.414     0.414 r  clk_IBUF_inst/O
                         net (fo=1, routed)           0.685     1.099    clk_IBUF
    BUFGCTRL_X0Y1        BUFG (Prop_bufg_I_O)         0.029     1.128 r  clk_IBUF_BUFG_inst/O
                         net (fo=46, routed)          0.849     1.976    Imp3/clk_IBUF_BUFG
    SLICE_X58Y26         FDRE                                         r  Imp3/count_reg[2]/C

Slack:                    inf
  Source:                 rst
                            (input port)
  Destination:            Imp3/count_reg[3]/R
                            (rising edge-triggered cell FDRE clocked by sys_clk_pin  {rise@0.000ns fall@5.000ns period=10.000ns})
  Path Group:             (none)
  Path Type:              Hold (Min at Fast Process Corner)
  Data Path Delay:        1.684ns  (logic 0.222ns (13.173%)  route 1.462ns (86.827%))
  Logic Levels:           1  (IBUF=1)
  Clock Path Skew:        1.976ns (DCD - SCD - CPR)
    Destination Clock Delay (DCD):    1.976ns
    Source Clock Delay      (SCD):    0.000ns
    Clock Pessimism Removal (CPR):    -0.000ns

    Location             Delay type                Incr(ns)  Path(ns)    Netlist Resource(s)
  -------------------------------------------------------------------    -------------------
    T18                                               0.000     0.000 r  rst (IN)
                         net (fo=0)                   0.000     0.000    rst
    T18                  IBUF (Prop_ibuf_I_O)         0.222     0.222 r  rst_IBUF_inst/O
                         net (fo=262, routed)         1.462     1.684    Imp3/SR[0]
    SLICE_X58Y26         FDRE                                         r  Imp3/count_reg[3]/R
  -------------------------------------------------------------------    -------------------

                         (clock sys_clk_pin rise edge)
                                                      0.000     0.000 r  
    W5                                                0.000     0.000 r  clk (IN)
                         net (fo=0)                   0.000     0.000    clk
    W5                   IBUF (Prop_ibuf_I_O)         0.414     0.414 r  clk_IBUF_inst/O
                         net (fo=1, routed)           0.685     1.099    clk_IBUF
    BUFGCTRL_X0Y1        BUFG (Prop_bufg_I_O)         0.029     1.128 r  clk_IBUF_BUFG_inst/O
                         net (fo=46, routed)          0.849     1.976    Imp3/clk_IBUF_BUFG
    SLICE_X58Y26         FDRE                                         r  Imp3/count_reg[3]/C

Slack:                    inf
  Source:                 rst
                            (input port)
  Destination:            Imp3/count_reg[10]/R
                            (rising edge-triggered cell FDRE clocked by sys_clk_pin  {rise@0.000ns fall@5.000ns period=10.000ns})
  Path Group:             (none)
  Path Type:              Hold (Min at Fast Process Corner)
  Data Path Delay:        1.706ns  (logic 0.222ns (13.008%)  route 1.484ns (86.992%))
  Logic Levels:           1  (IBUF=1)
  Clock Path Skew:        1.979ns (DCD - SCD - CPR)
    Destination Clock Delay (DCD):    1.979ns
    Source Clock Delay      (SCD):    0.000ns
    Clock Pessimism Removal (CPR):    -0.000ns

    Location             Delay type                Incr(ns)  Path(ns)    Netlist Resource(s)
  -------------------------------------------------------------------    -------------------
    T18                                               0.000     0.000 r  rst (IN)
                         net (fo=0)                   0.000     0.000    rst
    T18                  IBUF (Prop_ibuf_I_O)         0.222     0.222 r  rst_IBUF_inst/O
                         net (fo=262, routed)         1.484     1.706    Imp3/SR[0]
    SLICE_X58Y28         FDRE                                         r  Imp3/count_reg[10]/R
  -------------------------------------------------------------------    -------------------

                         (clock sys_clk_pin rise edge)
                                                      0.000     0.000 r  
    W5                                                0.000     0.000 r  clk (IN)
                         net (fo=0)                   0.000     0.000    clk
    W5                   IBUF (Prop_ibuf_I_O)         0.414     0.414 r  clk_IBUF_inst/O
                         net (fo=1, routed)           0.685     1.099    clk_IBUF
    BUFGCTRL_X0Y1        BUFG (Prop_bufg_I_O)         0.029     1.128 r  clk_IBUF_BUFG_inst/O
                         net (fo=46, routed)          0.852     1.979    Imp3/clk_IBUF_BUFG
    SLICE_X58Y28         FDRE                                         r  Imp3/count_reg[10]/C

Slack:                    inf
  Source:                 rst
                            (input port)
  Destination:            Imp3/count_reg[11]/R
                            (rising edge-triggered cell FDRE clocked by sys_clk_pin  {rise@0.000ns fall@5.000ns period=10.000ns})
  Path Group:             (none)
  Path Type:              Hold (Min at Fast Process Corner)
  Data Path Delay:        1.706ns  (logic 0.222ns (13.008%)  route 1.484ns (86.992%))
  Logic Levels:           1  (IBUF=1)
  Clock Path Skew:        1.979ns (DCD - SCD - CPR)
    Destination Clock Delay (DCD):    1.979ns
    Source Clock Delay      (SCD):    0.000ns
    Clock Pessimism Removal (CPR):    -0.000ns

    Location             Delay type                Incr(ns)  Path(ns)    Netlist Resource(s)
  -------------------------------------------------------------------    -------------------
    T18                                               0.000     0.000 r  rst (IN)
                         net (fo=0)                   0.000     0.000    rst
    T18                  IBUF (Prop_ibuf_I_O)         0.222     0.222 r  rst_IBUF_inst/O
                         net (fo=262, routed)         1.484     1.706    Imp3/SR[0]
    SLICE_X58Y28         FDRE                                         r  Imp3/count_reg[11]/R
  -------------------------------------------------------------------    -------------------

                         (clock sys_clk_pin rise edge)
                                                      0.000     0.000 r  
    W5                                                0.000     0.000 r  clk (IN)
                         net (fo=0)                   0.000     0.000    clk
    W5                   IBUF (Prop_ibuf_I_O)         0.414     0.414 r  clk_IBUF_inst/O
                         net (fo=1, routed)           0.685     1.099    clk_IBUF
    BUFGCTRL_X0Y1        BUFG (Prop_bufg_I_O)         0.029     1.128 r  clk_IBUF_BUFG_inst/O
                         net (fo=46, routed)          0.852     1.979    Imp3/clk_IBUF_BUFG
    SLICE_X58Y28         FDRE                                         r  Imp3/count_reg[11]/C





