Copyright 1986-2022 Xilinx, Inc. All Rights Reserved.
------------------------------------------------------------------------------------------------------------------------------------------------------------------------------------------------------------------------------------------
| Tool Version : Vivado v.2022.2 (win64) Build 3671981 Fri Oct 14 05:00:03 MDT 2022
| Date         : Wed Apr  1 13:54:29 2026
| Host         : hw3-r2-v01 running 64-bit major release  (build 9200)
| Command      : report_timing_summary -max_paths 10 -report_unconstrained -file uP16_BASYS3_top_timing_summary_routed.rpt -pb uP16_BASYS3_top_timing_summary_routed.pb -rpx uP16_BASYS3_top_timing_summary_routed.rpx -warn_on_violation
| Design       : uP16_BASYS3_top
| Device       : 7a35t-cpg236
| Speed File   : -1  PRODUCTION 1.23 2018-06-13
------------------------------------------------------------------------------------------------------------------------------------------------------------------------------------------------------------------------------------------

Timing Summary Report

------------------------------------------------------------------------------------------------
| Timer Settings
| --------------
------------------------------------------------------------------------------------------------

  Enable Multi Corner Analysis               :  Yes
  Enable Pessimism Removal                   :  Yes
  Pessimism Removal Resolution               :  Nearest Common Node
  Enable Input Delay Default Clock           :  No
  Enable Preset / Clear Arcs                 :  No
  Disable Flight Delays                      :  No
  Ignore I/O Paths                           :  No
  Timing Early Launch at Borrowing Latches   :  No
  Borrow Time for Max Delay Exceptions       :  Yes
  Merge Timing Exceptions                    :  Yes

  Corner  Analyze    Analyze    
  Name    Max Paths  Min Paths  
  ------  ---------  ---------  
  Slow    Yes        Yes        
  Fast    Yes        Yes        


------------------------------------------------------------------------------------------------
| Report Methodology
| ------------------
------------------------------------------------------------------------------------------------

Rule       Severity          Description                    Violations  
---------  ----------------  -----------------------------  ----------  
TIMING-17  Critical Warning  Non-clocked sequential cell    247         
TIMING-18  Warning           Missing input or output delay  12          

Note: This report is based on the most recent report_methodology run and may not be up-to-date. Run report_methodology on the current design for the latest report.



check_timing report

Table of Contents
-----------------
1. checking no_clock (247)
2. checking constant_clock (0)
3. checking pulse_width_clock (0)
4. checking unconstrained_internal_endpoints (641)
5. checking no_input_delay (1)
6. checking no_output_delay (12)
7. checking multiple_clock (0)
8. checking generated_clocks (0)
9. checking loops (0)
10. checking partial_input_delay (0)
11. checking partial_output_delay (0)
12. checking latch_loops (0)

1. checking no_clock (247)
--------------------------
 There are 247 register/latch pins with no clock driven by root clock pin: Imp2/counter_reg[25]/Q (HIGH)


2. checking constant_clock (0)
------------------------------
 There are 0 register/latch pins with constant_clock.


3. checking pulse_width_clock (0)
---------------------------------
 There are 0 register/latch pins which need pulse_width check


4. checking unconstrained_internal_endpoints (641)
--------------------------------------------------
 There are 641 pins that are not constrained for maximum delay. (HIGH)

 There are 0 pins that are not constrained for maximum delay due to constant clock.


5. checking no_input_delay (1)
------------------------------
 There is 1 input port with no input delay specified. (HIGH)

 There are 0 input ports with no input delay but user has a false path constraint.


6. checking no_output_delay (12)
--------------------------------
 There are 12 ports with no output delay specified. (HIGH)

 There are 0 ports with no output delay but user has a false path constraint

 There are 0 ports with no output delay but with a timing clock defined on it or propagating through it


7. checking multiple_clock (0)
------------------------------
 There are 0 register/latch pins with multiple clocks.


8. checking generated_clocks (0)
--------------------------------
 There are 0 generated clocks that are not connected to a clock source.


9. checking loops (0)
---------------------
 There are 0 combinational loops in the design.


10. checking partial_input_delay (0)
------------------------------------
 There are 0 input ports with partial input delay specified.


11. checking partial_output_delay (0)
-------------------------------------
 There are 0 ports with partial output delay specified.


12. checking latch_loops (0)
----------------------------
 There are 0 combinational latch loops in the design through latch input



------------------------------------------------------------------------------------------------
| Design Timing Summary
| ---------------------
------------------------------------------------------------------------------------------------

    WNS(ns)      TNS(ns)  TNS Failing Endpoints  TNS Total Endpoints      WHS(ns)      THS(ns)  THS Failing Endpoints  THS Total Endpoints     WPWS(ns)     TPWS(ns)  TPWS Failing Endpoints  TPWS Total Endpoints  
    -------      -------  ---------------------  -------------------      -------      -------  ---------------------  -------------------     --------     --------  ----------------------  --------------------  
      6.824        0.000                      0                   46        0.252        0.000                      0                   46        4.500        0.000                       0                    47  


All user specified timing constraints are met.


------------------------------------------------------------------------------------------------
| Clock Summary
| -------------
------------------------------------------------------------------------------------------------

Clock        Waveform(ns)       Period(ns)      Frequency(MHz)
-----        ------------       ----------      --------------
sys_clk_pin  {0.000 5.000}      10.000          100.000         


------------------------------------------------------------------------------------------------
| Intra Clock Table
| -----------------
------------------------------------------------------------------------------------------------

Clock             WNS(ns)      TNS(ns)  TNS Failing Endpoints  TNS Total Endpoints      WHS(ns)      THS(ns)  THS Failing Endpoints  THS Total Endpoints     WPWS(ns)     TPWS(ns)  TPWS Failing Endpoints  TPWS Total Endpoints  
-----             -------      -------  ---------------------  -------------------      -------      -------  ---------------------  -------------------     --------     --------  ----------------------  --------------------  
sys_clk_pin         6.824        0.000                      0                   46        0.252        0.000                      0                   46        4.500        0.000                       0                    47  


------------------------------------------------------------------------------------------------
| Inter Clock Table
| -----------------
------------------------------------------------------------------------------------------------

From Clock    To Clock          WNS(ns)      TNS(ns)  TNS Failing Endpoints  TNS Total Endpoints      WHS(ns)      THS(ns)  THS Failing Endpoints  THS Total Endpoints  
----------    --------          -------      -------  ---------------------  -------------------      -------      -------  ---------------------  -------------------  


------------------------------------------------------------------------------------------------
| Other Path Groups Table
| -----------------------
------------------------------------------------------------------------------------------------

Path Group    From Clock    To Clock          WNS(ns)      TNS(ns)  TNS Failing Endpoints  TNS Total Endpoints      WHS(ns)      THS(ns)  THS Failing Endpoints  THS Total Endpoints  
----------    ----------    --------          -------      -------  ---------------------  -------------------      -------      -------  ---------------------  -------------------  


------------------------------------------------------------------------------------------------
| User Ignored Path Table
| -----------------------
------------------------------------------------------------------------------------------------

Path Group    From Clock    To Clock    
----------    ----------    --------    


------------------------------------------------------------------------------------------------
| Unconstrained Path Table
| ------------------------
------------------------------------------------------------------------------------------------

Path Group    From Clock    To Clock    
----------    ----------    --------    
(none)                                    
(none)        sys_clk_pin                 
(none)                      sys_clk_pin   


------------------------------------------------------------------------------------------------
| Timing Details
| --------------
------------------------------------------------------------------------------------------------


---------------------------------------------------------------------------------------------------
From Clock:  sys_clk_pin
  To Clock:  sys_clk_pin

Setup :            0  Failing Endpoints,  Worst Slack        6.824ns,  Total Violation        0.000ns
Hold  :            0  Failing Endpoints,  Worst Slack        0.252ns,  Total Violation        0.000ns
PW    :            0  Failing Endpoints,  Worst Slack        4.500ns,  Total Violation        0.000ns
---------------------------------------------------------------------------------------------------


Max Delay Paths
--------------------------------------------------------------------------------------
Slack (MET) :             6.824ns  (required time - arrival time)
  Source:                 Imp2/counter_reg[25]/C
                            (rising edge-triggered cell FDRE clocked by sys_clk_pin  {rise@0.000ns fall@5.000ns period=10.000ns})
  Destination:            Imp2/counter_reg[25]/D
                            (rising edge-triggered cell FDRE clocked by sys_clk_pin  {rise@0.000ns fall@5.000ns period=10.000ns})
  Path Group:             sys_clk_pin
  Path Type:              Setup (Max at Slow Process Corner)
  Requirement:            10.000ns  (sys_clk_pin rise@10.000ns - sys_clk_pin rise@0.000ns)
  Data Path Delay:        3.249ns  (logic 0.968ns (29.792%)  route 2.281ns (70.208%))
  Logic Levels:           2  (BUFG=1 CARRY4=1)
  Clock Path Skew:        0.000ns (DCD - SCD + CPR)
    Destination Clock Delay (DCD):    4.785ns = ( 14.785 - 10.000 ) 
    Source Clock Delay      (SCD):    5.085ns
    Clock Pessimism Removal (CPR):    0.300ns
  Clock Uncertainty:      0.035ns  ((TSJ^2 + TIJ^2)^1/2 + DJ) / 2 + PE
    Total System Jitter     (TSJ):    0.071ns
    Total Input Jitter      (TIJ):    0.000ns
    Discrete Jitter          (DJ):    0.000ns
    Phase Error              (PE):    0.000ns

    Location             Delay type                Incr(ns)  Path(ns)    Netlist Resource(s)
  -------------------------------------------------------------------    -------------------
                         (clock sys_clk_pin rise edge)
                                                      0.000     0.000 r  
    W5                                                0.000     0.000 r  clk (IN)
                         net (fo=0)                   0.000     0.000    clk
    W5                   IBUF (Prop_ibuf_I_O)         1.458     1.458 r  clk_IBUF_inst/O
                         net (fo=1, routed)           1.967     3.425    clk_IBUF
    BUFGCTRL_X0Y1        BUFG (Prop_bufg_I_O)         0.096     3.521 r  clk_IBUF_BUFG_inst/O
                         net (fo=46, routed)          1.564     5.085    Imp2/clk_IBUF_BUFG
    SLICE_X34Y46         FDRE                                         r  Imp2/counter_reg[25]/C
  -------------------------------------------------------------------    -------------------
    SLICE_X34Y46         FDRE (Prop_fdre_C_Q)         0.518     5.603 r  Imp2/counter_reg[25]/Q
                         net (fo=1, routed)           0.558     6.161    sClk
    BUFGCTRL_X0Y0        BUFG (Prop_bufg_I_O)         0.096     6.257 r  sClk_BUFG_inst/O
                         net (fo=248, routed)         1.723     7.980    Imp2/sClk_BUFG
    SLICE_X34Y46         CARRY4 (Prop_carry4_S[1]_O[1])
                                                      0.354     8.334 r  Imp2/counter_reg[24]_i_1/O[1]
                         net (fo=1, routed)           0.000     8.334    Imp2/counter_reg[24]_i_1_n_6
    SLICE_X34Y46         FDRE                                         r  Imp2/counter_reg[25]/D
  -------------------------------------------------------------------    -------------------

                         (clock sys_clk_pin rise edge)
                                                     10.000    10.000 r  
    W5                                                0.000    10.000 r  clk (IN)
                         net (fo=0)                   0.000    10.000    clk
    W5                   IBUF (Prop_ibuf_I_O)         1.388    11.388 r  clk_IBUF_inst/O
                         net (fo=1, routed)           1.862    13.250    clk_IBUF
    BUFGCTRL_X0Y1        BUFG (Prop_bufg_I_O)         0.091    13.341 r  clk_IBUF_BUFG_inst/O
                         net (fo=46, routed)          1.444    14.785    Imp2/clk_IBUF_BUFG
    SLICE_X34Y46         FDRE                                         r  Imp2/counter_reg[25]/C
                         clock pessimism              0.300    15.085    
                         clock uncertainty           -0.035    15.050    
    SLICE_X34Y46         FDRE (Setup_fdre_C_D)        0.109    15.159    Imp2/counter_reg[25]
  -------------------------------------------------------------------
                         required time                         15.159    
                         arrival time                          -8.334    
  -------------------------------------------------------------------
                         slack                                  6.824    

Slack (MET) :             7.531ns  (required time - arrival time)
  Source:                 Imp2/counter_reg[1]/C
                            (rising edge-triggered cell FDRE clocked by sys_clk_pin  {rise@0.000ns fall@5.000ns period=10.000ns})
  Destination:            Imp2/counter_reg[24]/D
                            (rising edge-triggered cell FDRE clocked by sys_clk_pin  {rise@0.000ns fall@5.000ns period=10.000ns})
  Path Group:             sys_clk_pin
  Path Type:              Setup (Max at Slow Process Corner)
  Requirement:            10.000ns  (sys_clk_pin rise@10.000ns - sys_clk_pin rise@0.000ns)
  Data Path Delay:        2.520ns  (logic 1.979ns (78.543%)  route 0.541ns (21.457%))
  Logic Levels:           7  (CARRY4=7)
  Clock Path Skew:        -0.023ns (DCD - SCD + CPR)
    Destination Clock Delay (DCD):    4.785ns = ( 14.785 - 10.000 ) 
    Source Clock Delay      (SCD):    5.083ns
    Clock Pessimism Removal (CPR):    0.275ns
  Clock Uncertainty:      0.035ns  ((TSJ^2 + TIJ^2)^1/2 + DJ) / 2 + PE
    Total System Jitter     (TSJ):    0.071ns
    Total Input Jitter      (TIJ):    0.000ns
    Discrete Jitter          (DJ):    0.000ns
    Phase Error              (PE):    0.000ns

    Location             Delay type                Incr(ns)  Path(ns)    Netlist Resource(s)
  -------------------------------------------------------------------    -------------------
                         (clock sys_clk_pin rise edge)
                                                      0.000     0.000 r  
    W5                                                0.000     0.000 r  clk (IN)
                         net (fo=0)                   0.000     0.000    clk
    W5                   IBUF (Prop_ibuf_I_O)         1.458     1.458 r  clk_IBUF_inst/O
                         net (fo=1, routed)           1.967     3.425    clk_IBUF
    BUFGCTRL_X0Y1        BUFG (Prop_bufg_I_O)         0.096     3.521 r  clk_IBUF_BUFG_inst/O
                         net (fo=46, routed)          1.562     5.083    Imp2/clk_IBUF_BUFG
    SLICE_X34Y40         FDRE                                         r  Imp2/counter_reg[1]/C
  -------------------------------------------------------------------    -------------------
    SLICE_X34Y40         FDRE (Prop_fdre_C_Q)         0.518     5.601 r  Imp2/counter_reg[1]/Q
                         net (fo=1, routed)           0.541     6.142    Imp2/counter_reg_n_0_[1]
    SLICE_X34Y40         CARRY4 (Prop_carry4_S[1]_CO[3])
                                                      0.657     6.799 r  Imp2/counter_reg[0]_i_1/CO[3]
                         net (fo=1, routed)           0.000     6.799    Imp2/counter_reg[0]_i_1_n_0
    SLICE_X34Y41         CARRY4 (Prop_carry4_CI_CO[3])
                                                      0.117     6.916 r  Imp2/counter_reg[4]_i_1/CO[3]
                         net (fo=1, routed)           0.000     6.916    Imp2/counter_reg[4]_i_1_n_0
    SLICE_X34Y42         CARRY4 (Prop_carry4_CI_CO[3])
                                                      0.117     7.033 r  Imp2/counter_reg[8]_i_1/CO[3]
                         net (fo=1, routed)           0.000     7.033    Imp2/counter_reg[8]_i_1_n_0
    SLICE_X34Y43         CARRY4 (Prop_carry4_CI_CO[3])
                                                      0.117     7.150 r  Imp2/counter_reg[12]_i_1/CO[3]
                         net (fo=1, routed)           0.000     7.150    Imp2/counter_reg[12]_i_1_n_0
    SLICE_X34Y44         CARRY4 (Prop_carry4_CI_CO[3])
                                                      0.117     7.267 r  Imp2/counter_reg[16]_i_1/CO[3]
                         net (fo=1, routed)           0.000     7.267    Imp2/counter_reg[16]_i_1_n_0
    SLICE_X34Y45         CARRY4 (Prop_carry4_CI_CO[3])
                                                      0.117     7.384 r  Imp2/counter_reg[20]_i_1/CO[3]
                         net (fo=1, routed)           0.000     7.384    Imp2/counter_reg[20]_i_1_n_0
    SLICE_X34Y46         CARRY4 (Prop_carry4_CI_O[0])
                                                      0.219     7.603 r  Imp2/counter_reg[24]_i_1/O[0]
                         net (fo=1, routed)           0.000     7.603    Imp2/counter_reg[24]_i_1_n_7
    SLICE_X34Y46         FDRE                                         r  Imp2/counter_reg[24]/D
  -------------------------------------------------------------------    -------------------

                         (clock sys_clk_pin rise edge)
                                                     10.000    10.000 r  
    W5                                                0.000    10.000 r  clk (IN)
                         net (fo=0)                   0.000    10.000    clk
    W5                   IBUF (Prop_ibuf_I_O)         1.388    11.388 r  clk_IBUF_inst/O
                         net (fo=1, routed)           1.862    13.250    clk_IBUF
    BUFGCTRL_X0Y1        BUFG (Prop_bufg_I_O)         0.091    13.341 r  clk_IBUF_BUFG_inst/O
                         net (fo=46, routed)          1.444    14.785    Imp2/clk_IBUF_BUFG
    SLICE_X34Y46         FDRE                                         r  Imp2/counter_reg[24]/C
                         clock pessimism              0.275    15.060    
                         clock uncertainty           -0.035    15.025    
    SLICE_X34Y46         FDRE (Setup_fdre_C_D)        0.109    15.134    Imp2/counter_reg[24]
  -------------------------------------------------------------------
                         required time                         15.134    
                         arrival time                          -7.603    
  -------------------------------------------------------------------
                         slack                                  7.531    

Slack (MET) :             7.544ns  (required time - arrival time)
  Source:                 Imp2/counter_reg[1]/C
                            (rising edge-triggered cell FDRE clocked by sys_clk_pin  {rise@0.000ns fall@5.000ns period=10.000ns})
  Destination:            Imp2/counter_reg[21]/D
                            (rising edge-triggered cell FDRE clocked by sys_clk_pin  {rise@0.000ns fall@5.000ns period=10.000ns})
  Path Group:             sys_clk_pin
  Path Type:              Setup (Max at Slow Process Corner)
  Requirement:            10.000ns  (sys_clk_pin rise@10.000ns - sys_clk_pin rise@0.000ns)
  Data Path Delay:        2.507ns  (logic 1.966ns (78.431%)  route 0.541ns (21.569%))
  Logic Levels:           6  (CARRY4=6)
  Clock Path Skew:        -0.023ns (DCD - SCD + CPR)
    Destination Clock Delay (DCD):    4.785ns = ( 14.785 - 10.000 ) 
    Source Clock Delay      (SCD):    5.083ns
    Clock Pessimism Removal (CPR):    0.275ns
  Clock Uncertainty:      0.035ns  ((TSJ^2 + TIJ^2)^1/2 + DJ) / 2 + PE
    Total System Jitter     (TSJ):    0.071ns
    Total Input Jitter      (TIJ):    0.000ns
    Discrete Jitter          (DJ):    0.000ns
    Phase Error              (PE):    0.000ns

    Location             Delay type                Incr(ns)  Path(ns)    Netlist Resource(s)
  -------------------------------------------------------------------    -------------------
                         (clock sys_clk_pin rise edge)
                                                      0.000     0.000 r  
    W5                                                0.000     0.000 r  clk (IN)
                         net (fo=0)                   0.000     0.000    clk
    W5                   IBUF (Prop_ibuf_I_O)         1.458     1.458 r  clk_IBUF_inst/O
                         net (fo=1, routed)           1.967     3.425    clk_IBUF
    BUFGCTRL_X0Y1        BUFG (Prop_bufg_I_O)         0.096     3.521 r  clk_IBUF_BUFG_inst/O
                         net (fo=46, routed)          1.562     5.083    Imp2/clk_IBUF_BUFG
    SLICE_X34Y40         FDRE                                         r  Imp2/counter_reg[1]/C
  -------------------------------------------------------------------    -------------------
    SLICE_X34Y40         FDRE (Prop_fdre_C_Q)         0.518     5.601 r  Imp2/counter_reg[1]/Q
                         net (fo=1, routed)           0.541     6.142    Imp2/counter_reg_n_0_[1]
    SLICE_X34Y40         CARRY4 (Prop_carry4_S[1]_CO[3])
                                                      0.657     6.799 r  Imp2/counter_reg[0]_i_1/CO[3]
                         net (fo=1, routed)           0.000     6.799    Imp2/counter_reg[0]_i_1_n_0
    SLICE_X34Y41         CARRY4 (Prop_carry4_CI_CO[3])
                                                      0.117     6.916 r  Imp2/counter_reg[4]_i_1/CO[3]
                         net (fo=1, routed)           0.000     6.916    Imp2/counter_reg[4]_i_1_n_0
    SLICE_X34Y42         CARRY4 (Prop_carry4_CI_CO[3])
                                                      0.117     7.033 r  Imp2/counter_reg[8]_i_1/CO[3]
                         net (fo=1, routed)           0.000     7.033    Imp2/counter_reg[8]_i_1_n_0
    SLICE_X34Y43         CARRY4 (Prop_carry4_CI_CO[3])
                                                      0.117     7.150 r  Imp2/counter_reg[12]_i_1/CO[3]
                         net (fo=1, routed)           0.000     7.150    Imp2/counter_reg[12]_i_1_n_0
    SLICE_X34Y44         CARRY4 (Prop_carry4_CI_CO[3])
                                                      0.117     7.267 r  Imp2/counter_reg[16]_i_1/CO[3]
                         net (fo=1, routed)           0.000     7.267    Imp2/counter_reg[16]_i_1_n_0
    SLICE_X34Y45         CARRY4 (Prop_carry4_CI_O[1])
                                                      0.323     7.590 r  Imp2/counter_reg[20]_i_1/O[1]
                         net (fo=1, routed)           0.000     7.590    Imp2/counter_reg[20]_i_1_n_6
    SLICE_X34Y45         FDRE                                         r  Imp2/counter_reg[21]/D
  -------------------------------------------------------------------    -------------------

                         (clock sys_clk_pin rise edge)
                                                     10.000    10.000 r  
    W5                                                0.000    10.000 r  clk (IN)
                         net (fo=0)                   0.000    10.000    clk
    W5                   IBUF (Prop_ibuf_I_O)         1.388    11.388 r  clk_IBUF_inst/O
                         net (fo=1, routed)           1.862    13.250    clk_IBUF
    BUFGCTRL_X0Y1        BUFG (Prop_bufg_I_O)         0.091    13.341 r  clk_IBUF_BUFG_inst/O
                         net (fo=46, routed)          1.444    14.785    Imp2/clk_IBUF_BUFG
    SLICE_X34Y45         FDRE                                         r  Imp2/counter_reg[21]/C
                         clock pessimism              0.275    15.060    
                         clock uncertainty           -0.035    15.025    
    SLICE_X34Y45         FDRE (Setup_fdre_C_D)        0.109    15.134    Imp2/counter_reg[21]
  -------------------------------------------------------------------
                         required time                         15.134    
                         arrival time                          -7.590    
  -------------------------------------------------------------------
                         slack                                  7.544    

Slack (MET) :             7.552ns  (required time - arrival time)
  Source:                 Imp2/counter_reg[1]/C
                            (rising edge-triggered cell FDRE clocked by sys_clk_pin  {rise@0.000ns fall@5.000ns period=10.000ns})
  Destination:            Imp2/counter_reg[23]/D
                            (rising edge-triggered cell FDRE clocked by sys_clk_pin  {rise@0.000ns fall@5.000ns period=10.000ns})
  Path Group:             sys_clk_pin
  Path Type:              Setup (Max at Slow Process Corner)
  Requirement:            10.000ns  (sys_clk_pin rise@10.000ns - sys_clk_pin rise@0.000ns)
  Data Path Delay:        2.499ns  (logic 1.958ns (78.362%)  route 0.541ns (21.638%))
  Logic Levels:           6  (CARRY4=6)
  Clock Path Skew:        -0.023ns (DCD - SCD + CPR)
    Destination Clock Delay (DCD):    4.785ns = ( 14.785 - 10.000 ) 
    Source Clock Delay      (SCD):    5.083ns
    Clock Pessimism Removal (CPR):    0.275ns
  Clock Uncertainty:      0.035ns  ((TSJ^2 + TIJ^2)^1/2 + DJ) / 2 + PE
    Total System Jitter     (TSJ):    0.071ns
    Total Input Jitter      (TIJ):    0.000ns
    Discrete Jitter          (DJ):    0.000ns
    Phase Error              (PE):    0.000ns

    Location             Delay type                Incr(ns)  Path(ns)    Netlist Resource(s)
  -------------------------------------------------------------------    -------------------
                         (clock sys_clk_pin rise edge)
                                                      0.000     0.000 r  
    W5                                                0.000     0.000 r  clk (IN)
                         net (fo=0)                   0.000     0.000    clk
    W5                   IBUF (Prop_ibuf_I_O)         1.458     1.458 r  clk_IBUF_inst/O
                         net (fo=1, routed)           1.967     3.425    clk_IBUF
    BUFGCTRL_X0Y1        BUFG (Prop_bufg_I_O)         0.096     3.521 r  clk_IBUF_BUFG_inst/O
                         net (fo=46, routed)          1.562     5.083    Imp2/clk_IBUF_BUFG
    SLICE_X34Y40         FDRE                                         r  Imp2/counter_reg[1]/C
  -------------------------------------------------------------------    -------------------
    SLICE_X34Y40         FDRE (Prop_fdre_C_Q)         0.518     5.601 r  Imp2/counter_reg[1]/Q
                         net (fo=1, routed)           0.541     6.142    Imp2/counter_reg_n_0_[1]
    SLICE_X34Y40         CARRY4 (Prop_carry4_S[1]_CO[3])
                                                      0.657     6.799 r  Imp2/counter_reg[0]_i_1/CO[3]
                         net (fo=1, routed)           0.000     6.799    Imp2/counter_reg[0]_i_1_n_0
    SLICE_X34Y41         CARRY4 (Prop_carry4_CI_CO[3])
                                                      0.117     6.916 r  Imp2/counter_reg[4]_i_1/CO[3]
                         net (fo=1, routed)           0.000     6.916    Imp2/counter_reg[4]_i_1_n_0
    SLICE_X34Y42         CARRY4 (Prop_carry4_CI_CO[3])
                                                      0.117     7.033 r  Imp2/counter_reg[8]_i_1/CO[3]
                         net (fo=1, routed)           0.000     7.033    Imp2/counter_reg[8]_i_1_n_0
    SLICE_X34Y43         CARRY4 (Prop_carry4_CI_CO[3])
                                                      0.117     7.150 r  Imp2/counter_reg[12]_i_1/CO[3]
                         net (fo=1, routed)           0.000     7.150    Imp2/counter_reg[12]_i_1_n_0
    SLICE_X34Y44         CARRY4 (Prop_carry4_CI_CO[3])
                                                      0.117     7.267 r  Imp2/counter_reg[16]_i_1/CO[3]
                         net (fo=1, routed)           0.000     7.267    Imp2/counter_reg[16]_i_1_n_0
    SLICE_X34Y45         CARRY4 (Prop_carry4_CI_O[3])
                                                      0.315     7.582 r  Imp2/counter_reg[20]_i_1/O[3]
                         net (fo=1, routed)           0.000     7.582    Imp2/counter_reg[20]_i_1_n_4
    SLICE_X34Y45         FDRE                                         r  Imp2/counter_reg[23]/D
  -------------------------------------------------------------------    -------------------

                         (clock sys_clk_pin rise edge)
                                                     10.000    10.000 r  
    W5                                                0.000    10.000 r  clk (IN)
                         net (fo=0)                   0.000    10.000    clk
    W5                   IBUF (Prop_ibuf_I_O)         1.388    11.388 r  clk_IBUF_inst/O
                         net (fo=1, routed)           1.862    13.250    clk_IBUF
    BUFGCTRL_X0Y1        BUFG (Prop_bufg_I_O)         0.091    13.341 r  clk_IBUF_BUFG_inst/O
                         net (fo=46, routed)          1.444    14.785    Imp2/clk_IBUF_BUFG
    SLICE_X34Y45         FDRE                                         r  Imp2/counter_reg[23]/C
                         clock pessimism              0.275    15.060    
                         clock uncertainty           -0.035    15.025    
    SLICE_X34Y45         FDRE (Setup_fdre_C_D)        0.109    15.134    Imp2/counter_reg[23]
  -------------------------------------------------------------------
                         required time                         15.134    
                         arrival time                          -7.582    
  -------------------------------------------------------------------
                         slack                                  7.552    

Slack (MET) :             7.628ns  (required time - arrival time)
  Source:                 Imp2/counter_reg[1]/C
                            (rising edge-triggered cell FDRE clocked by sys_clk_pin  {rise@0.000ns fall@5.000ns period=10.000ns})
  Destination:            Imp2/counter_reg[22]/D
                            (rising edge-triggered cell FDRE clocked by sys_clk_pin  {rise@0.000ns fall@5.000ns period=10.000ns})
  Path Group:             sys_clk_pin
  Path Type:              Setup (Max at Slow Process Corner)
  Requirement:            10.000ns  (sys_clk_pin rise@10.000ns - sys_clk_pin rise@0.000ns)
  Data Path Delay:        2.423ns  (logic 1.882ns (77.684%)  route 0.541ns (22.316%))
  Logic Levels:           6  (CARRY4=6)
  Clock Path Skew:        -0.023ns (DCD - SCD + CPR)
    Destination Clock Delay (DCD):    4.785ns = ( 14.785 - 10.000 ) 
    Source Clock Delay      (SCD):    5.083ns
    Clock Pessimism Removal (CPR):    0.275ns
  Clock Uncertainty:      0.035ns  ((TSJ^2 + TIJ^2)^1/2 + DJ) / 2 + PE
    Total System Jitter     (TSJ):    0.071ns
    Total Input Jitter      (TIJ):    0.000ns
    Discrete Jitter          (DJ):    0.000ns
    Phase Error              (PE):    0.000ns

    Location             Delay type                Incr(ns)  Path(ns)    Netlist Resource(s)
  -------------------------------------------------------------------    -------------------
                         (clock sys_clk_pin rise edge)
                                                      0.000     0.000 r  
    W5                                                0.000     0.000 r  clk (IN)
                         net (fo=0)                   0.000     0.000    clk
    W5                   IBUF (Prop_ibuf_I_O)         1.458     1.458 r  clk_IBUF_inst/O
                         net (fo=1, routed)           1.967     3.425    clk_IBUF
    BUFGCTRL_X0Y1        BUFG (Prop_bufg_I_O)         0.096     3.521 r  clk_IBUF_BUFG_inst/O
                         net (fo=46, routed)          1.562     5.083    Imp2/clk_IBUF_BUFG
    SLICE_X34Y40         FDRE                                         r  Imp2/counter_reg[1]/C
  -------------------------------------------------------------------    -------------------
    SLICE_X34Y40         FDRE (Prop_fdre_C_Q)         0.518     5.601 r  Imp2/counter_reg[1]/Q
                         net (fo=1, routed)           0.541     6.142    Imp2/counter_reg_n_0_[1]
    SLICE_X34Y40         CARRY4 (Prop_carry4_S[1]_CO[3])
                                                      0.657     6.799 r  Imp2/counter_reg[0]_i_1/CO[3]
                         net (fo=1, routed)           0.000     6.799    Imp2/counter_reg[0]_i_1_n_0
    SLICE_X34Y41         CARRY4 (Prop_carry4_CI_CO[3])
                                                      0.117     6.916 r  Imp2/counter_reg[4]_i_1/CO[3]
                         net (fo=1, routed)           0.000     6.916    Imp2/counter_reg[4]_i_1_n_0
    SLICE_X34Y42         CARRY4 (Prop_carry4_CI_CO[3])
                                                      0.117     7.033 r  Imp2/counter_reg[8]_i_1/CO[3]
                         net (fo=1, routed)           0.000     7.033    Imp2/counter_reg[8]_i_1_n_0
    SLICE_X34Y43         CARRY4 (Prop_carry4_CI_CO[3])
                                                      0.117     7.150 r  Imp2/counter_reg[12]_i_1/CO[3]
                         net (fo=1, routed)           0.000     7.150    Imp2/counter_reg[12]_i_1_n_0
    SLICE_X34Y44         CARRY4 (Prop_carry4_CI_CO[3])
                                                      0.117     7.267 r  Imp2/counter_reg[16]_i_1/CO[3]
                         net (fo=1, routed)           0.000     7.267    Imp2/counter_reg[16]_i_1_n_0
    SLICE_X34Y45         CARRY4 (Prop_carry4_CI_O[2])
                                                      0.239     7.506 r  Imp2/counter_reg[20]_i_1/O[2]
                         net (fo=1, routed)           0.000     7.506    Imp2/counter_reg[20]_i_1_n_5
    SLICE_X34Y45         FDRE                                         r  Imp2/counter_reg[22]/D
  -------------------------------------------------------------------    -------------------

                         (clock sys_clk_pin rise edge)
                                                     10.000    10.000 r  
    W5                                                0.000    10.000 r  clk (IN)
                         net (fo=0)                   0.000    10.000    clk
    W5                   IBUF (Prop_ibuf_I_O)         1.388    11.388 r  clk_IBUF_inst/O
                         net (fo=1, routed)           1.862    13.250    clk_IBUF
    BUFGCTRL_X0Y1        BUFG (Prop_bufg_I_O)         0.091    13.341 r  clk_IBUF_BUFG_inst/O
                         net (fo=46, routed)          1.444    14.785    Imp2/clk_IBUF_BUFG
    SLICE_X34Y45         FDRE                                         r  Imp2/counter_reg[22]/C
                         clock pessimism              0.275    15.060    
                         clock uncertainty           -0.035    15.025    
    SLICE_X34Y45         FDRE (Setup_fdre_C_D)        0.109    15.134    Imp2/counter_reg[22]
  -------------------------------------------------------------------
                         required time                         15.134    
                         arrival time                          -7.506    
  -------------------------------------------------------------------
                         slack                                  7.628    

Slack (MET) :             7.643ns  (required time - arrival time)
  Source:                 Imp3/count_reg[1]/C
                            (rising edge-triggered cell FDRE clocked by sys_clk_pin  {rise@0.000ns fall@5.000ns period=10.000ns})
  Destination:            Imp3/count_reg[17]/D
                            (rising edge-triggered cell FDRE clocked by sys_clk_pin  {rise@0.000ns fall@5.000ns period=10.000ns})
  Path Group:             sys_clk_pin
  Path Type:              Setup (Max at Slow Process Corner)
  Requirement:            10.000ns  (sys_clk_pin rise@10.000ns - sys_clk_pin rise@0.000ns)
  Data Path Delay:        2.353ns  (logic 1.806ns (76.753%)  route 0.547ns (23.247%))
  Logic Levels:           5  (CARRY4=5)
  Clock Path Skew:        -0.031ns (DCD - SCD + CPR)
    Destination Clock Delay (DCD):    4.848ns = ( 14.848 - 10.000 ) 
    Source Clock Delay      (SCD):    5.139ns
    Clock Pessimism Removal (CPR):    0.260ns
  Clock Uncertainty:      0.035ns  ((TSJ^2 + TIJ^2)^1/2 + DJ) / 2 + PE
    Total System Jitter     (TSJ):    0.071ns
    Total Input Jitter      (TIJ):    0.000ns
    Discrete Jitter          (DJ):    0.000ns
    Phase Error              (PE):    0.000ns

    Location             Delay type                Incr(ns)  Path(ns)    Netlist Resource(s)
  -------------------------------------------------------------------    -------------------
                         (clock sys_clk_pin rise edge)
                                                      0.000     0.000 r  
    W5                                                0.000     0.000 r  clk (IN)
                         net (fo=0)                   0.000     0.000    clk
    W5                   IBUF (Prop_ibuf_I_O)         1.458     1.458 r  clk_IBUF_inst/O
                         net (fo=1, routed)           1.967     3.425    clk_IBUF
    BUFGCTRL_X0Y1        BUFG (Prop_bufg_I_O)         0.096     3.521 r  clk_IBUF_BUFG_inst/O
                         net (fo=46, routed)          1.618     5.139    Imp3/clk_IBUF_BUFG
    SLICE_X63Y24         FDRE                                         r  Imp3/count_reg[1]/C
  -------------------------------------------------------------------    -------------------
    SLICE_X63Y24         FDRE (Prop_fdre_C_Q)         0.456     5.595 r  Imp3/count_reg[1]/Q
                         net (fo=1, routed)           0.538     6.133    Imp3/count_reg_n_0_[1]
    SLICE_X63Y24         CARRY4 (Prop_carry4_S[1]_CO[3])
                                                      0.674     6.807 r  Imp3/count_reg[0]_i_1/CO[3]
                         net (fo=1, routed)           0.009     6.816    Imp3/count_reg[0]_i_1_n_0
    SLICE_X63Y25         CARRY4 (Prop_carry4_CI_CO[3])
                                                      0.114     6.930 r  Imp3/count_reg[4]_i_1/CO[3]
                         net (fo=1, routed)           0.000     6.930    Imp3/count_reg[4]_i_1_n_0
    SLICE_X63Y26         CARRY4 (Prop_carry4_CI_CO[3])
                                                      0.114     7.044 r  Imp3/count_reg[8]_i_1/CO[3]
                         net (fo=1, routed)           0.000     7.044    Imp3/count_reg[8]_i_1_n_0
    SLICE_X63Y27         CARRY4 (Prop_carry4_CI_CO[3])
                                                      0.114     7.158 r  Imp3/count_reg[12]_i_1/CO[3]
                         net (fo=1, routed)           0.000     7.158    Imp3/count_reg[12]_i_1_n_0
    SLICE_X63Y28         CARRY4 (Prop_carry4_CI_O[1])
                                                      0.334     7.492 r  Imp3/count_reg[16]_i_1/O[1]
                         net (fo=1, routed)           0.000     7.492    Imp3/count_reg[16]_i_1_n_6
    SLICE_X63Y28         FDRE                                         r  Imp3/count_reg[17]/D
  -------------------------------------------------------------------    -------------------

                         (clock sys_clk_pin rise edge)
                                                     10.000    10.000 r  
    W5                                                0.000    10.000 r  clk (IN)
                         net (fo=0)                   0.000    10.000    clk
    W5                   IBUF (Prop_ibuf_I_O)         1.388    11.388 r  clk_IBUF_inst/O
                         net (fo=1, routed)           1.862    13.250    clk_IBUF
    BUFGCTRL_X0Y1        BUFG (Prop_bufg_I_O)         0.091    13.341 r  clk_IBUF_BUFG_inst/O
                         net (fo=46, routed)          1.507    14.848    Imp3/clk_IBUF_BUFG
    SLICE_X63Y28         FDRE                                         r  Imp3/count_reg[17]/C
                         clock pessimism              0.260    15.108    
                         clock uncertainty           -0.035    15.073    
    SLICE_X63Y28         FDRE (Setup_fdre_C_D)        0.062    15.135    Imp3/count_reg[17]
  -------------------------------------------------------------------
                         required time                         15.135    
                         arrival time                          -7.492    
  -------------------------------------------------------------------
                         slack                                  7.643    

Slack (MET) :             7.648ns  (required time - arrival time)
  Source:                 Imp2/counter_reg[1]/C
                            (rising edge-triggered cell FDRE clocked by sys_clk_pin  {rise@0.000ns fall@5.000ns period=10.000ns})
  Destination:            Imp2/counter_reg[20]/D
                            (rising edge-triggered cell FDRE clocked by sys_clk_pin  {rise@0.000ns fall@5.000ns period=10.000ns})
  Path Group:             sys_clk_pin
  Path Type:              Setup (Max at Slow Process Corner)
  Requirement:            10.000ns  (sys_clk_pin rise@10.000ns - sys_clk_pin rise@0.000ns)
  Data Path Delay:        2.403ns  (logic 1.862ns (77.498%)  route 0.541ns (22.502%))
  Logic Levels:           6  (CARRY4=6)
  Clock Path Skew:        -0.023ns (DCD - SCD + CPR)
    Destination Clock Delay (DCD):    4.785ns = ( 14.785 - 10.000 ) 
    Source Clock Delay      (SCD):    5.083ns
    Clock Pessimism Removal (CPR):    0.275ns
  Clock Uncertainty:      0.035ns  ((TSJ^2 + TIJ^2)^1/2 + DJ) / 2 + PE
    Total System Jitter     (TSJ):    0.071ns
    Total Input Jitter      (TIJ):    0.000ns
    Discrete Jitter          (DJ):    0.000ns
    Phase Error              (PE):    0.000ns

    Location             Delay type                Incr(ns)  Path(ns)    Netlist Resource(s)
  -------------------------------------------------------------------    -------------------
                         (clock sys_clk_pin rise edge)
                                                      0.000     0.000 r  
    W5                                                0.000     0.000 r  clk (IN)
                         net (fo=0)                   0.000     0.000    clk
    W5                   IBUF (Prop_ibuf_I_O)         1.458     1.458 r  clk_IBUF_inst/O
                         net (fo=1, routed)           1.967     3.425    clk_IBUF
    BUFGCTRL_X0Y1        BUFG (Prop_bufg_I_O)         0.096     3.521 r  clk_IBUF_BUFG_inst/O
                         net (fo=46, routed)          1.562     5.083    Imp2/clk_IBUF_BUFG
    SLICE_X34Y40         FDRE                                         r  Imp2/counter_reg[1]/C
  -------------------------------------------------------------------    -------------------
    SLICE_X34Y40         FDRE (Prop_fdre_C_Q)         0.518     5.601 r  Imp2/counter_reg[1]/Q
                         net (fo=1, routed)           0.541     6.142    Imp2/counter_reg_n_0_[1]
    SLICE_X34Y40         CARRY4 (Prop_carry4_S[1]_CO[3])
                                                      0.657     6.799 r  Imp2/counter_reg[0]_i_1/CO[3]
                         net (fo=1, routed)           0.000     6.799    Imp2/counter_reg[0]_i_1_n_0
    SLICE_X34Y41         CARRY4 (Prop_carry4_CI_CO[3])
                                                      0.117     6.916 r  Imp2/counter_reg[4]_i_1/CO[3]
                         net (fo=1, routed)           0.000     6.916    Imp2/counter_reg[4]_i_1_n_0
    SLICE_X34Y42         CARRY4 (Prop_carry4_CI_CO[3])
                                                      0.117     7.033 r  Imp2/counter_reg[8]_i_1/CO[3]
                         net (fo=1, routed)           0.000     7.033    Imp2/counter_reg[8]_i_1_n_0
    SLICE_X34Y43         CARRY4 (Prop_carry4_CI_CO[3])
                                                      0.117     7.150 r  Imp2/counter_reg[12]_i_1/CO[3]
                         net (fo=1, routed)           0.000     7.150    Imp2/counter_reg[12]_i_1_n_0
    SLICE_X34Y44         CARRY4 (Prop_carry4_CI_CO[3])
                                                      0.117     7.267 r  Imp2/counter_reg[16]_i_1/CO[3]
                         net (fo=1, routed)           0.000     7.267    Imp2/counter_reg[16]_i_1_n_0
    SLICE_X34Y45         CARRY4 (Prop_carry4_CI_O[0])
                                                      0.219     7.486 r  Imp2/counter_reg[20]_i_1/O[0]
                         net (fo=1, routed)           0.000     7.486    Imp2/counter_reg[20]_i_1_n_7
    SLICE_X34Y45         FDRE                                         r  Imp2/counter_reg[20]/D
  -------------------------------------------------------------------    -------------------

                         (clock sys_clk_pin rise edge)
                                                     10.000    10.000 r  
    W5                                                0.000    10.000 r  clk (IN)
                         net (fo=0)                   0.000    10.000    clk
    W5                   IBUF (Prop_ibuf_I_O)         1.388    11.388 r  clk_IBUF_inst/O
                         net (fo=1, routed)           1.862    13.250    clk_IBUF
    BUFGCTRL_X0Y1        BUFG (Prop_bufg_I_O)         0.091    13.341 r  clk_IBUF_BUFG_inst/O
                         net (fo=46, routed)          1.444    14.785    Imp2/clk_IBUF_BUFG
    SLICE_X34Y45         FDRE                                         r  Imp2/counter_reg[20]/C
                         clock pessimism              0.275    15.060    
                         clock uncertainty           -0.035    15.025    
    SLICE_X34Y45         FDRE (Setup_fdre_C_D)        0.109    15.134    Imp2/counter_reg[20]
  -------------------------------------------------------------------
                         required time                         15.134    
                         arrival time                          -7.486    
  -------------------------------------------------------------------
                         slack                                  7.648    

Slack (MET) :             7.661ns  (required time - arrival time)
  Source:                 Imp2/counter_reg[1]/C
                            (rising edge-triggered cell FDRE clocked by sys_clk_pin  {rise@0.000ns fall@5.000ns period=10.000ns})
  Destination:            Imp2/counter_reg[17]/D
                            (rising edge-triggered cell FDRE clocked by sys_clk_pin  {rise@0.000ns fall@5.000ns period=10.000ns})
  Path Group:             sys_clk_pin
  Path Type:              Setup (Max at Slow Process Corner)
  Requirement:            10.000ns  (sys_clk_pin rise@10.000ns - sys_clk_pin rise@0.000ns)
  Data Path Delay:        2.390ns  (logic 1.849ns (77.375%)  route 0.541ns (22.625%))
  Logic Levels:           5  (CARRY4=5)
  Clock Path Skew:        -0.023ns (DCD - SCD + CPR)
    Destination Clock Delay (DCD):    4.785ns = ( 14.785 - 10.000 ) 
    Source Clock Delay      (SCD):    5.083ns
    Clock Pessimism Removal (CPR):    0.275ns
  Clock Uncertainty:      0.035ns  ((TSJ^2 + TIJ^2)^1/2 + DJ) / 2 + PE
    Total System Jitter     (TSJ):    0.071ns
    Total Input Jitter      (TIJ):    0.000ns
    Discrete Jitter          (DJ):    0.000ns
    Phase Error              (PE):    0.000ns

    Location             Delay type                Incr(ns)  Path(ns)    Netlist Resource(s)
  -------------------------------------------------------------------    -------------------
                         (clock sys_clk_pin rise edge)
                                                      0.000     0.000 r  
    W5                                                0.000     0.000 r  clk (IN)
                         net (fo=0)                   0.000     0.000    clk
    W5                   IBUF (Prop_ibuf_I_O)         1.458     1.458 r  clk_IBUF_inst/O
                         net (fo=1, routed)           1.967     3.425    clk_IBUF
    BUFGCTRL_X0Y1        BUFG (Prop_bufg_I_O)         0.096     3.521 r  clk_IBUF_BUFG_inst/O
                         net (fo=46, routed)          1.562     5.083    Imp2/clk_IBUF_BUFG
    SLICE_X34Y40         FDRE                                         r  Imp2/counter_reg[1]/C
  -------------------------------------------------------------------    -------------------
    SLICE_X34Y40         FDRE (Prop_fdre_C_Q)         0.518     5.601 r  Imp2/counter_reg[1]/Q
                         net (fo=1, routed)           0.541     6.142    Imp2/counter_reg_n_0_[1]
    SLICE_X34Y40         CARRY4 (Prop_carry4_S[1]_CO[3])
                                                      0.657     6.799 r  Imp2/counter_reg[0]_i_1/CO[3]
                         net (fo=1, routed)           0.000     6.799    Imp2/counter_reg[0]_i_1_n_0
    SLICE_X34Y41         CARRY4 (Prop_carry4_CI_CO[3])
                                                      0.117     6.916 r  Imp2/counter_reg[4]_i_1/CO[3]
                         net (fo=1, routed)           0.000     6.916    Imp2/counter_reg[4]_i_1_n_0
    SLICE_X34Y42         CARRY4 (Prop_carry4_CI_CO[3])
                                                      0.117     7.033 r  Imp2/counter_reg[8]_i_1/CO[3]
                         net (fo=1, routed)           0.000     7.033    Imp2/counter_reg[8]_i_1_n_0
    SLICE_X34Y43         CARRY4 (Prop_carry4_CI_CO[3])
                                                      0.117     7.150 r  Imp2/counter_reg[12]_i_1/CO[3]
                         net (fo=1, routed)           0.000     7.150    Imp2/counter_reg[12]_i_1_n_0
    SLICE_X34Y44         CARRY4 (Prop_carry4_CI_O[1])
                                                      0.323     7.473 r  Imp2/counter_reg[16]_i_1/O[1]
                         net (fo=1, routed)           0.000     7.473    Imp2/counter_reg[16]_i_1_n_6
    SLICE_X34Y44         FDRE                                         r  Imp2/counter_reg[17]/D
  -------------------------------------------------------------------    -------------------

                         (clock sys_clk_pin rise edge)
                                                     10.000    10.000 r  
    W5                                                0.000    10.000 r  clk (IN)
                         net (fo=0)                   0.000    10.000    clk
    W5                   IBUF (Prop_ibuf_I_O)         1.388    11.388 r  clk_IBUF_inst/O
                         net (fo=1, routed)           1.862    13.250    clk_IBUF
    BUFGCTRL_X0Y1        BUFG (Prop_bufg_I_O)         0.091    13.341 r  clk_IBUF_BUFG_inst/O
                         net (fo=46, routed)          1.444    14.785    Imp2/clk_IBUF_BUFG
    SLICE_X34Y44         FDRE                                         r  Imp2/counter_reg[17]/C
                         clock pessimism              0.275    15.060    
                         clock uncertainty           -0.035    15.025    
    SLICE_X34Y44         FDRE (Setup_fdre_C_D)        0.109    15.134    Imp2/counter_reg[17]
  -------------------------------------------------------------------
                         required time                         15.134    
                         arrival time                          -7.473    
  -------------------------------------------------------------------
                         slack                                  7.661    

Slack (MET) :             7.664ns  (required time - arrival time)
  Source:                 Imp3/count_reg[1]/C
                            (rising edge-triggered cell FDRE clocked by sys_clk_pin  {rise@0.000ns fall@5.000ns period=10.000ns})
  Destination:            Imp3/count_reg[19]/D
                            (rising edge-triggered cell FDRE clocked by sys_clk_pin  {rise@0.000ns fall@5.000ns period=10.000ns})
  Path Group:             sys_clk_pin
  Path Type:              Setup (Max at Slow Process Corner)
  Requirement:            10.000ns  (sys_clk_pin rise@10.000ns - sys_clk_pin rise@0.000ns)
  Data Path Delay:        2.332ns  (logic 1.785ns (76.544%)  route 0.547ns (23.456%))
  Logic Levels:           5  (CARRY4=5)
  Clock Path Skew:        -0.031ns (DCD - SCD + CPR)
    Destination Clock Delay (DCD):    4.848ns = ( 14.848 - 10.000 ) 
    Source Clock Delay      (SCD):    5.139ns
    Clock Pessimism Removal (CPR):    0.260ns
  Clock Uncertainty:      0.035ns  ((TSJ^2 + TIJ^2)^1/2 + DJ) / 2 + PE
    Total System Jitter     (TSJ):    0.071ns
    Total Input Jitter      (TIJ):    0.000ns
    Discrete Jitter          (DJ):    0.000ns
    Phase Error              (PE):    0.000ns

    Location             Delay type                Incr(ns)  Path(ns)    Netlist Resource(s)
  -------------------------------------------------------------------    -------------------
                         (clock sys_clk_pin rise edge)
                                                      0.000     0.000 r  
    W5                                                0.000     0.000 r  clk (IN)
                         net (fo=0)                   0.000     0.000    clk
    W5                   IBUF (Prop_ibuf_I_O)         1.458     1.458 r  clk_IBUF_inst/O
                         net (fo=1, routed)           1.967     3.425    clk_IBUF
    BUFGCTRL_X0Y1        BUFG (Prop_bufg_I_O)         0.096     3.521 r  clk_IBUF_BUFG_inst/O
                         net (fo=46, routed)          1.618     5.139    Imp3/clk_IBUF_BUFG
    SLICE_X63Y24         FDRE                                         r  Imp3/count_reg[1]/C
  -------------------------------------------------------------------    -------------------
    SLICE_X63Y24         FDRE (Prop_fdre_C_Q)         0.456     5.595 r  Imp3/count_reg[1]/Q
                         net (fo=1, routed)           0.538     6.133    Imp3/count_reg_n_0_[1]
    SLICE_X63Y24         CARRY4 (Prop_carry4_S[1]_CO[3])
                                                      0.674     6.807 r  Imp3/count_reg[0]_i_1/CO[3]
                         net (fo=1, routed)           0.009     6.816    Imp3/count_reg[0]_i_1_n_0
    SLICE_X63Y25         CARRY4 (Prop_carry4_CI_CO[3])
                                                      0.114     6.930 r  Imp3/count_reg[4]_i_1/CO[3]
                         net (fo=1, routed)           0.000     6.930    Imp3/count_reg[4]_i_1_n_0
    SLICE_X63Y26         CARRY4 (Prop_carry4_CI_CO[3])
                                                      0.114     7.044 r  Imp3/count_reg[8]_i_1/CO[3]
                         net (fo=1, routed)           0.000     7.044    Imp3/count_reg[8]_i_1_n_0
    SLICE_X63Y27         CARRY4 (Prop_carry4_CI_CO[3])
                                                      0.114     7.158 r  Imp3/count_reg[12]_i_1/CO[3]
                         net (fo=1, routed)           0.000     7.158    Imp3/count_reg[12]_i_1_n_0
    SLICE_X63Y28         CARRY4 (Prop_carry4_CI_O[3])
                                                      0.313     7.471 r  Imp3/count_reg[16]_i_1/O[3]
                         net (fo=1, routed)           0.000     7.471    Imp3/count_reg[16]_i_1_n_4
    SLICE_X63Y28         FDRE                                         r  Imp3/count_reg[19]/D
  -------------------------------------------------------------------    -------------------

                         (clock sys_clk_pin rise edge)
                                                     10.000    10.000 r  
    W5                                                0.000    10.000 r  clk (IN)
                         net (fo=0)                   0.000    10.000    clk
    W5                   IBUF (Prop_ibuf_I_O)         1.388    11.388 r  clk_IBUF_inst/O
                         net (fo=1, routed)           1.862    13.250    clk_IBUF
    BUFGCTRL_X0Y1        BUFG (Prop_bufg_I_O)         0.091    13.341 r  clk_IBUF_BUFG_inst/O
                         net (fo=46, routed)          1.507    14.848    Imp3/clk_IBUF_BUFG
    SLICE_X63Y28         FDRE                                         r  Imp3/count_reg[19]/C
                         clock pessimism              0.260    15.108    
                         clock uncertainty           -0.035    15.073    
    SLICE_X63Y28         FDRE (Setup_fdre_C_D)        0.062    15.135    Imp3/count_reg[19]
  -------------------------------------------------------------------
                         required time                         15.135    
                         arrival time                          -7.471    
  -------------------------------------------------------------------
                         slack                                  7.664    

Slack (MET) :             7.669ns  (required time - arrival time)
  Source:                 Imp2/counter_reg[1]/C
                            (rising edge-triggered cell FDRE clocked by sys_clk_pin  {rise@0.000ns fall@5.000ns period=10.000ns})
  Destination:            Imp2/counter_reg[19]/D
                            (rising edge-triggered cell FDRE clocked by sys_clk_pin  {rise@0.000ns fall@5.000ns period=10.000ns})
  Path Group:             sys_clk_pin
  Path Type:              Setup (Max at Slow Process Corner)
  Requirement:            10.000ns  (sys_clk_pin rise@10.000ns - sys_clk_pin rise@0.000ns)
  Data Path Delay:        2.382ns  (logic 1.841ns (77.299%)  route 0.541ns (22.701%))
  Logic Levels:           5  (CARRY4=5)
  Clock Path Skew:        -0.023ns (DCD - SCD + CPR)
    Destination Clock Delay (DCD):    4.785ns = ( 14.785 - 10.000 ) 
    Source Clock Delay      (SCD):    5.083ns
    Clock Pessimism Removal (CPR):    0.275ns
  Clock Uncertainty:      0.035ns  ((TSJ^2 + TIJ^2)^1/2 + DJ) / 2 + PE
    Total System Jitter     (TSJ):    0.071ns
    Total Input Jitter      (TIJ):    0.000ns
    Discrete Jitter          (DJ):    0.000ns
    Phase Error              (PE):    0.000ns

    Location             Delay type                Incr(ns)  Path(ns)    Netlist Resource(s)
  -------------------------------------------------------------------    -------------------
                         (clock sys_clk_pin rise edge)
                                                      0.000     0.000 r  
    W5                                                0.000     0.000 r  clk (IN)
                         net (fo=0)                   0.000     0.000    clk
    W5                   IBUF (Prop_ibuf_I_O)         1.458     1.458 r  clk_IBUF_inst/O
                         net (fo=1, routed)           1.967     3.425    clk_IBUF
    BUFGCTRL_X0Y1        BUFG (Prop_bufg_I_O)         0.096     3.521 r  clk_IBUF_BUFG_inst/O
                         net (fo=46, routed)          1.562     5.083    Imp2/clk_IBUF_BUFG
    SLICE_X34Y40         FDRE                                         r  Imp2/counter_reg[1]/C
  -------------------------------------------------------------------    -------------------
    SLICE_X34Y40         FDRE (Prop_fdre_C_Q)         0.518     5.601 r  Imp2/counter_reg[1]/Q
                         net (fo=1, routed)           0.541     6.142    Imp2/counter_reg_n_0_[1]
    SLICE_X34Y40         CARRY4 (Prop_carry4_S[1]_CO[3])
                                                      0.657     6.799 r  Imp2/counter_reg[0]_i_1/CO[3]
                         net (fo=1, routed)           0.000     6.799    Imp2/counter_reg[0]_i_1_n_0
    SLICE_X34Y41         CARRY4 (Prop_carry4_CI_CO[3])
                                                      0.117     6.916 r  Imp2/counter_reg[4]_i_1/CO[3]
                         net (fo=1, routed)           0.000     6.916    Imp2/counter_reg[4]_i_1_n_0
    SLICE_X34Y42         CARRY4 (Prop_carry4_CI_CO[3])
                                                      0.117     7.033 r  Imp2/counter_reg[8]_i_1/CO[3]
                         net (fo=1, routed)           0.000     7.033    Imp2/counter_reg[8]_i_1_n_0
    SLICE_X34Y43         CARRY4 (Prop_carry4_CI_CO[3])
                                                      0.117     7.150 r  Imp2/counter_reg[12]_i_1/CO[3]
                         net (fo=1, routed)           0.000     7.150    Imp2/counter_reg[12]_i_1_n_0
    SLICE_X34Y44         CARRY4 (Prop_carry4_CI_O[3])
                                                      0.315     7.465 r  Imp2/counter_reg[16]_i_1/O[3]
                         net (fo=1, routed)           0.000     7.465    Imp2/counter_reg[16]_i_1_n_4
    SLICE_X34Y44         FDRE                                         r  Imp2/counter_reg[19]/D
  -------------------------------------------------------------------    -------------------

                         (clock sys_clk_pin rise edge)
                                                     10.000    10.000 r  
    W5                                                0.000    10.000 r  clk (IN)
                         net (fo=0)                   0.000    10.000    clk
    W5                   IBUF (Prop_ibuf_I_O)         1.388    11.388 r  clk_IBUF_inst/O
                         net (fo=1, routed)           1.862    13.250    clk_IBUF
    BUFGCTRL_X0Y1        BUFG (Prop_bufg_I_O)         0.091    13.341 r  clk_IBUF_BUFG_inst/O
                         net (fo=46, routed)          1.444    14.785    Imp2/clk_IBUF_BUFG
    SLICE_X34Y44         FDRE                                         r  Imp2/counter_reg[19]/C
                         clock pessimism              0.275    15.060    
                         clock uncertainty           -0.035    15.025    
    SLICE_X34Y44         FDRE (Setup_fdre_C_D)        0.109    15.134    Imp2/counter_reg[19]
  -------------------------------------------------------------------
                         required time                         15.134    
                         arrival time                          -7.465    
  -------------------------------------------------------------------
                         slack                                  7.669    





Min Delay Paths
--------------------------------------------------------------------------------------
Slack (MET) :             0.252ns  (arrival time - required time)
  Source:                 Imp3/count_reg[11]/C
                            (rising edge-triggered cell FDRE clocked by sys_clk_pin  {rise@0.000ns fall@5.000ns period=10.000ns})
  Destination:            Imp3/count_reg[11]/D
                            (rising edge-triggered cell FDRE clocked by sys_clk_pin  {rise@0.000ns fall@5.000ns period=10.000ns})
  Path Group:             sys_clk_pin
  Path Type:              Hold (Min at Fast Process Corner)
  Requirement:            0.000ns  (sys_clk_pin rise@0.000ns - sys_clk_pin rise@0.000ns)
  Data Path Delay:        0.357ns  (logic 0.249ns (69.714%)  route 0.108ns (30.286%))
  Logic Levels:           1  (CARRY4=1)
  Clock Path Skew:        0.000ns (DCD - SCD - CPR)
    Destination Clock Delay (DCD):    1.978ns
    Source Clock Delay      (SCD):    1.466ns
    Clock Pessimism Removal (CPR):    0.512ns

    Location             Delay type                Incr(ns)  Path(ns)    Netlist Resource(s)
  -------------------------------------------------------------------    -------------------
                         (clock sys_clk_pin rise edge)
                                                      0.000     0.000 r  
    W5                                                0.000     0.000 r  clk (IN)
                         net (fo=0)                   0.000     0.000    clk
    W5                   IBUF (Prop_ibuf_I_O)         0.226     0.226 r  clk_IBUF_inst/O
                         net (fo=1, routed)           0.631     0.858    clk_IBUF
    BUFGCTRL_X0Y1        BUFG (Prop_bufg_I_O)         0.026     0.884 r  clk_IBUF_BUFG_inst/O
                         net (fo=46, routed)          0.583     1.466    Imp3/clk_IBUF_BUFG
    SLICE_X63Y26         FDRE                                         r  Imp3/count_reg[11]/C
  -------------------------------------------------------------------    -------------------
    SLICE_X63Y26         FDRE (Prop_fdre_C_Q)         0.141     1.607 r  Imp3/count_reg[11]/Q
                         net (fo=1, routed)           0.108     1.715    Imp3/count_reg_n_0_[11]
    SLICE_X63Y26         CARRY4 (Prop_carry4_S[3]_O[3])
                                                      0.108     1.823 r  Imp3/count_reg[8]_i_1/O[3]
                         net (fo=1, routed)           0.000     1.823    Imp3/count_reg[8]_i_1_n_4
    SLICE_X63Y26         FDRE                                         r  Imp3/count_reg[11]/D
  -------------------------------------------------------------------    -------------------

                         (clock sys_clk_pin rise edge)
                                                      0.000     0.000 r  
    W5                                                0.000     0.000 r  clk (IN)
                         net (fo=0)                   0.000     0.000    clk
    W5                   IBUF (Prop_ibuf_I_O)         0.414     0.414 r  clk_IBUF_inst/O
                         net (fo=1, routed)           0.685     1.099    clk_IBUF
    BUFGCTRL_X0Y1        BUFG (Prop_bufg_I_O)         0.029     1.128 r  clk_IBUF_BUFG_inst/O
                         net (fo=46, routed)          0.851     1.978    Imp3/clk_IBUF_BUFG
    SLICE_X63Y26         FDRE                                         r  Imp3/count_reg[11]/C
                         clock pessimism             -0.512     1.466    
    SLICE_X63Y26         FDRE (Hold_fdre_C_D)         0.105     1.571    Imp3/count_reg[11]
  -------------------------------------------------------------------
                         required time                         -1.571    
                         arrival time                           1.823    
  -------------------------------------------------------------------
                         slack                                  0.252    

Slack (MET) :             0.252ns  (arrival time - required time)
  Source:                 Imp3/count_reg[15]/C
                            (rising edge-triggered cell FDRE clocked by sys_clk_pin  {rise@0.000ns fall@5.000ns period=10.000ns})
  Destination:            Imp3/count_reg[15]/D
                            (rising edge-triggered cell FDRE clocked by sys_clk_pin  {rise@0.000ns fall@5.000ns period=10.000ns})
  Path Group:             sys_clk_pin
  Path Type:              Hold (Min at Fast Process Corner)
  Requirement:            0.000ns  (sys_clk_pin rise@0.000ns - sys_clk_pin rise@0.000ns)
  Data Path Delay:        0.357ns  (logic 0.249ns (69.714%)  route 0.108ns (30.286%))
  Logic Levels:           1  (CARRY4=1)
  Clock Path Skew:        0.000ns (DCD - SCD - CPR)
    Destination Clock Delay (DCD):    1.980ns
    Source Clock Delay      (SCD):    1.468ns
    Clock Pessimism Removal (CPR):    0.512ns

    Location             Delay type                Incr(ns)  Path(ns)    Netlist Resource(s)
  -------------------------------------------------------------------    -------------------
                         (clock sys_clk_pin rise edge)
                                                      0.000     0.000 r  
    W5                                                0.000     0.000 r  clk (IN)
                         net (fo=0)                   0.000     0.000    clk
    W5                   IBUF (Prop_ibuf_I_O)         0.226     0.226 r  clk_IBUF_inst/O
                         net (fo=1, routed)           0.631     0.858    clk_IBUF
    BUFGCTRL_X0Y1        BUFG (Prop_bufg_I_O)         0.026     0.884 r  clk_IBUF_BUFG_inst/O
                         net (fo=46, routed)          0.585     1.468    Imp3/clk_IBUF_BUFG
    SLICE_X63Y27         FDRE                                         r  Imp3/count_reg[15]/C
  -------------------------------------------------------------------    -------------------
    SLICE_X63Y27         FDRE (Prop_fdre_C_Q)         0.141     1.609 r  Imp3/count_reg[15]/Q
                         net (fo=1, routed)           0.108     1.717    Imp3/count_reg_n_0_[15]
    SLICE_X63Y27         CARRY4 (Prop_carry4_S[3]_O[3])
                                                      0.108     1.825 r  Imp3/count_reg[12]_i_1/O[3]
                         net (fo=1, routed)           0.000     1.825    Imp3/count_reg[12]_i_1_n_4
    SLICE_X63Y27         FDRE                                         r  Imp3/count_reg[15]/D
  -------------------------------------------------------------------    -------------------

                         (clock sys_clk_pin rise edge)
                                                      0.000     0.000 r  
    W5                                                0.000     0.000 r  clk (IN)
                         net (fo=0)                   0.000     0.000    clk
    W5                   IBUF (Prop_ibuf_I_O)         0.414     0.414 r  clk_IBUF_inst/O
                         net (fo=1, routed)           0.685     1.099    clk_IBUF
    BUFGCTRL_X0Y1        BUFG (Prop_bufg_I_O)         0.029     1.128 r  clk_IBUF_BUFG_inst/O
                         net (fo=46, routed)          0.853     1.980    Imp3/clk_IBUF_BUFG
    SLICE_X63Y27         FDRE                                         r  Imp3/count_reg[15]/C
                         clock pessimism             -0.512     1.468    
    SLICE_X63Y27         FDRE (Hold_fdre_C_D)         0.105     1.573    Imp3/count_reg[15]
  -------------------------------------------------------------------
                         required time                         -1.573    
                         arrival time                           1.825    
  -------------------------------------------------------------------
                         slack                                  0.252    

Slack (MET) :             0.252ns  (arrival time - required time)
  Source:                 Imp3/count_reg[3]/C
                            (rising edge-triggered cell FDRE clocked by sys_clk_pin  {rise@0.000ns fall@5.000ns period=10.000ns})
  Destination:            Imp3/count_reg[3]/D
                            (rising edge-triggered cell FDRE clocked by sys_clk_pin  {rise@0.000ns fall@5.000ns period=10.000ns})
  Path Group:             sys_clk_pin
  Path Type:              Hold (Min at Fast Process Corner)
  Requirement:            0.000ns  (sys_clk_pin rise@0.000ns - sys_clk_pin rise@0.000ns)
  Data Path Delay:        0.357ns  (logic 0.249ns (69.714%)  route 0.108ns (30.286%))
  Logic Levels:           1  (CARRY4=1)
  Clock Path Skew:        0.000ns (DCD - SCD - CPR)
    Destination Clock Delay (DCD):    1.977ns
    Source Clock Delay      (SCD):    1.465ns
    Clock Pessimism Removal (CPR):    0.512ns

    Location             Delay type                Incr(ns)  Path(ns)    Netlist Resource(s)
  -------------------------------------------------------------------    -------------------
                         (clock sys_clk_pin rise edge)
                                                      0.000     0.000 r  
    W5                                                0.000     0.000 r  clk (IN)
                         net (fo=0)                   0.000     0.000    clk
    W5                   IBUF (Prop_ibuf_I_O)         0.226     0.226 r  clk_IBUF_inst/O
                         net (fo=1, routed)           0.631     0.858    clk_IBUF
    BUFGCTRL_X0Y1        BUFG (Prop_bufg_I_O)         0.026     0.884 r  clk_IBUF_BUFG_inst/O
                         net (fo=46, routed)          0.582     1.465    Imp3/clk_IBUF_BUFG
    SLICE_X63Y24         FDRE                                         r  Imp3/count_reg[3]/C
  -------------------------------------------------------------------    -------------------
    SLICE_X63Y24         FDRE (Prop_fdre_C_Q)         0.141     1.606 r  Imp3/count_reg[3]/Q
                         net (fo=1, routed)           0.108     1.714    Imp3/count_reg_n_0_[3]
    SLICE_X63Y24         CARRY4 (Prop_carry4_S[3]_O[3])
                                                      0.108     1.822 r  Imp3/count_reg[0]_i_1/O[3]
                         net (fo=1, routed)           0.000     1.822    Imp3/count_reg[0]_i_1_n_4
    SLICE_X63Y24         FDRE                                         r  Imp3/count_reg[3]/D
  -------------------------------------------------------------------    -------------------

                         (clock sys_clk_pin rise edge)
                                                      0.000     0.000 r  
    W5                                                0.000     0.000 r  clk (IN)
                         net (fo=0)                   0.000     0.000    clk
    W5                   IBUF (Prop_ibuf_I_O)         0.414     0.414 r  clk_IBUF_inst/O
                         net (fo=1, routed)           0.685     1.099    clk_IBUF
    BUFGCTRL_X0Y1        BUFG (Prop_bufg_I_O)         0.029     1.128 r  clk_IBUF_BUFG_inst/O
                         net (fo=46, routed)          0.850     1.977    Imp3/clk_IBUF_BUFG
    SLICE_X63Y24         FDRE                                         r  Imp3/count_reg[3]/C
                         clock pessimism             -0.512     1.465    
    SLICE_X63Y24         FDRE (Hold_fdre_C_D)         0.105     1.570    Imp3/count_reg[3]
  -------------------------------------------------------------------
                         required time                         -1.570    
                         arrival time                           1.822    
  -------------------------------------------------------------------
                         slack                                  0.252    

Slack (MET) :             0.252ns  (arrival time - required time)
  Source:                 Imp3/count_reg[7]/C
                            (rising edge-triggered cell FDRE clocked by sys_clk_pin  {rise@0.000ns fall@5.000ns period=10.000ns})
  Destination:            Imp3/count_reg[7]/D
                            (rising edge-triggered cell FDRE clocked by sys_clk_pin  {rise@0.000ns fall@5.000ns period=10.000ns})
  Path Group:             sys_clk_pin
  Path Type:              Hold (Min at Fast Process Corner)
  Requirement:            0.000ns  (sys_clk_pin rise@0.000ns - sys_clk_pin rise@0.000ns)
  Data Path Delay:        0.357ns  (logic 0.249ns (69.714%)  route 0.108ns (30.286%))
  Logic Levels:           1  (CARRY4=1)
  Clock Path Skew:        0.000ns (DCD - SCD - CPR)
    Destination Clock Delay (DCD):    1.977ns
    Source Clock Delay      (SCD):    1.465ns
    Clock Pessimism Removal (CPR):    0.512ns

    Location             Delay type                Incr(ns)  Path(ns)    Netlist Resource(s)
  -------------------------------------------------------------------    -------------------
                         (clock sys_clk_pin rise edge)
                                                      0.000     0.000 r  
    W5                                                0.000     0.000 r  clk (IN)
                         net (fo=0)                   0.000     0.000    clk
    W5                   IBUF (Prop_ibuf_I_O)         0.226     0.226 r  clk_IBUF_inst/O
                         net (fo=1, routed)           0.631     0.858    clk_IBUF
    BUFGCTRL_X0Y1        BUFG (Prop_bufg_I_O)         0.026     0.884 r  clk_IBUF_BUFG_inst/O
                         net (fo=46, routed)          0.582     1.465    Imp3/clk_IBUF_BUFG
    SLICE_X63Y25         FDRE                                         r  Imp3/count_reg[7]/C
  -------------------------------------------------------------------    -------------------
    SLICE_X63Y25         FDRE (Prop_fdre_C_Q)         0.141     1.606 r  Imp3/count_reg[7]/Q
                         net (fo=1, routed)           0.108     1.714    Imp3/count_reg_n_0_[7]
    SLICE_X63Y25         CARRY4 (Prop_carry4_S[3]_O[3])
                                                      0.108     1.822 r  Imp3/count_reg[4]_i_1/O[3]
                         net (fo=1, routed)           0.000     1.822    Imp3/count_reg[4]_i_1_n_4
    SLICE_X63Y25         FDRE                                         r  Imp3/count_reg[7]/D
  -------------------------------------------------------------------    -------------------

                         (clock sys_clk_pin rise edge)
                                                      0.000     0.000 r  
    W5                                                0.000     0.000 r  clk (IN)
                         net (fo=0)                   0.000     0.000    clk
    W5                   IBUF (Prop_ibuf_I_O)         0.414     0.414 r  clk_IBUF_inst/O
                         net (fo=1, routed)           0.685     1.099    clk_IBUF
    BUFGCTRL_X0Y1        BUFG (Prop_bufg_I_O)         0.029     1.128 r  clk_IBUF_BUFG_inst/O
                         net (fo=46, routed)          0.850     1.977    Imp3/clk_IBUF_BUFG
    SLICE_X63Y25         FDRE                                         r  Imp3/count_reg[7]/C
                         clock pessimism             -0.512     1.465    
    SLICE_X63Y25         FDRE (Hold_fdre_C_D)         0.105     1.570    Imp3/count_reg[7]
  -------------------------------------------------------------------
                         required time                         -1.570    
                         arrival time                           1.822    
  -------------------------------------------------------------------
                         slack                                  0.252    

Slack (MET) :             0.254ns  (arrival time - required time)
  Source:                 Imp2/counter_reg[14]/C
                            (rising edge-triggered cell FDRE clocked by sys_clk_pin  {rise@0.000ns fall@5.000ns period=10.000ns})
  Destination:            Imp2/counter_reg[14]/D
                            (rising edge-triggered cell FDRE clocked by sys_clk_pin  {rise@0.000ns fall@5.000ns period=10.000ns})
  Path Group:             sys_clk_pin
  Path Type:              Hold (Min at Fast Process Corner)
  Requirement:            0.000ns  (sys_clk_pin rise@0.000ns - sys_clk_pin rise@0.000ns)
  Data Path Delay:        0.388ns  (logic 0.274ns (70.550%)  route 0.114ns (29.450%))
  Logic Levels:           1  (CARRY4=1)
  Clock Path Skew:        0.000ns (DCD - SCD - CPR)
    Destination Clock Delay (DCD):    1.958ns
    Source Clock Delay      (SCD):    1.445ns
    Clock Pessimism Removal (CPR):    0.513ns

    Location             Delay type                Incr(ns)  Path(ns)    Netlist Resource(s)
  -------------------------------------------------------------------    -------------------
                         (clock sys_clk_pin rise edge)
                                                      0.000     0.000 r  
    W5                                                0.000     0.000 r  clk (IN)
                         net (fo=0)                   0.000     0.000    clk
    W5                   IBUF (Prop_ibuf_I_O)         0.226     0.226 r  clk_IBUF_inst/O
                         net (fo=1, routed)           0.631     0.858    clk_IBUF
    BUFGCTRL_X0Y1        BUFG (Prop_bufg_I_O)         0.026     0.884 r  clk_IBUF_BUFG_inst/O
                         net (fo=46, routed)          0.562     1.445    Imp2/clk_IBUF_BUFG
    SLICE_X34Y43         FDRE                                         r  Imp2/counter_reg[14]/C
  -------------------------------------------------------------------    -------------------
    SLICE_X34Y43         FDRE (Prop_fdre_C_Q)         0.164     1.609 r  Imp2/counter_reg[14]/Q
                         net (fo=1, routed)           0.114     1.724    Imp2/counter_reg_n_0_[14]
    SLICE_X34Y43         CARRY4 (Prop_carry4_S[2]_O[2])
                                                      0.110     1.834 r  Imp2/counter_reg[12]_i_1/O[2]
                         net (fo=1, routed)           0.000     1.834    Imp2/counter_reg[12]_i_1_n_5
    SLICE_X34Y43         FDRE                                         r  Imp2/counter_reg[14]/D
  -------------------------------------------------------------------    -------------------

                         (clock sys_clk_pin rise edge)
                                                      0.000     0.000 r  
    W5                                                0.000     0.000 r  clk (IN)
                         net (fo=0)                   0.000     0.000    clk
    W5                   IBUF (Prop_ibuf_I_O)         0.414     0.414 r  clk_IBUF_inst/O
                         net (fo=1, routed)           0.685     1.099    clk_IBUF
    BUFGCTRL_X0Y1        BUFG (Prop_bufg_I_O)         0.029     1.128 r  clk_IBUF_BUFG_inst/O
                         net (fo=46, routed)          0.831     1.958    Imp2/clk_IBUF_BUFG
    SLICE_X34Y43         FDRE                                         r  Imp2/counter_reg[14]/C
                         clock pessimism             -0.513     1.445    
    SLICE_X34Y43         FDRE (Hold_fdre_C_D)         0.134     1.579    Imp2/counter_reg[14]
  -------------------------------------------------------------------
                         required time                         -1.579    
                         arrival time                           1.834    
  -------------------------------------------------------------------
                         slack                                  0.254    

Slack (MET) :             0.254ns  (arrival time - required time)
  Source:                 Imp2/counter_reg[18]/C
                            (rising edge-triggered cell FDRE clocked by sys_clk_pin  {rise@0.000ns fall@5.000ns period=10.000ns})
  Destination:            Imp2/counter_reg[18]/D
                            (rising edge-triggered cell FDRE clocked by sys_clk_pin  {rise@0.000ns fall@5.000ns period=10.000ns})
  Path Group:             sys_clk_pin
  Path Type:              Hold (Min at Fast Process Corner)
  Requirement:            0.000ns  (sys_clk_pin rise@0.000ns - sys_clk_pin rise@0.000ns)
  Data Path Delay:        0.388ns  (logic 0.274ns (70.550%)  route 0.114ns (29.450%))
  Logic Levels:           1  (CARRY4=1)
  Clock Path Skew:        0.000ns (DCD - SCD - CPR)
    Destination Clock Delay (DCD):    1.958ns
    Source Clock Delay      (SCD):    1.445ns
    Clock Pessimism Removal (CPR):    0.513ns

    Location             Delay type                Incr(ns)  Path(ns)    Netlist Resource(s)
  -------------------------------------------------------------------    -------------------
                         (clock sys_clk_pin rise edge)
                                                      0.000     0.000 r  
    W5                                                0.000     0.000 r  clk (IN)
                         net (fo=0)                   0.000     0.000    clk
    W5                   IBUF (Prop_ibuf_I_O)         0.226     0.226 r  clk_IBUF_inst/O
                         net (fo=1, routed)           0.631     0.858    clk_IBUF
    BUFGCTRL_X0Y1        BUFG (Prop_bufg_I_O)         0.026     0.884 r  clk_IBUF_BUFG_inst/O
                         net (fo=46, routed)          0.562     1.445    Imp2/clk_IBUF_BUFG
    SLICE_X34Y44         FDRE                                         r  Imp2/counter_reg[18]/C
  -------------------------------------------------------------------    -------------------
    SLICE_X34Y44         FDRE (Prop_fdre_C_Q)         0.164     1.609 r  Imp2/counter_reg[18]/Q
                         net (fo=1, routed)           0.114     1.724    Imp2/counter_reg_n_0_[18]
    SLICE_X34Y44         CARRY4 (Prop_carry4_S[2]_O[2])
                                                      0.110     1.834 r  Imp2/counter_reg[16]_i_1/O[2]
                         net (fo=1, routed)           0.000     1.834    Imp2/counter_reg[16]_i_1_n_5
    SLICE_X34Y44         FDRE                                         r  Imp2/counter_reg[18]/D
  -------------------------------------------------------------------    -------------------

                         (clock sys_clk_pin rise edge)
                                                      0.000     0.000 r  
    W5                                                0.000     0.000 r  clk (IN)
                         net (fo=0)                   0.000     0.000    clk
    W5                   IBUF (Prop_ibuf_I_O)         0.414     0.414 r  clk_IBUF_inst/O
                         net (fo=1, routed)           0.685     1.099    clk_IBUF
    BUFGCTRL_X0Y1        BUFG (Prop_bufg_I_O)         0.029     1.128 r  clk_IBUF_BUFG_inst/O
                         net (fo=46, routed)          0.831     1.958    Imp2/clk_IBUF_BUFG
    SLICE_X34Y44         FDRE                                         r  Imp2/counter_reg[18]/C
                         clock pessimism             -0.513     1.445    
    SLICE_X34Y44         FDRE (Hold_fdre_C_D)         0.134     1.579    Imp2/counter_reg[18]
  -------------------------------------------------------------------
                         required time                         -1.579    
                         arrival time                           1.834    
  -------------------------------------------------------------------
                         slack                                  0.254    

Slack (MET) :             0.254ns  (arrival time - required time)
  Source:                 Imp2/counter_reg[22]/C
                            (rising edge-triggered cell FDRE clocked by sys_clk_pin  {rise@0.000ns fall@5.000ns period=10.000ns})
  Destination:            Imp2/counter_reg[22]/D
                            (rising edge-triggered cell FDRE clocked by sys_clk_pin  {rise@0.000ns fall@5.000ns period=10.000ns})
  Path Group:             sys_clk_pin
  Path Type:              Hold (Min at Fast Process Corner)
  Requirement:            0.000ns  (sys_clk_pin rise@0.000ns - sys_clk_pin rise@0.000ns)
  Data Path Delay:        0.388ns  (logic 0.274ns (70.550%)  route 0.114ns (29.450%))
  Logic Levels:           1  (CARRY4=1)
  Clock Path Skew:        0.000ns (DCD - SCD - CPR)
    Destination Clock Delay (DCD):    1.958ns
    Source Clock Delay      (SCD):    1.445ns
    Clock Pessimism Removal (CPR):    0.513ns

    Location             Delay type                Incr(ns)  Path(ns)    Netlist Resource(s)
  -------------------------------------------------------------------    -------------------
                         (clock sys_clk_pin rise edge)
                                                      0.000     0.000 r  
    W5                                                0.000     0.000 r  clk (IN)
                         net (fo=0)                   0.000     0.000    clk
    W5                   IBUF (Prop_ibuf_I_O)         0.226     0.226 r  clk_IBUF_inst/O
                         net (fo=1, routed)           0.631     0.858    clk_IBUF
    BUFGCTRL_X0Y1        BUFG (Prop_bufg_I_O)         0.026     0.884 r  clk_IBUF_BUFG_inst/O
                         net (fo=46, routed)          0.562     1.445    Imp2/clk_IBUF_BUFG
    SLICE_X34Y45         FDRE                                         r  Imp2/counter_reg[22]/C
  -------------------------------------------------------------------    -------------------
    SLICE_X34Y45         FDRE (Prop_fdre_C_Q)         0.164     1.609 r  Imp2/counter_reg[22]/Q
                         net (fo=1, routed)           0.114     1.724    Imp2/counter_reg_n_0_[22]
    SLICE_X34Y45         CARRY4 (Prop_carry4_S[2]_O[2])
                                                      0.110     1.834 r  Imp2/counter_reg[20]_i_1/O[2]
                         net (fo=1, routed)           0.000     1.834    Imp2/counter_reg[20]_i_1_n_5
    SLICE_X34Y45         FDRE                                         r  Imp2/counter_reg[22]/D
  -------------------------------------------------------------------    -------------------

                         (clock sys_clk_pin rise edge)
                                                      0.000     0.000 r  
    W5                                                0.000     0.000 r  clk (IN)
                         net (fo=0)                   0.000     0.000    clk
    W5                   IBUF (Prop_ibuf_I_O)         0.414     0.414 r  clk_IBUF_inst/O
                         net (fo=1, routed)           0.685     1.099    clk_IBUF
    BUFGCTRL_X0Y1        BUFG (Prop_bufg_I_O)         0.029     1.128 r  clk_IBUF_BUFG_inst/O
                         net (fo=46, routed)          0.831     1.958    Imp2/clk_IBUF_BUFG
    SLICE_X34Y45         FDRE                                         r  Imp2/counter_reg[22]/C
                         clock pessimism             -0.513     1.445    
    SLICE_X34Y45         FDRE (Hold_fdre_C_D)         0.134     1.579    Imp2/counter_reg[22]
  -------------------------------------------------------------------
                         required time                         -1.579    
                         arrival time                           1.834    
  -------------------------------------------------------------------
                         slack                                  0.254    

Slack (MET) :             0.254ns  (arrival time - required time)
  Source:                 Imp2/counter_reg[10]/C
                            (rising edge-triggered cell FDRE clocked by sys_clk_pin  {rise@0.000ns fall@5.000ns period=10.000ns})
  Destination:            Imp2/counter_reg[10]/D
                            (rising edge-triggered cell FDRE clocked by sys_clk_pin  {rise@0.000ns fall@5.000ns period=10.000ns})
  Path Group:             sys_clk_pin
  Path Type:              Hold (Min at Fast Process Corner)
  Requirement:            0.000ns  (sys_clk_pin rise@0.000ns - sys_clk_pin rise@0.000ns)
  Data Path Delay:        0.388ns  (logic 0.274ns (70.550%)  route 0.114ns (29.450%))
  Logic Levels:           1  (CARRY4=1)
  Clock Path Skew:        0.000ns (DCD - SCD - CPR)
    Destination Clock Delay (DCD):    1.957ns
    Source Clock Delay      (SCD):    1.444ns
    Clock Pessimism Removal (CPR):    0.513ns

    Location             Delay type                Incr(ns)  Path(ns)    Netlist Resource(s)
  -------------------------------------------------------------------    -------------------
                         (clock sys_clk_pin rise edge)
                                                      0.000     0.000 r  
    W5                                                0.000     0.000 r  clk (IN)
                         net (fo=0)                   0.000     0.000    clk
    W5                   IBUF (Prop_ibuf_I_O)         0.226     0.226 r  clk_IBUF_inst/O
                         net (fo=1, routed)           0.631     0.858    clk_IBUF
    BUFGCTRL_X0Y1        BUFG (Prop_bufg_I_O)         0.026     0.884 r  clk_IBUF_BUFG_inst/O
                         net (fo=46, routed)          0.561     1.444    Imp2/clk_IBUF_BUFG
    SLICE_X34Y42         FDRE                                         r  Imp2/counter_reg[10]/C
  -------------------------------------------------------------------    -------------------
    SLICE_X34Y42         FDRE (Prop_fdre_C_Q)         0.164     1.608 r  Imp2/counter_reg[10]/Q
                         net (fo=1, routed)           0.114     1.723    Imp2/counter_reg_n_0_[10]
    SLICE_X34Y42         CARRY4 (Prop_carry4_S[2]_O[2])
                                                      0.110     1.833 r  Imp2/counter_reg[8]_i_1/O[2]
                         net (fo=1, routed)           0.000     1.833    Imp2/counter_reg[8]_i_1_n_5
    SLICE_X34Y42         FDRE                                         r  Imp2/counter_reg[10]/D
  -------------------------------------------------------------------    -------------------

                         (clock sys_clk_pin rise edge)
                                                      0.000     0.000 r  
    W5                                                0.000     0.000 r  clk (IN)
                         net (fo=0)                   0.000     0.000    clk
    W5                   IBUF (Prop_ibuf_I_O)         0.414     0.414 r  clk_IBUF_inst/O
                         net (fo=1, routed)           0.685     1.099    clk_IBUF
    BUFGCTRL_X0Y1        BUFG (Prop_bufg_I_O)         0.029     1.128 r  clk_IBUF_BUFG_inst/O
                         net (fo=46, routed)          0.830     1.957    Imp2/clk_IBUF_BUFG
    SLICE_X34Y42         FDRE                                         r  Imp2/counter_reg[10]/C
                         clock pessimism             -0.513     1.444    
    SLICE_X34Y42         FDRE (Hold_fdre_C_D)         0.134     1.578    Imp2/counter_reg[10]
  -------------------------------------------------------------------
                         required time                         -1.578    
                         arrival time                           1.833    
  -------------------------------------------------------------------
                         slack                                  0.254    

Slack (MET) :             0.254ns  (arrival time - required time)
  Source:                 Imp2/counter_reg[2]/C
                            (rising edge-triggered cell FDRE clocked by sys_clk_pin  {rise@0.000ns fall@5.000ns period=10.000ns})
  Destination:            Imp2/counter_reg[2]/D
                            (rising edge-triggered cell FDRE clocked by sys_clk_pin  {rise@0.000ns fall@5.000ns period=10.000ns})
  Path Group:             sys_clk_pin
  Path Type:              Hold (Min at Fast Process Corner)
  Requirement:            0.000ns  (sys_clk_pin rise@0.000ns - sys_clk_pin rise@0.000ns)
  Data Path Delay:        0.388ns  (logic 0.274ns (70.550%)  route 0.114ns (29.450%))
  Logic Levels:           1  (CARRY4=1)
  Clock Path Skew:        0.000ns (DCD - SCD - CPR)
    Destination Clock Delay (DCD):    1.957ns
    Source Clock Delay      (SCD):    1.444ns
    Clock Pessimism Removal (CPR):    0.513ns

    Location             Delay type                Incr(ns)  Path(ns)    Netlist Resource(s)
  -------------------------------------------------------------------    -------------------
                         (clock sys_clk_pin rise edge)
                                                      0.000     0.000 r  
    W5                                                0.000     0.000 r  clk (IN)
                         net (fo=0)                   0.000     0.000    clk
    W5                   IBUF (Prop_ibuf_I_O)         0.226     0.226 r  clk_IBUF_inst/O
                         net (fo=1, routed)           0.631     0.858    clk_IBUF
    BUFGCTRL_X0Y1        BUFG (Prop_bufg_I_O)         0.026     0.884 r  clk_IBUF_BUFG_inst/O
                         net (fo=46, routed)          0.561     1.444    Imp2/clk_IBUF_BUFG
    SLICE_X34Y40         FDRE                                         r  Imp2/counter_reg[2]/C
  -------------------------------------------------------------------    -------------------
    SLICE_X34Y40         FDRE (Prop_fdre_C_Q)         0.164     1.608 r  Imp2/counter_reg[2]/Q
                         net (fo=1, routed)           0.114     1.723    Imp2/counter_reg_n_0_[2]
    SLICE_X34Y40         CARRY4 (Prop_carry4_S[2]_O[2])
                                                      0.110     1.833 r  Imp2/counter_reg[0]_i_1/O[2]
                         net (fo=1, routed)           0.000     1.833    Imp2/counter_reg[0]_i_1_n_5
    SLICE_X34Y40         FDRE                                         r  Imp2/counter_reg[2]/D
  -------------------------------------------------------------------    -------------------

                         (clock sys_clk_pin rise edge)
                                                      0.000     0.000 r  
    W5                                                0.000     0.000 r  clk (IN)
                         net (fo=0)                   0.000     0.000    clk
    W5                   IBUF (Prop_ibuf_I_O)         0.414     0.414 r  clk_IBUF_inst/O
                         net (fo=1, routed)           0.685     1.099    clk_IBUF
    BUFGCTRL_X0Y1        BUFG (Prop_bufg_I_O)         0.029     1.128 r  clk_IBUF_BUFG_inst/O
                         net (fo=46, routed)          0.830     1.957    Imp2/clk_IBUF_BUFG
    SLICE_X34Y40         FDRE                                         r  Imp2/counter_reg[2]/C
                         clock pessimism             -0.513     1.444    
    SLICE_X34Y40         FDRE (Hold_fdre_C_D)         0.134     1.578    Imp2/counter_reg[2]
  -------------------------------------------------------------------
                         required time                         -1.578    
                         arrival time                           1.833    
  -------------------------------------------------------------------
                         slack                                  0.254    

Slack (MET) :             0.254ns  (arrival time - required time)
  Source:                 Imp2/counter_reg[6]/C
                            (rising edge-triggered cell FDRE clocked by sys_clk_pin  {rise@0.000ns fall@5.000ns period=10.000ns})
  Destination:            Imp2/counter_reg[6]/D
                            (rising edge-triggered cell FDRE clocked by sys_clk_pin  {rise@0.000ns fall@5.000ns period=10.000ns})
  Path Group:             sys_clk_pin
  Path Type:              Hold (Min at Fast Process Corner)
  Requirement:            0.000ns  (sys_clk_pin rise@0.000ns - sys_clk_pin rise@0.000ns)
  Data Path Delay:        0.388ns  (logic 0.274ns (70.550%)  route 0.114ns (29.450%))
  Logic Levels:           1  (CARRY4=1)
  Clock Path Skew:        0.000ns (DCD - SCD - CPR)
    Destination Clock Delay (DCD):    1.957ns
    Source Clock Delay      (SCD):    1.444ns
    Clock Pessimism Removal (CPR):    0.513ns

    Location             Delay type                Incr(ns)  Path(ns)    Netlist Resource(s)
  -------------------------------------------------------------------    -------------------
                         (clock sys_clk_pin rise edge)
                                                      0.000     0.000 r  
    W5                                                0.000     0.000 r  clk (IN)
                         net (fo=0)                   0.000     0.000    clk
    W5                   IBUF (Prop_ibuf_I_O)         0.226     0.226 r  clk_IBUF_inst/O
                         net (fo=1, routed)           0.631     0.858    clk_IBUF
    BUFGCTRL_X0Y1        BUFG (Prop_bufg_I_O)         0.026     0.884 r  clk_IBUF_BUFG_inst/O
                         net (fo=46, routed)          0.561     1.444    Imp2/clk_IBUF_BUFG
    SLICE_X34Y41         FDRE                                         r  Imp2/counter_reg[6]/C
  -------------------------------------------------------------------    -------------------
    SLICE_X34Y41         FDRE (Prop_fdre_C_Q)         0.164     1.608 r  Imp2/counter_reg[6]/Q
                         net (fo=1, routed)           0.114     1.723    Imp2/counter_reg_n_0_[6]
    SLICE_X34Y41         CARRY4 (Prop_carry4_S[2]_O[2])
                                                      0.110     1.833 r  Imp2/counter_reg[4]_i_1/O[2]
                         net (fo=1, routed)           0.000     1.833    Imp2/counter_reg[4]_i_1_n_5
    SLICE_X34Y41         FDRE                                         r  Imp2/counter_reg[6]/D
  -------------------------------------------------------------------    -------------------

                         (clock sys_clk_pin rise edge)
                                                      0.000     0.000 r  
    W5                                                0.000     0.000 r  clk (IN)
                         net (fo=0)                   0.000     0.000    clk
    W5                   IBUF (Prop_ibuf_I_O)         0.414     0.414 r  clk_IBUF_inst/O
                         net (fo=1, routed)           0.685     1.099    clk_IBUF
    BUFGCTRL_X0Y1        BUFG (Prop_bufg_I_O)         0.029     1.128 r  clk_IBUF_BUFG_inst/O
                         net (fo=46, routed)          0.830     1.957    Imp2/clk_IBUF_BUFG
    SLICE_X34Y41         FDRE                                         r  Imp2/counter_reg[6]/C
                         clock pessimism             -0.513     1.444    
    SLICE_X34Y41         FDRE (Hold_fdre_C_D)         0.134     1.578    Imp2/counter_reg[6]
  -------------------------------------------------------------------
                         required time                         -1.578    
                         arrival time                           1.833    
  -------------------------------------------------------------------
                         slack                                  0.254    





Pulse Width Checks
--------------------------------------------------------------------------------------
Clock Name:         sys_clk_pin
Waveform(ns):       { 0.000 5.000 }
Period(ns):         10.000
Sources:            { clk }

Check Type        Corner  Lib Pin  Reference Pin  Required(ns)  Actual(ns)  Slack(ns)  Location       Pin
Min Period        n/a     BUFG/I   n/a            2.155         10.000      7.845      BUFGCTRL_X0Y1  clk_IBUF_BUFG_inst/I
Min Period        n/a     FDRE/C   n/a            1.000         10.000      9.000      SLICE_X34Y40   Imp2/counter_reg[0]/C
Min Period        n/a     FDRE/C   n/a            1.000         10.000      9.000      SLICE_X34Y42   Imp2/counter_reg[10]/C
Min Period        n/a     FDRE/C   n/a            1.000         10.000      9.000      SLICE_X34Y42   Imp2/counter_reg[11]/C
Min Period        n/a     FDRE/C   n/a            1.000         10.000      9.000      SLICE_X34Y43   Imp2/counter_reg[12]/C
Min Period        n/a     FDRE/C   n/a            1.000         10.000      9.000      SLICE_X34Y43   Imp2/counter_reg[13]/C
Min Period        n/a     FDRE/C   n/a            1.000         10.000      9.000      SLICE_X34Y43   Imp2/counter_reg[14]/C
Min Period        n/a     FDRE/C   n/a            1.000         10.000      9.000      SLICE_X34Y43   Imp2/counter_reg[15]/C
Min Period        n/a     FDRE/C   n/a            1.000         10.000      9.000      SLICE_X34Y44   Imp2/counter_reg[16]/C
Min Period        n/a     FDRE/C   n/a            1.000         10.000      9.000      SLICE_X34Y44   Imp2/counter_reg[17]/C
Low Pulse Width   Slow    FDRE/C   n/a            0.500         5.000       4.500      SLICE_X34Y40   Imp2/counter_reg[0]/C
Low Pulse Width   Fast    FDRE/C   n/a            0.500         5.000       4.500      SLICE_X34Y40   Imp2/counter_reg[0]/C
Low Pulse Width   Slow    FDRE/C   n/a            0.500         5.000       4.500      SLICE_X34Y42   Imp2/counter_reg[10]/C
Low Pulse Width   Fast    FDRE/C   n/a            0.500         5.000       4.500      SLICE_X34Y42   Imp2/counter_reg[10]/C
Low Pulse Width   Slow    FDRE/C   n/a            0.500         5.000       4.500      SLICE_X34Y42   Imp2/counter_reg[11]/C
Low Pulse Width   Fast    FDRE/C   n/a            0.500         5.000       4.500      SLICE_X34Y42   Imp2/counter_reg[11]/C
Low Pulse Width   Slow    FDRE/C   n/a            0.500         5.000       4.500      SLICE_X34Y43   Imp2/counter_reg[12]/C
Low Pulse Width   Fast    FDRE/C   n/a            0.500         5.000       4.500      SLICE_X34Y43   Imp2/counter_reg[12]/C
Low Pulse Width   Slow    FDRE/C   n/a            0.500         5.000       4.500      SLICE_X34Y43   Imp2/counter_reg[13]/C
Low Pulse Width   Fast    FDRE/C   n/a            0.500         5.000       4.500      SLICE_X34Y43   Imp2/counter_reg[13]/C
High Pulse Width  Slow    FDRE/C   n/a            0.500         5.000       4.500      SLICE_X34Y40   Imp2/counter_reg[0]/C
High Pulse Width  Fast    FDRE/C   n/a            0.500         5.000       4.500      SLICE_X34Y40   Imp2/counter_reg[0]/C
High Pulse Width  Slow    FDRE/C   n/a            0.500         5.000       4.500      SLICE_X34Y42   Imp2/counter_reg[10]/C
High Pulse Width  Fast    FDRE/C   n/a            0.500         5.000       4.500      SLICE_X34Y42   Imp2/counter_reg[10]/C
High Pulse Width  Slow    FDRE/C   n/a            0.500         5.000       4.500      SLICE_X34Y42   Imp2/counter_reg[11]/C
High Pulse Width  Fast    FDRE/C   n/a            0.500         5.000       4.500      SLICE_X34Y42   Imp2/counter_reg[11]/C
High Pulse Width  Slow    FDRE/C   n/a            0.500         5.000       4.500      SLICE_X34Y43   Imp2/counter_reg[12]/C
High Pulse Width  Fast    FDRE/C   n/a            0.500         5.000       4.500      SLICE_X34Y43   Imp2/counter_reg[12]/C
High Pulse Width  Slow    FDRE/C   n/a            0.500         5.000       4.500      SLICE_X34Y43   Imp2/counter_reg[13]/C
High Pulse Width  Fast    FDRE/C   n/a            0.500         5.000       4.500      SLICE_X34Y43   Imp2/counter_reg[13]/C



--------------------------------------------------------------------------------------
Path Group:  (none)
From Clock:  
  To Clock:  

Max Delay           651 Endpoints
Min Delay           651 Endpoints
--------------------------------------------------------------------------------------


Max Delay Paths
--------------------------------------------------------------------------------------
Slack:                    inf
  Source:                 sel
                            (input port)
  Destination:            seg_L[6]
                            (output port)
  Path Group:             (none)
  Path Type:              Max at Slow Process Corner
  Data Path Delay:        12.501ns  (logic 5.484ns (43.866%)  route 7.018ns (56.134%))
  Logic Levels:           4  (IBUF=1 LUT4=1 LUT5=1 OBUF=1)

    Location             Delay type                Incr(ns)  Path(ns)    Netlist Resource(s)
  -------------------------------------------------------------------    -------------------
    U17                                               0.000     0.000 f  sel (IN)
                         net (fo=0)                   0.000     0.000    sel
    U17                  IBUF (Prop_ibuf_I_O)         1.452     1.452 f  sel_IBUF_inst/O
                         net (fo=4, routed)           3.496     4.948    Imp1/T1/sel_IBUF
    SLICE_X58Y27         LUT5 (Prop_lut5_I0_O)        0.124     5.072 r  Imp1/T1/seg_L_OBUF[6]_inst_i_5/O
                         net (fo=7, routed)           1.166     6.238    Imp1/T1/sel0[1]
    SLICE_X64Y27         LUT4 (Prop_lut4_I3_O)        0.152     6.390 r  Imp1/T1/seg_L_OBUF[6]_inst_i_1/O
                         net (fo=1, routed)           2.356     8.746    seg_L_OBUF[6]
    U7                   OBUF (Prop_obuf_I_O)         3.755    12.501 r  seg_L_OBUF[6]_inst/O
                         net (fo=0)                   0.000    12.501    seg_L[6]
    U7                                                                r  seg_L[6] (OUT)
  -------------------------------------------------------------------    -------------------

Slack:                    inf
  Source:                 sel
                            (input port)
  Destination:            seg_L[3]
                            (output port)
  Path Group:             (none)
  Path Type:              Max at Slow Process Corner
  Data Path Delay:        12.033ns  (logic 5.466ns (45.425%)  route 6.567ns (54.575%))
  Logic Levels:           4  (IBUF=1 LUT4=1 LUT5=1 OBUF=1)

    Location             Delay type                Incr(ns)  Path(ns)    Netlist Resource(s)
  -------------------------------------------------------------------    -------------------
    U17                                               0.000     0.000 f  sel (IN)
                         net (fo=0)                   0.000     0.000    sel
    U17                  IBUF (Prop_ibuf_I_O)         1.452     1.452 f  sel_IBUF_inst/O
                         net (fo=4, routed)           3.496     4.948    Imp1/T1/sel_IBUF
    SLICE_X58Y27         LUT5 (Prop_lut5_I0_O)        0.124     5.072 r  Imp1/T1/seg_L_OBUF[6]_inst_i_5/O
                         net (fo=7, routed)           1.176     6.248    Imp1/T1/sel0[1]
    SLICE_X64Y27         LUT4 (Prop_lut4_I3_O)        0.150     6.398 r  Imp1/T1/seg_L_OBUF[3]_inst_i_1/O
                         net (fo=1, routed)           1.895     8.293    seg_L_OBUF[3]
    V8                   OBUF (Prop_obuf_I_O)         3.740    12.033 r  seg_L_OBUF[3]_inst/O
                         net (fo=0)                   0.000    12.033    seg_L[3]
    V8                                                                r  seg_L[3] (OUT)
  -------------------------------------------------------------------    -------------------

Slack:                    inf
  Source:                 sel
                            (input port)
  Destination:            seg_L[4]
                            (output port)
  Path Group:             (none)
  Path Type:              Max at Slow Process Corner
  Data Path Delay:        11.880ns  (logic 5.220ns (43.941%)  route 6.660ns (56.059%))
  Logic Levels:           4  (IBUF=1 LUT4=1 LUT5=1 OBUF=1)

    Location             Delay type                Incr(ns)  Path(ns)    Netlist Resource(s)
  -------------------------------------------------------------------    -------------------
    U17                                               0.000     0.000 f  sel (IN)
                         net (fo=0)                   0.000     0.000    sel
    U17                  IBUF (Prop_ibuf_I_O)         1.452     1.452 f  sel_IBUF_inst/O
                         net (fo=4, routed)           3.494     4.947    Imp1/T1/sel_IBUF
    SLICE_X58Y27         LUT5 (Prop_lut5_I0_O)        0.124     5.071 r  Imp1/T1/seg_L_OBUF[6]_inst_i_4/O
                         net (fo=7, routed)           1.029     6.099    Imp1/T1/sel0[2]
    SLICE_X64Y27         LUT4 (Prop_lut4_I2_O)        0.124     6.223 r  Imp1/T1/seg_L_OBUF[4]_inst_i_1/O
                         net (fo=1, routed)           2.137     8.360    seg_L_OBUF[4]
    U5                   OBUF (Prop_obuf_I_O)         3.520    11.880 r  seg_L_OBUF[4]_inst/O
                         net (fo=0)                   0.000    11.880    seg_L[4]
    U5                                                                r  seg_L[4] (OUT)
  -------------------------------------------------------------------    -------------------

Slack:                    inf
  Source:                 sel
                            (input port)
  Destination:            seg_L[0]
                            (output port)
  Path Group:             (none)
  Path Type:              Max at Slow Process Corner
  Data Path Delay:        11.807ns  (logic 5.447ns (46.134%)  route 6.360ns (53.866%))
  Logic Levels:           4  (IBUF=1 LUT4=1 LUT5=1 OBUF=1)

    Location             Delay type                Incr(ns)  Path(ns)    Netlist Resource(s)
  -------------------------------------------------------------------    -------------------
    U17                                               0.000     0.000 f  sel (IN)
                         net (fo=0)                   0.000     0.000    sel
    U17                  IBUF (Prop_ibuf_I_O)         1.452     1.452 f  sel_IBUF_inst/O
                         net (fo=4, routed)           3.494     4.947    Imp1/T1/sel_IBUF
    SLICE_X58Y27         LUT5 (Prop_lut5_I0_O)        0.124     5.071 r  Imp1/T1/seg_L_OBUF[6]_inst_i_4/O
                         net (fo=7, routed)           1.020     6.090    Imp1/T1/sel0[2]
    SLICE_X64Y27         LUT4 (Prop_lut4_I1_O)        0.153     6.243 r  Imp1/T1/seg_L_OBUF[0]_inst_i_1/O
                         net (fo=1, routed)           1.846     8.089    seg_L_OBUF[0]
    W7                   OBUF (Prop_obuf_I_O)         3.718    11.807 r  seg_L_OBUF[0]_inst/O
                         net (fo=0)                   0.000    11.807    seg_L[0]
    W7                                                                r  seg_L[0] (OUT)
  -------------------------------------------------------------------    -------------------

Slack:                    inf
  Source:                 sel
                            (input port)
  Destination:            seg_L[5]
                            (output port)
  Path Group:             (none)
  Path Type:              Max at Slow Process Corner
  Data Path Delay:        11.666ns  (logic 5.205ns (44.614%)  route 6.462ns (55.386%))
  Logic Levels:           4  (IBUF=1 LUT4=1 LUT5=1 OBUF=1)

    Location             Delay type                Incr(ns)  Path(ns)    Netlist Resource(s)
  -------------------------------------------------------------------    -------------------
    U17                                               0.000     0.000 f  sel (IN)
                         net (fo=0)                   0.000     0.000    sel
    U17                  IBUF (Prop_ibuf_I_O)         1.452     1.452 f  sel_IBUF_inst/O
                         net (fo=4, routed)           3.494     4.947    Imp1/T1/sel_IBUF
    SLICE_X58Y27         LUT5 (Prop_lut5_I0_O)        0.124     5.071 r  Imp1/T1/seg_L_OBUF[6]_inst_i_4/O
                         net (fo=7, routed)           1.020     6.090    Imp1/T1/sel0[2]
    SLICE_X64Y27         LUT4 (Prop_lut4_I1_O)        0.124     6.214 r  Imp1/T1/seg_L_OBUF[5]_inst_i_1/O
                         net (fo=1, routed)           1.948     8.162    seg_L_OBUF[5]
    V5                   OBUF (Prop_obuf_I_O)         3.504    11.666 r  seg_L_OBUF[5]_inst/O
                         net (fo=0)                   0.000    11.666    seg_L[5]
    V5                                                                r  seg_L[5] (OUT)
  -------------------------------------------------------------------    -------------------

Slack:                    inf
  Source:                 sel
                            (input port)
  Destination:            seg_L[1]
                            (output port)
  Path Group:             (none)
  Path Type:              Max at Slow Process Corner
  Data Path Delay:        11.651ns  (logic 5.230ns (44.886%)  route 6.421ns (55.114%))
  Logic Levels:           4  (IBUF=1 LUT4=1 LUT5=1 OBUF=1)

    Location             Delay type                Incr(ns)  Path(ns)    Netlist Resource(s)
  -------------------------------------------------------------------    -------------------
    U17                                               0.000     0.000 f  sel (IN)
                         net (fo=0)                   0.000     0.000    sel
    U17                  IBUF (Prop_ibuf_I_O)         1.452     1.452 f  sel_IBUF_inst/O
                         net (fo=4, routed)           3.496     4.948    Imp1/T1/sel_IBUF
    SLICE_X58Y27         LUT5 (Prop_lut5_I0_O)        0.124     5.072 r  Imp1/T1/seg_L_OBUF[6]_inst_i_5/O
                         net (fo=7, routed)           1.176     6.248    Imp1/T1/sel0[1]
    SLICE_X64Y27         LUT4 (Prop_lut4_I2_O)        0.124     6.372 r  Imp1/T1/seg_L_OBUF[1]_inst_i_1/O
                         net (fo=1, routed)           1.749     8.122    seg_L_OBUF[1]
    W6                   OBUF (Prop_obuf_I_O)         3.529    11.651 r  seg_L_OBUF[1]_inst/O
                         net (fo=0)                   0.000    11.651    seg_L[1]
    W6                                                                r  seg_L[1] (OUT)
  -------------------------------------------------------------------    -------------------

Slack:                    inf
  Source:                 sel
                            (input port)
  Destination:            seg_L[2]
                            (output port)
  Path Group:             (none)
  Path Type:              Max at Slow Process Corner
  Data Path Delay:        11.648ns  (logic 5.236ns (44.950%)  route 6.412ns (55.050%))
  Logic Levels:           4  (IBUF=1 LUT4=1 LUT5=1 OBUF=1)

    Location             Delay type                Incr(ns)  Path(ns)    Netlist Resource(s)
  -------------------------------------------------------------------    -------------------
    U17                                               0.000     0.000 f  sel (IN)
                         net (fo=0)                   0.000     0.000    sel
    U17                  IBUF (Prop_ibuf_I_O)         1.452     1.452 f  sel_IBUF_inst/O
                         net (fo=4, routed)           3.496     4.948    Imp1/T1/sel_IBUF
    SLICE_X58Y27         LUT5 (Prop_lut5_I0_O)        0.124     5.072 r  Imp1/T1/seg_L_OBUF[6]_inst_i_5/O
                         net (fo=7, routed)           1.166     6.238    Imp1/T1/sel0[1]
    SLICE_X64Y27         LUT4 (Prop_lut4_I2_O)        0.124     6.362 r  Imp1/T1/seg_L_OBUF[2]_inst_i_1/O
                         net (fo=1, routed)           1.750     8.112    seg_L_OBUF[2]
    U8                   OBUF (Prop_obuf_I_O)         3.535    11.648 r  seg_L_OBUF[2]_inst/O
                         net (fo=0)                   0.000    11.648    seg_L[2]
    U8                                                                r  seg_L[2] (OUT)
  -------------------------------------------------------------------    -------------------

Slack:                    inf
  Source:                 Imp1/T2/inst_o_reg[11]/C
                            (rising edge-triggered cell FDRE)
  Destination:            Imp1/T1/currPC_reg[9]/D
  Path Group:             (none)
  Path Type:              Max at Slow Process Corner
  Data Path Delay:        9.809ns  (logic 2.954ns (30.116%)  route 6.855ns (69.884%))
  Logic Levels:           11  (CARRY4=5 FDRE=1 LUT4=1 LUT5=1 LUT6=2 MUXF7=1)

    Location             Delay type                Incr(ns)  Path(ns)    Netlist Resource(s)
  -------------------------------------------------------------------    -------------------
    SLICE_X58Y30         FDRE                         0.000     0.000 r  Imp1/T2/inst_o_reg[11]/C
    SLICE_X58Y30         FDRE (Prop_fdre_C_Q)         0.456     0.456 r  Imp1/T2/inst_o_reg[11]/Q
                         net (fo=35, routed)          2.601     3.057    Imp1/T3/EX_1/Q[3]
    SLICE_X63Y38         LUT6 (Prop_lut6_I4_O)        0.124     3.181 r  Imp1/T3/EX_1/readData1_o[0]_i_3/O
                         net (fo=1, routed)           0.000     3.181    Imp1/T3/EX_1/readData1_o[0]_i_3_n_0
    SLICE_X63Y38         MUXF7 (Prop_muxf7_I1_O)      0.217     3.398 r  Imp1/T3/EX_1/readData1_o_reg[0]_i_1/O
                         net (fo=7, routed)           1.341     4.739    Imp1/T3/EX_1/inst_o_reg[13]
    SLICE_X60Y34         LUT4 (Prop_lut4_I2_O)        0.299     5.038 r  Imp1/T3/EX_1/i__carry_i_8__1/O
                         net (fo=1, routed)           0.000     5.038    Imp1/T3/EX_3/PC_select0_inferred__2/i__carry__0_1[0]
    SLICE_X60Y34         CARRY4 (Prop_carry4_S[0]_CO[3])
                                                      0.513     5.551 r  Imp1/T3/EX_3/PC_select0_inferred__2/i__carry/CO[3]
                         net (fo=1, routed)           0.000     5.551    Imp1/T3/EX_3/PC_select0_inferred__2/i__carry_n_0
    SLICE_X60Y35         CARRY4 (Prop_carry4_CI_CO[3])
                                                      0.117     5.668 r  Imp1/T3/EX_3/PC_select0_inferred__2/i__carry__0/CO[3]
                         net (fo=1, routed)           1.409     7.077    Imp1/T3/EX_1/CO[0]
    SLICE_X60Y33         LUT6 (Prop_lut6_I0_O)        0.124     7.201 r  Imp1/T3/EX_1/genblk3_0.bram18_single_bl.bram18_single_bl_i_11/O
                         net (fo=21, routed)          1.504     8.705    Imp1/T3/EX_1/inst_o_reg[15]
    SLICE_X59Y27         LUT5 (Prop_lut5_I0_O)        0.124     8.829 r  Imp1/T3/EX_1/currPC[0]_i_6/O
                         net (fo=1, routed)           0.000     8.829    Imp1/T3/EX_1/currPC[0]_i_6_n_0
    SLICE_X59Y27         CARRY4 (Prop_carry4_S[0]_CO[3])
                                                      0.532     9.361 r  Imp1/T3/EX_1/currPC_reg[0]_i_1/CO[3]
                         net (fo=1, routed)           0.000     9.361    Imp1/T3/EX_1/currPC_reg[0]_i_1_n_0
    SLICE_X59Y28         CARRY4 (Prop_carry4_CI_CO[3])
                                                      0.114     9.475 r  Imp1/T3/EX_1/currPC_reg[4]_i_1/CO[3]
                         net (fo=1, routed)           0.000     9.475    Imp1/T2/CO[0]
    SLICE_X59Y29         CARRY4 (Prop_carry4_CI_O[1])
                                                      0.334     9.809 r  Imp1/T2/currPC_reg[8]_i_1/O[1]
                         net (fo=1, routed)           0.000     9.809    Imp1/T1/currPC_reg[9]_1[1]
    SLICE_X59Y29         FDSE                                         r  Imp1/T1/currPC_reg[9]/D
  -------------------------------------------------------------------    -------------------

Slack:                    inf
  Source:                 Imp1/T2/inst_o_reg[11]/C
                            (rising edge-triggered cell FDRE)
  Destination:            Imp1/T1/currPC_reg[8]/D
  Path Group:             (none)
  Path Type:              Max at Slow Process Corner
  Data Path Delay:        9.698ns  (logic 2.843ns (29.316%)  route 6.855ns (70.684%))
  Logic Levels:           11  (CARRY4=5 FDRE=1 LUT4=1 LUT5=1 LUT6=2 MUXF7=1)

    Location             Delay type                Incr(ns)  Path(ns)    Netlist Resource(s)
  -------------------------------------------------------------------    -------------------
    SLICE_X58Y30         FDRE                         0.000     0.000 r  Imp1/T2/inst_o_reg[11]/C
    SLICE_X58Y30         FDRE (Prop_fdre_C_Q)         0.456     0.456 r  Imp1/T2/inst_o_reg[11]/Q
                         net (fo=35, routed)          2.601     3.057    Imp1/T3/EX_1/Q[3]
    SLICE_X63Y38         LUT6 (Prop_lut6_I4_O)        0.124     3.181 r  Imp1/T3/EX_1/readData1_o[0]_i_3/O
                         net (fo=1, routed)           0.000     3.181    Imp1/T3/EX_1/readData1_o[0]_i_3_n_0
    SLICE_X63Y38         MUXF7 (Prop_muxf7_I1_O)      0.217     3.398 r  Imp1/T3/EX_1/readData1_o_reg[0]_i_1/O
                         net (fo=7, routed)           1.341     4.739    Imp1/T3/EX_1/inst_o_reg[13]
    SLICE_X60Y34         LUT4 (Prop_lut4_I2_O)        0.299     5.038 r  Imp1/T3/EX_1/i__carry_i_8__1/O
                         net (fo=1, routed)           0.000     5.038    Imp1/T3/EX_3/PC_select0_inferred__2/i__carry__0_1[0]
    SLICE_X60Y34         CARRY4 (Prop_carry4_S[0]_CO[3])
                                                      0.513     5.551 r  Imp1/T3/EX_3/PC_select0_inferred__2/i__carry/CO[3]
                         net (fo=1, routed)           0.000     5.551    Imp1/T3/EX_3/PC_select0_inferred__2/i__carry_n_0
    SLICE_X60Y35         CARRY4 (Prop_carry4_CI_CO[3])
                                                      0.117     5.668 r  Imp1/T3/EX_3/PC_select0_inferred__2/i__carry__0/CO[3]
                         net (fo=1, routed)           1.409     7.077    Imp1/T3/EX_1/CO[0]
    SLICE_X60Y33         LUT6 (Prop_lut6_I0_O)        0.124     7.201 r  Imp1/T3/EX_1/genblk3_0.bram18_single_bl.bram18_single_bl_i_11/O
                         net (fo=21, routed)          1.504     8.705    Imp1/T3/EX_1/inst_o_reg[15]
    SLICE_X59Y27         LUT5 (Prop_lut5_I0_O)        0.124     8.829 r  Imp1/T3/EX_1/currPC[0]_i_6/O
                         net (fo=1, routed)           0.000     8.829    Imp1/T3/EX_1/currPC[0]_i_6_n_0
    SLICE_X59Y27         CARRY4 (Prop_carry4_S[0]_CO[3])
                                                      0.532     9.361 r  Imp1/T3/EX_1/currPC_reg[0]_i_1/CO[3]
                         net (fo=1, routed)           0.000     9.361    Imp1/T3/EX_1/currPC_reg[0]_i_1_n_0
    SLICE_X59Y28         CARRY4 (Prop_carry4_CI_CO[3])
                                                      0.114     9.475 r  Imp1/T3/EX_1/currPC_reg[4]_i_1/CO[3]
                         net (fo=1, routed)           0.000     9.475    Imp1/T2/CO[0]
    SLICE_X59Y29         CARRY4 (Prop_carry4_CI_O[0])
                                                      0.223     9.698 r  Imp1/T2/currPC_reg[8]_i_1/O[0]
                         net (fo=1, routed)           0.000     9.698    Imp1/T1/currPC_reg[9]_1[0]
    SLICE_X59Y29         FDSE                                         r  Imp1/T1/currPC_reg[8]/D
  -------------------------------------------------------------------    -------------------

Slack:                    inf
  Source:                 Imp1/T2/inst_o_reg[11]/C
                            (rising edge-triggered cell FDRE)
  Destination:            Imp1/T1/currPC_reg[5]/D
  Path Group:             (none)
  Path Type:              Max at Slow Process Corner
  Data Path Delay:        9.695ns  (logic 2.840ns (29.294%)  route 6.855ns (70.706%))
  Logic Levels:           10  (CARRY4=4 FDRE=1 LUT4=1 LUT5=1 LUT6=2 MUXF7=1)

    Location             Delay type                Incr(ns)  Path(ns)    Netlist Resource(s)
  -------------------------------------------------------------------    -------------------
    SLICE_X58Y30         FDRE                         0.000     0.000 r  Imp1/T2/inst_o_reg[11]/C
    SLICE_X58Y30         FDRE (Prop_fdre_C_Q)         0.456     0.456 r  Imp1/T2/inst_o_reg[11]/Q
                         net (fo=35, routed)          2.601     3.057    Imp1/T3/EX_1/Q[3]
    SLICE_X63Y38         LUT6 (Prop_lut6_I4_O)        0.124     3.181 r  Imp1/T3/EX_1/readData1_o[0]_i_3/O
                         net (fo=1, routed)           0.000     3.181    Imp1/T3/EX_1/readData1_o[0]_i_3_n_0
    SLICE_X63Y38         MUXF7 (Prop_muxf7_I1_O)      0.217     3.398 r  Imp1/T3/EX_1/readData1_o_reg[0]_i_1/O
                         net (fo=7, routed)           1.341     4.739    Imp1/T3/EX_1/inst_o_reg[13]
    SLICE_X60Y34         LUT4 (Prop_lut4_I2_O)        0.299     5.038 r  Imp1/T3/EX_1/i__carry_i_8__1/O
                         net (fo=1, routed)           0.000     5.038    Imp1/T3/EX_3/PC_select0_inferred__2/i__carry__0_1[0]
    SLICE_X60Y34         CARRY4 (Prop_carry4_S[0]_CO[3])
                                                      0.513     5.551 r  Imp1/T3/EX_3/PC_select0_inferred__2/i__carry/CO[3]
                         net (fo=1, routed)           0.000     5.551    Imp1/T3/EX_3/PC_select0_inferred__2/i__carry_n_0
    SLICE_X60Y35         CARRY4 (Prop_carry4_CI_CO[3])
                                                      0.117     5.668 r  Imp1/T3/EX_3/PC_select0_inferred__2/i__carry__0/CO[3]
                         net (fo=1, routed)           1.409     7.077    Imp1/T3/EX_1/CO[0]
    SLICE_X60Y33         LUT6 (Prop_lut6_I0_O)        0.124     7.201 r  Imp1/T3/EX_1/genblk3_0.bram18_single_bl.bram18_single_bl_i_11/O
                         net (fo=21, routed)          1.504     8.705    Imp1/T3/EX_1/inst_o_reg[15]
    SLICE_X59Y27         LUT5 (Prop_lut5_I0_O)        0.124     8.829 r  Imp1/T3/EX_1/currPC[0]_i_6/O
                         net (fo=1, routed)           0.000     8.829    Imp1/T3/EX_1/currPC[0]_i_6_n_0
    SLICE_X59Y27         CARRY4 (Prop_carry4_S[0]_CO[3])
                                                      0.532     9.361 r  Imp1/T3/EX_1/currPC_reg[0]_i_1/CO[3]
                         net (fo=1, routed)           0.000     9.361    Imp1/T3/EX_1/currPC_reg[0]_i_1_n_0
    SLICE_X59Y28         CARRY4 (Prop_carry4_CI_O[1])
                                                      0.334     9.695 r  Imp1/T3/EX_1/currPC_reg[4]_i_1/O[1]
                         net (fo=1, routed)           0.000     9.695    Imp1/T1/currPC_reg[7]_0[1]
    SLICE_X59Y28         FDSE                                         r  Imp1/T1/currPC_reg[5]/D
  -------------------------------------------------------------------    -------------------





Min Delay Paths
--------------------------------------------------------------------------------------
Slack:                    inf
  Source:                 Imp1/T4/WB_dest_rd_o_reg[2]/C
                            (rising edge-triggered cell FDRE)
  Destination:            Imp1/T6/RFdest_rd_o_reg[2]/D
  Path Group:             (none)
  Path Type:              Min at Fast Process Corner
  Data Path Delay:        0.273ns  (logic 0.141ns (51.608%)  route 0.132ns (48.392%))
  Logic Levels:           1  (FDRE=1)

    Location             Delay type                Incr(ns)  Path(ns)    Netlist Resource(s)
  -------------------------------------------------------------------    -------------------
    SLICE_X61Y38         FDRE                         0.000     0.000 r  Imp1/T4/WB_dest_rd_o_reg[2]/C
    SLICE_X61Y38         FDRE (Prop_fdre_C_Q)         0.141     0.141 r  Imp1/T4/WB_dest_rd_o_reg[2]/Q
                         net (fo=3, routed)           0.132     0.273    Imp1/T6/RFdest_rd_o_reg[2]_0[2]
    SLICE_X61Y38         FDRE                                         r  Imp1/T6/RFdest_rd_o_reg[2]/D
  -------------------------------------------------------------------    -------------------

Slack:                    inf
  Source:                 Imp1/T4/WB_dest_rd_o_reg[0]/C
                            (rising edge-triggered cell FDRE)
  Destination:            Imp1/T6/RFdest_rd_o_reg[0]/D
  Path Group:             (none)
  Path Type:              Min at Fast Process Corner
  Data Path Delay:        0.290ns  (logic 0.148ns (50.995%)  route 0.142ns (49.005%))
  Logic Levels:           1  (FDRE=1)

    Location             Delay type                Incr(ns)  Path(ns)    Netlist Resource(s)
  -------------------------------------------------------------------    -------------------
    SLICE_X60Y38         FDRE                         0.000     0.000 r  Imp1/T4/WB_dest_rd_o_reg[0]/C
    SLICE_X60Y38         FDRE (Prop_fdre_C_Q)         0.148     0.148 r  Imp1/T4/WB_dest_rd_o_reg[0]/Q
                         net (fo=3, routed)           0.142     0.290    Imp1/T6/RFdest_rd_o_reg[2]_0[0]
    SLICE_X60Y38         FDRE                                         r  Imp1/T6/RFdest_rd_o_reg[0]/D
  -------------------------------------------------------------------    -------------------

Slack:                    inf
  Source:                 Imp1/T2/inst_o_reg[0]/C
                            (rising edge-triggered cell FDRE)
  Destination:            Imp1/T4/signE_8immed_o_reg[0]/D
  Path Group:             (none)
  Path Type:              Min at Fast Process Corner
  Data Path Delay:        0.307ns  (logic 0.141ns (45.994%)  route 0.166ns (54.006%))
  Logic Levels:           1  (FDRE=1)

    Location             Delay type                Incr(ns)  Path(ns)    Netlist Resource(s)
  -------------------------------------------------------------------    -------------------
    SLICE_X58Y30         FDRE                         0.000     0.000 r  Imp1/T2/inst_o_reg[0]/C
    SLICE_X58Y30         FDRE (Prop_fdre_C_Q)         0.141     0.141 r  Imp1/T2/inst_o_reg[0]/Q
                         net (fo=3, routed)           0.166     0.307    Imp1/T4/WB_dest_rd_o_reg[2]_1[0]
    SLICE_X59Y32         FDRE                                         r  Imp1/T4/signE_8immed_o_reg[0]/D
  -------------------------------------------------------------------    -------------------

Slack:                    inf
  Source:                 Imp1/T1/currPC_reg[0]/C
                            (rising edge-triggered cell FDSE)
  Destination:            Imp1/T2/PCplus1_o_reg[0]/D
  Path Group:             (none)
  Path Type:              Min at Fast Process Corner
  Data Path Delay:        0.309ns  (logic 0.189ns (61.144%)  route 0.120ns (38.856%))
  Logic Levels:           2  (FDSE=1 LUT1=1)

    Location             Delay type                Incr(ns)  Path(ns)    Netlist Resource(s)
  -------------------------------------------------------------------    -------------------
    SLICE_X59Y27         FDSE                         0.000     0.000 r  Imp1/T1/currPC_reg[0]/C
    SLICE_X59Y27         FDSE (Prop_fdse_C_Q)         0.141     0.141 f  Imp1/T1/currPC_reg[0]/Q
                         net (fo=6, routed)           0.120     0.261    Imp1/T1/currPC_reg[0]
    SLICE_X58Y27         LUT1 (Prop_lut1_I0_O)        0.048     0.309 r  Imp1/T1/PCplus1_o[0]_i_1/O
                         net (fo=1, routed)           0.000     0.309    Imp1/T2/PCplus1_o_reg[9]_0[0]
    SLICE_X58Y27         FDRE                                         r  Imp1/T2/PCplus1_o_reg[0]/D
  -------------------------------------------------------------------    -------------------

Slack:                    inf
  Source:                 Imp1/T2/inst_o_reg[7]/C
                            (rising edge-triggered cell FDRE)
  Destination:            Imp1/T4/signE_8immed_o_reg[14]/D
  Path Group:             (none)
  Path Type:              Min at Fast Process Corner
  Data Path Delay:        0.313ns  (logic 0.141ns (45.104%)  route 0.172ns (54.896%))
  Logic Levels:           1  (FDRE=1)

    Location             Delay type                Incr(ns)  Path(ns)    Netlist Resource(s)
  -------------------------------------------------------------------    -------------------
    SLICE_X59Y32         FDRE                         0.000     0.000 r  Imp1/T2/inst_o_reg[7]/C
    SLICE_X59Y32         FDRE (Prop_fdre_C_Q)         0.141     0.141 r  Imp1/T2/inst_o_reg[7]/Q
                         net (fo=5, routed)           0.172     0.313    Imp1/T4/WB_dest_rd_o_reg[2]_1[7]
    SLICE_X59Y32         FDRE                                         r  Imp1/T4/signE_8immed_o_reg[14]/D
  -------------------------------------------------------------------    -------------------

Slack:                    inf
  Source:                 Imp1/T6/RFwriteEnab_o_reg/C
                            (rising edge-triggered cell FDRE)
  Destination:            Imp1/T4/Data2_muxCont_o_reg[1]/D
  Path Group:             (none)
  Path Type:              Min at Fast Process Corner
  Data Path Delay:        0.320ns  (logic 0.186ns (58.038%)  route 0.134ns (41.962%))
  Logic Levels:           2  (FDRE=1 LUT4=1)

    Location             Delay type                Incr(ns)  Path(ns)    Netlist Resource(s)
  -------------------------------------------------------------------    -------------------
    SLICE_X59Y38         FDRE                         0.000     0.000 r  Imp1/T6/RFwriteEnab_o_reg/C
    SLICE_X59Y38         FDRE (Prop_fdre_C_Q)         0.141     0.141 r  Imp1/T6/RFwriteEnab_o_reg/Q
                         net (fo=9, routed)           0.134     0.275    Imp1/T2/EX_RFwriteEnab_d
    SLICE_X60Y38         LUT4 (Prop_lut4_I1_O)        0.045     0.320 r  Imp1/T2/Data2_muxCont_o[1]_i_1/O
                         net (fo=1, routed)           0.000     0.320    Imp1/T4/Data2_muxCont_o_reg[1]_0[0]
    SLICE_X60Y38         FDRE                                         r  Imp1/T4/Data2_muxCont_o_reg[1]/D
  -------------------------------------------------------------------    -------------------

Slack:                    inf
  Source:                 Imp1/T2/inst_o_reg[6]/C
                            (rising edge-triggered cell FDRE)
  Destination:            Imp1/T4/signE_8immed_o_reg[6]/D
  Path Group:             (none)
  Path Type:              Min at Fast Process Corner
  Data Path Delay:        0.321ns  (logic 0.141ns (43.898%)  route 0.180ns (56.102%))
  Logic Levels:           1  (FDRE=1)

    Location             Delay type                Incr(ns)  Path(ns)    Netlist Resource(s)
  -------------------------------------------------------------------    -------------------
    SLICE_X57Y31         FDRE                         0.000     0.000 r  Imp1/T2/inst_o_reg[6]/C
    SLICE_X57Y31         FDRE (Prop_fdre_C_Q)         0.141     0.141 r  Imp1/T2/inst_o_reg[6]/Q
                         net (fo=2, routed)           0.180     0.321    Imp1/T4/WB_dest_rd_o_reg[2]_1[6]
    SLICE_X56Y31         FDRE                                         r  Imp1/T4/signE_8immed_o_reg[6]/D
  -------------------------------------------------------------------    -------------------

Slack:                    inf
  Source:                 Imp1/T4/readData1_o_reg[13]/C
                            (rising edge-triggered cell FDRE)
  Destination:            Imp1/T7/DM_1/BRAM_SINGLE_MACRO_inst1/genblk3_0.bram18_single_bl.bram18_single_bl/DIADI[13]
  Path Group:             (none)
  Path Type:              Min at Fast Process Corner
  Data Path Delay:        0.321ns  (logic 0.141ns (43.889%)  route 0.180ns (56.111%))
  Logic Levels:           1  (FDRE=1)

    Location             Delay type                Incr(ns)  Path(ns)    Netlist Resource(s)
  -------------------------------------------------------------------    -------------------
    SLICE_X57Y37         FDRE                         0.000     0.000 r  Imp1/T4/readData1_o_reg[13]/C
    SLICE_X57Y37         FDRE (Prop_fdre_C_Q)         0.141     0.141 r  Imp1/T4/readData1_o_reg[13]/Q
                         net (fo=2, routed)           0.180     0.321    Imp1/T7/DM_1/BRAM_SINGLE_MACRO_inst1/genblk3_0.bram18_single_bl.bram18_single_bl_0[13]
    RAMB18_X2Y14         RAMB18E1                                     r  Imp1/T7/DM_1/BRAM_SINGLE_MACRO_inst1/genblk3_0.bram18_single_bl.bram18_single_bl/DIADI[13]
  -------------------------------------------------------------------    -------------------

Slack:                    inf
  Source:                 Imp1/T4/sel_mem2RF_o_reg/C
                            (rising edge-triggered cell FDRE)
  Destination:            Imp1/T6/sel_mem2Reg_o_reg/D
  Path Group:             (none)
  Path Type:              Min at Fast Process Corner
  Data Path Delay:        0.324ns  (logic 0.164ns (50.600%)  route 0.160ns (49.400%))
  Logic Levels:           1  (FDRE=1)

    Location             Delay type                Incr(ns)  Path(ns)    Netlist Resource(s)
  -------------------------------------------------------------------    -------------------
    SLICE_X60Y32         FDRE                         0.000     0.000 r  Imp1/T4/sel_mem2RF_o_reg/C
    SLICE_X60Y32         FDRE (Prop_fdre_C_Q)         0.164     0.164 r  Imp1/T4/sel_mem2RF_o_reg/Q
                         net (fo=1, routed)           0.160     0.324    Imp1/T6/sel_mem2RF_o
    SLICE_X59Y33         FDRE                                         r  Imp1/T6/sel_mem2Reg_o_reg/D
  -------------------------------------------------------------------    -------------------

Slack:                    inf
  Source:                 Imp1/T4/WB_dest_rd_o_reg[1]/C
                            (rising edge-triggered cell FDRE)
  Destination:            Imp1/T6/RFdest_rd_o_reg[1]/D
  Path Group:             (none)
  Path Type:              Min at Fast Process Corner
  Data Path Delay:        0.332ns  (logic 0.141ns (42.496%)  route 0.191ns (57.504%))
  Logic Levels:           1  (FDRE=1)

    Location             Delay type                Incr(ns)  Path(ns)    Netlist Resource(s)
  -------------------------------------------------------------------    -------------------
    SLICE_X61Y38         FDRE                         0.000     0.000 r  Imp1/T4/WB_dest_rd_o_reg[1]/C
    SLICE_X61Y38         FDRE (Prop_fdre_C_Q)         0.141     0.141 r  Imp1/T4/WB_dest_rd_o_reg[1]/Q
                         net (fo=3, routed)           0.191     0.332    Imp1/T6/RFdest_rd_o_reg[2]_0[1]
    SLICE_X61Y38         FDRE                                         r  Imp1/T6/RFdest_rd_o_reg[1]/D
  -------------------------------------------------------------------    -------------------





--------------------------------------------------------------------------------------
Path Group:  (none)
From Clock:  sys_clk_pin
  To Clock:  

Max Delay             9 Endpoints
Min Delay             9 Endpoints
--------------------------------------------------------------------------------------


Max Delay Paths
--------------------------------------------------------------------------------------
Slack:                    inf
  Source:                 Imp3/count_reg[19]/C
                            (rising edge-triggered cell FDRE clocked by sys_clk_pin  {rise@0.000ns fall@5.000ns period=10.000ns})
  Destination:            seg_L[6]
                            (output port)
  Path Group:             (none)
  Path Type:              Max at Slow Process Corner
  Data Path Delay:        9.108ns  (logic 4.487ns (49.269%)  route 4.621ns (50.731%))
  Logic Levels:           3  (LUT4=1 LUT5=1 OBUF=1)
  Clock Uncertainty:      0.025ns  ((TSJ^2 + TIJ^2)^1/2 + DJ) / 2 + PE
    Total System Jitter     (TSJ):    0.050ns
    Total Input Jitter      (TIJ):    0.000ns
    Discrete Jitter          (DJ):    0.000ns
    Phase Error              (PE):    0.000ns

    Location             Delay type                Incr(ns)  Path(ns)    Netlist Resource(s)
  -------------------------------------------------------------------    -------------------
                         (clock sys_clk_pin rise edge)
                                                      0.000     0.000 r  
    W5                                                0.000     0.000 r  clk (IN)
                         net (fo=0)                   0.000     0.000    clk
    W5                   IBUF (Prop_ibuf_I_O)         1.458     1.458 r  clk_IBUF_inst/O
                         net (fo=1, routed)           1.967     3.425    clk_IBUF
    BUFGCTRL_X0Y1        BUFG (Prop_bufg_I_O)         0.096     3.521 r  clk_IBUF_BUFG_inst/O
                         net (fo=46, routed)          1.624     5.145    Imp3/clk_IBUF_BUFG
    SLICE_X63Y28         FDRE                                         r  Imp3/count_reg[19]/C
  -------------------------------------------------------------------    -------------------
    SLICE_X63Y28         FDRE (Prop_fdre_C_Q)         0.456     5.601 f  Imp3/count_reg[19]/Q
                         net (fo=7, routed)           1.099     6.700    Imp1/T1/seg7_clk[1]
    SLICE_X58Y27         LUT5 (Prop_lut5_I4_O)        0.124     6.824 r  Imp1/T1/seg_L_OBUF[6]_inst_i_5/O
                         net (fo=7, routed)           1.166     7.990    Imp1/T1/sel0[1]
    SLICE_X64Y27         LUT4 (Prop_lut4_I3_O)        0.152     8.142 r  Imp1/T1/seg_L_OBUF[6]_inst_i_1/O
                         net (fo=1, routed)           2.356    10.498    seg_L_OBUF[6]
    U7                   OBUF (Prop_obuf_I_O)         3.755    14.253 r  seg_L_OBUF[6]_inst/O
                         net (fo=0)                   0.000    14.253    seg_L[6]
    U7                                                                r  seg_L[6] (OUT)
  -------------------------------------------------------------------    -------------------

Slack:                    inf
  Source:                 Imp3/count_reg[19]/C
                            (rising edge-triggered cell FDRE clocked by sys_clk_pin  {rise@0.000ns fall@5.000ns period=10.000ns})
  Destination:            seg_L[0]
                            (output port)
  Path Group:             (none)
  Path Type:              Max at Slow Process Corner
  Data Path Delay:        8.772ns  (logic 4.451ns (50.736%)  route 4.322ns (49.264%))
  Logic Levels:           3  (LUT4=1 LUT5=1 OBUF=1)
  Clock Uncertainty:      0.025ns  ((TSJ^2 + TIJ^2)^1/2 + DJ) / 2 + PE
    Total System Jitter     (TSJ):    0.050ns
    Total Input Jitter      (TIJ):    0.000ns
    Discrete Jitter          (DJ):    0.000ns
    Phase Error              (PE):    0.000ns

    Location             Delay type                Incr(ns)  Path(ns)    Netlist Resource(s)
  -------------------------------------------------------------------    -------------------
                         (clock sys_clk_pin rise edge)
                                                      0.000     0.000 r  
    W5                                                0.000     0.000 r  clk (IN)
                         net (fo=0)                   0.000     0.000    clk
    W5                   IBUF (Prop_ibuf_I_O)         1.458     1.458 r  clk_IBUF_inst/O
                         net (fo=1, routed)           1.967     3.425    clk_IBUF
    BUFGCTRL_X0Y1        BUFG (Prop_bufg_I_O)         0.096     3.521 r  clk_IBUF_BUFG_inst/O
                         net (fo=46, routed)          1.624     5.145    Imp3/clk_IBUF_BUFG
    SLICE_X63Y28         FDRE                                         r  Imp3/count_reg[19]/C
  -------------------------------------------------------------------    -------------------
    SLICE_X63Y28         FDRE (Prop_fdre_C_Q)         0.456     5.601 f  Imp3/count_reg[19]/Q
                         net (fo=7, routed)           1.322     6.923    Imp1/T1/seg7_clk[1]
    SLICE_X58Y27         LUT5 (Prop_lut5_I4_O)        0.124     7.047 r  Imp1/T1/seg_L_OBUF[6]_inst_i_3/O
                         net (fo=7, routed)           1.154     8.201    Imp1/T1/sel0[0]
    SLICE_X64Y27         LUT4 (Prop_lut4_I2_O)        0.153     8.354 r  Imp1/T1/seg_L_OBUF[0]_inst_i_1/O
                         net (fo=1, routed)           1.846    10.200    seg_L_OBUF[0]
    W7                   OBUF (Prop_obuf_I_O)         3.718    13.918 r  seg_L_OBUF[0]_inst/O
                         net (fo=0)                   0.000    13.918    seg_L[0]
    W7                                                                r  seg_L[0] (OUT)
  -------------------------------------------------------------------    -------------------

Slack:                    inf
  Source:                 Imp3/count_reg[19]/C
                            (rising edge-triggered cell FDRE clocked by sys_clk_pin  {rise@0.000ns fall@5.000ns period=10.000ns})
  Destination:            seg_L[3]
                            (output port)
  Path Group:             (none)
  Path Type:              Max at Slow Process Corner
  Data Path Delay:        8.640ns  (logic 4.470ns (51.733%)  route 4.170ns (48.267%))
  Logic Levels:           3  (LUT4=1 LUT5=1 OBUF=1)
  Clock Uncertainty:      0.025ns  ((TSJ^2 + TIJ^2)^1/2 + DJ) / 2 + PE
    Total System Jitter     (TSJ):    0.050ns
    Total Input Jitter      (TIJ):    0.000ns
    Discrete Jitter          (DJ):    0.000ns
    Phase Error              (PE):    0.000ns

    Location             Delay type                Incr(ns)  Path(ns)    Netlist Resource(s)
  -------------------------------------------------------------------    -------------------
                         (clock sys_clk_pin rise edge)
                                                      0.000     0.000 r  
    W5                                                0.000     0.000 r  clk (IN)
                         net (fo=0)                   0.000     0.000    clk
    W5                   IBUF (Prop_ibuf_I_O)         1.458     1.458 r  clk_IBUF_inst/O
                         net (fo=1, routed)           1.967     3.425    clk_IBUF
    BUFGCTRL_X0Y1        BUFG (Prop_bufg_I_O)         0.096     3.521 r  clk_IBUF_BUFG_inst/O
                         net (fo=46, routed)          1.624     5.145    Imp3/clk_IBUF_BUFG
    SLICE_X63Y28         FDRE                                         r  Imp3/count_reg[19]/C
  -------------------------------------------------------------------    -------------------
    SLICE_X63Y28         FDRE (Prop_fdre_C_Q)         0.456     5.601 f  Imp3/count_reg[19]/Q
                         net (fo=7, routed)           1.099     6.700    Imp1/T1/seg7_clk[1]
    SLICE_X58Y27         LUT5 (Prop_lut5_I4_O)        0.124     6.824 r  Imp1/T1/seg_L_OBUF[6]_inst_i_5/O
                         net (fo=7, routed)           1.176     8.000    Imp1/T1/sel0[1]
    SLICE_X64Y27         LUT4 (Prop_lut4_I3_O)        0.150     8.150 r  Imp1/T1/seg_L_OBUF[3]_inst_i_1/O
                         net (fo=1, routed)           1.895    10.045    seg_L_OBUF[3]
    V8                   OBUF (Prop_obuf_I_O)         3.740    13.785 r  seg_L_OBUF[3]_inst/O
                         net (fo=0)                   0.000    13.785    seg_L[3]
    V8                                                                r  seg_L[3] (OUT)
  -------------------------------------------------------------------    -------------------

Slack:                    inf
  Source:                 Imp3/count_reg[19]/C
                            (rising edge-triggered cell FDRE clocked by sys_clk_pin  {rise@0.000ns fall@5.000ns period=10.000ns})
  Destination:            seg_L[5]
                            (output port)
  Path Group:             (none)
  Path Type:              Max at Slow Process Corner
  Data Path Delay:        8.632ns  (logic 4.208ns (48.756%)  route 4.423ns (51.244%))
  Logic Levels:           3  (LUT4=1 LUT5=1 OBUF=1)
  Clock Uncertainty:      0.025ns  ((TSJ^2 + TIJ^2)^1/2 + DJ) / 2 + PE
    Total System Jitter     (TSJ):    0.050ns
    Total Input Jitter      (TIJ):    0.000ns
    Discrete Jitter          (DJ):    0.000ns
    Phase Error              (PE):    0.000ns

    Location             Delay type                Incr(ns)  Path(ns)    Netlist Resource(s)
  -------------------------------------------------------------------    -------------------
                         (clock sys_clk_pin rise edge)
                                                      0.000     0.000 r  
    W5                                                0.000     0.000 r  clk (IN)
                         net (fo=0)                   0.000     0.000    clk
    W5                   IBUF (Prop_ibuf_I_O)         1.458     1.458 r  clk_IBUF_inst/O
                         net (fo=1, routed)           1.967     3.425    clk_IBUF
    BUFGCTRL_X0Y1        BUFG (Prop_bufg_I_O)         0.096     3.521 r  clk_IBUF_BUFG_inst/O
                         net (fo=46, routed)          1.624     5.145    Imp3/clk_IBUF_BUFG
    SLICE_X63Y28         FDRE                                         r  Imp3/count_reg[19]/C
  -------------------------------------------------------------------    -------------------
    SLICE_X63Y28         FDRE (Prop_fdre_C_Q)         0.456     5.601 f  Imp3/count_reg[19]/Q
                         net (fo=7, routed)           1.322     6.923    Imp1/T1/seg7_clk[1]
    SLICE_X58Y27         LUT5 (Prop_lut5_I4_O)        0.124     7.047 r  Imp1/T1/seg_L_OBUF[6]_inst_i_3/O
                         net (fo=7, routed)           1.154     8.201    Imp1/T1/sel0[0]
    SLICE_X64Y27         LUT4 (Prop_lut4_I2_O)        0.124     8.325 r  Imp1/T1/seg_L_OBUF[5]_inst_i_1/O
                         net (fo=1, routed)           1.948    10.272    seg_L_OBUF[5]
    V5                   OBUF (Prop_obuf_I_O)         3.504    13.777 r  seg_L_OBUF[5]_inst/O
                         net (fo=0)                   0.000    13.777    seg_L[5]
    V5                                                                r  seg_L[5] (OUT)
  -------------------------------------------------------------------    -------------------

Slack:                    inf
  Source:                 Imp3/count_reg[19]/C
                            (rising edge-triggered cell FDRE clocked by sys_clk_pin  {rise@0.000ns fall@5.000ns period=10.000ns})
  Destination:            seg_L[4]
                            (output port)
  Path Group:             (none)
  Path Type:              Max at Slow Process Corner
  Data Path Delay:        8.345ns  (logic 4.224ns (50.617%)  route 4.121ns (49.383%))
  Logic Levels:           3  (LUT4=1 LUT5=1 OBUF=1)
  Clock Uncertainty:      0.025ns  ((TSJ^2 + TIJ^2)^1/2 + DJ) / 2 + PE
    Total System Jitter     (TSJ):    0.050ns
    Total Input Jitter      (TIJ):    0.000ns
    Discrete Jitter          (DJ):    0.000ns
    Phase Error              (PE):    0.000ns

    Location             Delay type                Incr(ns)  Path(ns)    Netlist Resource(s)
  -------------------------------------------------------------------    -------------------
                         (clock sys_clk_pin rise edge)
                                                      0.000     0.000 r  
    W5                                                0.000     0.000 r  clk (IN)
                         net (fo=0)                   0.000     0.000    clk
    W5                   IBUF (Prop_ibuf_I_O)         1.458     1.458 r  clk_IBUF_inst/O
                         net (fo=1, routed)           1.967     3.425    clk_IBUF
    BUFGCTRL_X0Y1        BUFG (Prop_bufg_I_O)         0.096     3.521 r  clk_IBUF_BUFG_inst/O
                         net (fo=46, routed)          1.624     5.145    Imp3/clk_IBUF_BUFG
    SLICE_X63Y28         FDRE                                         r  Imp3/count_reg[19]/C
  -------------------------------------------------------------------    -------------------
    SLICE_X63Y28         FDRE (Prop_fdre_C_Q)         0.456     5.601 f  Imp3/count_reg[19]/Q
                         net (fo=7, routed)           0.955     6.556    Imp1/T1/seg7_clk[1]
    SLICE_X58Y27         LUT5 (Prop_lut5_I4_O)        0.124     6.680 r  Imp1/T1/seg_L_OBUF[6]_inst_i_4/O
                         net (fo=7, routed)           1.029     7.709    Imp1/T1/sel0[2]
    SLICE_X64Y27         LUT4 (Prop_lut4_I2_O)        0.124     7.833 r  Imp1/T1/seg_L_OBUF[4]_inst_i_1/O
                         net (fo=1, routed)           2.137     9.970    seg_L_OBUF[4]
    U5                   OBUF (Prop_obuf_I_O)         3.520    13.490 r  seg_L_OBUF[4]_inst/O
                         net (fo=0)                   0.000    13.490    seg_L[4]
    U5                                                                r  seg_L[4] (OUT)
  -------------------------------------------------------------------    -------------------

Slack:                    inf
  Source:                 Imp3/count_reg[19]/C
                            (rising edge-triggered cell FDRE clocked by sys_clk_pin  {rise@0.000ns fall@5.000ns period=10.000ns})
  Destination:            seg_L[1]
                            (output port)
  Path Group:             (none)
  Path Type:              Max at Slow Process Corner
  Data Path Delay:        8.257ns  (logic 4.233ns (51.265%)  route 4.024ns (48.735%))
  Logic Levels:           3  (LUT4=1 LUT5=1 OBUF=1)
  Clock Uncertainty:      0.025ns  ((TSJ^2 + TIJ^2)^1/2 + DJ) / 2 + PE
    Total System Jitter     (TSJ):    0.050ns
    Total Input Jitter      (TIJ):    0.000ns
    Discrete Jitter          (DJ):    0.000ns
    Phase Error              (PE):    0.000ns

    Location             Delay type                Incr(ns)  Path(ns)    Netlist Resource(s)
  -------------------------------------------------------------------    -------------------
                         (clock sys_clk_pin rise edge)
                                                      0.000     0.000 r  
    W5                                                0.000     0.000 r  clk (IN)
                         net (fo=0)                   0.000     0.000    clk
    W5                   IBUF (Prop_ibuf_I_O)         1.458     1.458 r  clk_IBUF_inst/O
                         net (fo=1, routed)           1.967     3.425    clk_IBUF
    BUFGCTRL_X0Y1        BUFG (Prop_bufg_I_O)         0.096     3.521 r  clk_IBUF_BUFG_inst/O
                         net (fo=46, routed)          1.624     5.145    Imp3/clk_IBUF_BUFG
    SLICE_X63Y28         FDRE                                         r  Imp3/count_reg[19]/C
  -------------------------------------------------------------------    -------------------
    SLICE_X63Y28         FDRE (Prop_fdre_C_Q)         0.456     5.601 f  Imp3/count_reg[19]/Q
                         net (fo=7, routed)           1.099     6.700    Imp1/T1/seg7_clk[1]
    SLICE_X58Y27         LUT5 (Prop_lut5_I4_O)        0.124     6.824 r  Imp1/T1/seg_L_OBUF[6]_inst_i_5/O
                         net (fo=7, routed)           1.176     8.000    Imp1/T1/sel0[1]
    SLICE_X64Y27         LUT4 (Prop_lut4_I2_O)        0.124     8.124 r  Imp1/T1/seg_L_OBUF[1]_inst_i_1/O
                         net (fo=1, routed)           1.749     9.874    seg_L_OBUF[1]
    W6                   OBUF (Prop_obuf_I_O)         3.529    13.403 r  seg_L_OBUF[1]_inst/O
                         net (fo=0)                   0.000    13.403    seg_L[1]
    W6                                                                r  seg_L[1] (OUT)
  -------------------------------------------------------------------    -------------------

Slack:                    inf
  Source:                 Imp3/count_reg[19]/C
                            (rising edge-triggered cell FDRE clocked by sys_clk_pin  {rise@0.000ns fall@5.000ns period=10.000ns})
  Destination:            seg_L[2]
                            (output port)
  Path Group:             (none)
  Path Type:              Max at Slow Process Corner
  Data Path Delay:        8.254ns  (logic 4.239ns (51.357%)  route 4.015ns (48.643%))
  Logic Levels:           3  (LUT4=1 LUT5=1 OBUF=1)
  Clock Uncertainty:      0.025ns  ((TSJ^2 + TIJ^2)^1/2 + DJ) / 2 + PE
    Total System Jitter     (TSJ):    0.050ns
    Total Input Jitter      (TIJ):    0.000ns
    Discrete Jitter          (DJ):    0.000ns
    Phase Error              (PE):    0.000ns

    Location             Delay type                Incr(ns)  Path(ns)    Netlist Resource(s)
  -------------------------------------------------------------------    -------------------
                         (clock sys_clk_pin rise edge)
                                                      0.000     0.000 r  
    W5                                                0.000     0.000 r  clk (IN)
                         net (fo=0)                   0.000     0.000    clk
    W5                   IBUF (Prop_ibuf_I_O)         1.458     1.458 r  clk_IBUF_inst/O
                         net (fo=1, routed)           1.967     3.425    clk_IBUF
    BUFGCTRL_X0Y1        BUFG (Prop_bufg_I_O)         0.096     3.521 r  clk_IBUF_BUFG_inst/O
                         net (fo=46, routed)          1.624     5.145    Imp3/clk_IBUF_BUFG
    SLICE_X63Y28         FDRE                                         r  Imp3/count_reg[19]/C
  -------------------------------------------------------------------    -------------------
    SLICE_X63Y28         FDRE (Prop_fdre_C_Q)         0.456     5.601 f  Imp3/count_reg[19]/Q
                         net (fo=7, routed)           1.099     6.700    Imp1/T1/seg7_clk[1]
    SLICE_X58Y27         LUT5 (Prop_lut5_I4_O)        0.124     6.824 r  Imp1/T1/seg_L_OBUF[6]_inst_i_5/O
                         net (fo=7, routed)           1.166     7.990    Imp1/T1/sel0[1]
    SLICE_X64Y27         LUT4 (Prop_lut4_I2_O)        0.124     8.114 r  Imp1/T1/seg_L_OBUF[2]_inst_i_1/O
                         net (fo=1, routed)           1.750     9.864    seg_L_OBUF[2]
    U8                   OBUF (Prop_obuf_I_O)         3.535    13.400 r  seg_L_OBUF[2]_inst/O
                         net (fo=0)                   0.000    13.400    seg_L[2]
    U8                                                                r  seg_L[2] (OUT)
  -------------------------------------------------------------------    -------------------

Slack:                    inf
  Source:                 Imp3/count_reg[18]/C
                            (rising edge-triggered cell FDRE clocked by sys_clk_pin  {rise@0.000ns fall@5.000ns period=10.000ns})
  Destination:            anode_L[0]
                            (output port)
  Path Group:             (none)
  Path Type:              Max at Slow Process Corner
  Data Path Delay:        6.934ns  (logic 4.309ns (62.137%)  route 2.626ns (37.863%))
  Logic Levels:           2  (LUT2=1 OBUF=1)
  Clock Uncertainty:      0.025ns  ((TSJ^2 + TIJ^2)^1/2 + DJ) / 2 + PE
    Total System Jitter     (TSJ):    0.050ns
    Total Input Jitter      (TIJ):    0.000ns
    Discrete Jitter          (DJ):    0.000ns
    Phase Error              (PE):    0.000ns

    Location             Delay type                Incr(ns)  Path(ns)    Netlist Resource(s)
  -------------------------------------------------------------------    -------------------
                         (clock sys_clk_pin rise edge)
                                                      0.000     0.000 r  
    W5                                                0.000     0.000 r  clk (IN)
                         net (fo=0)                   0.000     0.000    clk
    W5                   IBUF (Prop_ibuf_I_O)         1.458     1.458 r  clk_IBUF_inst/O
                         net (fo=1, routed)           1.967     3.425    clk_IBUF
    BUFGCTRL_X0Y1        BUFG (Prop_bufg_I_O)         0.096     3.521 r  clk_IBUF_BUFG_inst/O
                         net (fo=46, routed)          1.624     5.145    Imp3/clk_IBUF_BUFG
    SLICE_X63Y28         FDRE                                         r  Imp3/count_reg[18]/C
  -------------------------------------------------------------------    -------------------
    SLICE_X63Y28         FDRE (Prop_fdre_C_Q)         0.456     5.601 r  Imp3/count_reg[18]/Q
                         net (fo=7, routed)           0.818     6.419    Imp3/seg7_clk[0]
    SLICE_X64Y28         LUT2 (Prop_lut2_I0_O)        0.146     6.565 r  Imp3/anode_L_OBUF[0]_inst_i_1/O
                         net (fo=1, routed)           1.807     8.373    anode_L_OBUF[0]
    U2                   OBUF (Prop_obuf_I_O)         3.707    12.080 r  anode_L_OBUF[0]_inst/O
                         net (fo=0)                   0.000    12.080    anode_L[0]
    U2                                                                r  anode_L[0] (OUT)
  -------------------------------------------------------------------    -------------------

Slack:                    inf
  Source:                 Imp3/count_reg[18]/C
                            (rising edge-triggered cell FDRE clocked by sys_clk_pin  {rise@0.000ns fall@5.000ns period=10.000ns})
  Destination:            anode_L[1]
                            (output port)
  Path Group:             (none)
  Path Type:              Max at Slow Process Corner
  Data Path Delay:        6.563ns  (logic 4.079ns (62.154%)  route 2.484ns (37.846%))
  Logic Levels:           2  (LUT2=1 OBUF=1)
  Clock Uncertainty:      0.025ns  ((TSJ^2 + TIJ^2)^1/2 + DJ) / 2 + PE
    Total System Jitter     (TSJ):    0.050ns
    Total Input Jitter      (TIJ):    0.000ns
    Discrete Jitter          (DJ):    0.000ns
    Phase Error              (PE):    0.000ns

    Location             Delay type                Incr(ns)  Path(ns)    Netlist Resource(s)
  -------------------------------------------------------------------    -------------------
                         (clock sys_clk_pin rise edge)
                                                      0.000     0.000 r  
    W5                                                0.000     0.000 r  clk (IN)
                         net (fo=0)                   0.000     0.000    clk
    W5                   IBUF (Prop_ibuf_I_O)         1.458     1.458 r  clk_IBUF_inst/O
                         net (fo=1, routed)           1.967     3.425    clk_IBUF
    BUFGCTRL_X0Y1        BUFG (Prop_bufg_I_O)         0.096     3.521 r  clk_IBUF_BUFG_inst/O
                         net (fo=46, routed)          1.624     5.145    Imp3/clk_IBUF_BUFG
    SLICE_X63Y28         FDRE                                         r  Imp3/count_reg[18]/C
  -------------------------------------------------------------------    -------------------
    SLICE_X63Y28         FDRE (Prop_fdre_C_Q)         0.456     5.601 f  Imp3/count_reg[18]/Q
                         net (fo=7, routed)           0.818     6.419    Imp3/seg7_clk[0]
    SLICE_X64Y28         LUT2 (Prop_lut2_I1_O)        0.124     6.543 r  Imp3/anode_L_OBUF[1]_inst_i_1/O
                         net (fo=1, routed)           1.666     8.209    anode_L_OBUF[1]
    U4                   OBUF (Prop_obuf_I_O)         3.499    11.708 r  anode_L_OBUF[1]_inst/O
                         net (fo=0)                   0.000    11.708    anode_L[1]
    U4                                                                r  anode_L[1] (OUT)
  -------------------------------------------------------------------    -------------------





Min Delay Paths
--------------------------------------------------------------------------------------
Slack:                    inf
  Source:                 Imp3/count_reg[19]/C
                            (rising edge-triggered cell FDRE clocked by sys_clk_pin  {rise@0.000ns fall@5.000ns period=10.000ns})
  Destination:            anode_L[1]
                            (output port)
  Path Group:             (none)
  Path Type:              Min at Fast Process Corner
  Data Path Delay:        1.980ns  (logic 1.386ns (70.020%)  route 0.594ns (29.980%))
  Logic Levels:           2  (LUT2=1 OBUF=1)
  Clock Uncertainty:      0.025ns  ((TSJ^2 + TIJ^2)^1/2 + DJ) / 2 + PE
    Total System Jitter     (TSJ):    0.050ns
    Total Input Jitter      (TIJ):    0.000ns
    Discrete Jitter          (DJ):    0.000ns
    Phase Error              (PE):    0.000ns

    Location             Delay type                Incr(ns)  Path(ns)    Netlist Resource(s)
  -------------------------------------------------------------------    -------------------
                         (clock sys_clk_pin rise edge)
                                                      0.000     0.000 r  
    W5                                                0.000     0.000 r  clk (IN)
                         net (fo=0)                   0.000     0.000    clk
    W5                   IBUF (Prop_ibuf_I_O)         0.226     0.226 r  clk_IBUF_inst/O
                         net (fo=1, routed)           0.631     0.858    clk_IBUF
    BUFGCTRL_X0Y1        BUFG (Prop_bufg_I_O)         0.026     0.884 r  clk_IBUF_BUFG_inst/O
                         net (fo=46, routed)          0.585     1.468    Imp3/clk_IBUF_BUFG
    SLICE_X63Y28         FDRE                                         r  Imp3/count_reg[19]/C
  -------------------------------------------------------------------    -------------------
    SLICE_X63Y28         FDRE (Prop_fdre_C_Q)         0.141     1.609 r  Imp3/count_reg[19]/Q
                         net (fo=7, routed)           0.261     1.870    Imp3/seg7_clk[1]
    SLICE_X64Y28         LUT2 (Prop_lut2_I0_O)        0.045     1.915 r  Imp3/anode_L_OBUF[1]_inst_i_1/O
                         net (fo=1, routed)           0.333     2.248    anode_L_OBUF[1]
    U4                   OBUF (Prop_obuf_I_O)         1.200     3.448 r  anode_L_OBUF[1]_inst/O
                         net (fo=0)                   0.000     3.448    anode_L[1]
    U4                                                                r  anode_L[1] (OUT)
  -------------------------------------------------------------------    -------------------

Slack:                    inf
  Source:                 Imp3/count_reg[19]/C
                            (rising edge-triggered cell FDRE clocked by sys_clk_pin  {rise@0.000ns fall@5.000ns period=10.000ns})
  Destination:            anode_L[0]
                            (output port)
  Path Group:             (none)
  Path Type:              Min at Fast Process Corner
  Data Path Delay:        2.116ns  (logic 1.457ns (68.847%)  route 0.659ns (31.153%))
  Logic Levels:           2  (LUT2=1 OBUF=1)
  Clock Uncertainty:      0.025ns  ((TSJ^2 + TIJ^2)^1/2 + DJ) / 2 + PE
    Total System Jitter     (TSJ):    0.050ns
    Total Input Jitter      (TIJ):    0.000ns
    Discrete Jitter          (DJ):    0.000ns
    Phase Error              (PE):    0.000ns

    Location             Delay type                Incr(ns)  Path(ns)    Netlist Resource(s)
  -------------------------------------------------------------------    -------------------
                         (clock sys_clk_pin rise edge)
                                                      0.000     0.000 r  
    W5                                                0.000     0.000 r  clk (IN)
                         net (fo=0)                   0.000     0.000    clk
    W5                   IBUF (Prop_ibuf_I_O)         0.226     0.226 r  clk_IBUF_inst/O
                         net (fo=1, routed)           0.631     0.858    clk_IBUF
    BUFGCTRL_X0Y1        BUFG (Prop_bufg_I_O)         0.026     0.884 r  clk_IBUF_BUFG_inst/O
                         net (fo=46, routed)          0.585     1.468    Imp3/clk_IBUF_BUFG
    SLICE_X63Y28         FDRE                                         r  Imp3/count_reg[19]/C
  -------------------------------------------------------------------    -------------------
    SLICE_X63Y28         FDRE (Prop_fdre_C_Q)         0.141     1.609 r  Imp3/count_reg[19]/Q
                         net (fo=7, routed)           0.261     1.870    Imp3/seg7_clk[1]
    SLICE_X64Y28         LUT2 (Prop_lut2_I1_O)        0.046     1.916 r  Imp3/anode_L_OBUF[0]_inst_i_1/O
                         net (fo=1, routed)           0.398     2.314    anode_L_OBUF[0]
    U2                   OBUF (Prop_obuf_I_O)         1.270     3.584 r  anode_L_OBUF[0]_inst/O
                         net (fo=0)                   0.000     3.584    anode_L[0]
    U2                                                                r  anode_L[0] (OUT)
  -------------------------------------------------------------------    -------------------

Slack:                    inf
  Source:                 Imp3/count_reg[18]/C
                            (rising edge-triggered cell FDRE clocked by sys_clk_pin  {rise@0.000ns fall@5.000ns period=10.000ns})
  Destination:            seg_L[5]
                            (output port)
  Path Group:             (none)
  Path Type:              Min at Fast Process Corner
  Data Path Delay:        2.380ns  (logic 1.437ns (60.350%)  route 0.944ns (39.650%))
  Logic Levels:           3  (LUT4=1 LUT5=1 OBUF=1)
  Clock Uncertainty:      0.025ns  ((TSJ^2 + TIJ^2)^1/2 + DJ) / 2 + PE
    Total System Jitter     (TSJ):    0.050ns
    Total Input Jitter      (TIJ):    0.000ns
    Discrete Jitter          (DJ):    0.000ns
    Phase Error              (PE):    0.000ns

    Location             Delay type                Incr(ns)  Path(ns)    Netlist Resource(s)
  -------------------------------------------------------------------    -------------------
                         (clock sys_clk_pin rise edge)
                                                      0.000     0.000 r  
    W5                                                0.000     0.000 r  clk (IN)
                         net (fo=0)                   0.000     0.000    clk
    W5                   IBUF (Prop_ibuf_I_O)         0.226     0.226 r  clk_IBUF_inst/O
                         net (fo=1, routed)           0.631     0.858    clk_IBUF
    BUFGCTRL_X0Y1        BUFG (Prop_bufg_I_O)         0.026     0.884 r  clk_IBUF_BUFG_inst/O
                         net (fo=46, routed)          0.585     1.468    Imp3/clk_IBUF_BUFG
    SLICE_X63Y28         FDRE                                         r  Imp3/count_reg[18]/C
  -------------------------------------------------------------------    -------------------
    SLICE_X63Y28         FDRE (Prop_fdre_C_Q)         0.141     1.609 r  Imp3/count_reg[18]/Q
                         net (fo=7, routed)           0.213     1.822    Imp1/T1/seg7_clk[0]
    SLICE_X58Y27         LUT5 (Prop_lut5_I2_O)        0.045     1.867 r  Imp1/T1/seg_L_OBUF[6]_inst_i_5/O
                         net (fo=7, routed)           0.261     2.128    Imp1/T1/sel0[1]
    SLICE_X64Y27         LUT4 (Prop_lut4_I3_O)        0.045     2.173 r  Imp1/T1/seg_L_OBUF[5]_inst_i_1/O
                         net (fo=1, routed)           0.470     2.643    seg_L_OBUF[5]
    V5                   OBUF (Prop_obuf_I_O)         1.206     3.848 r  seg_L_OBUF[5]_inst/O
                         net (fo=0)                   0.000     3.848    seg_L[5]
    V5                                                                r  seg_L[5] (OUT)
  -------------------------------------------------------------------    -------------------

Slack:                    inf
  Source:                 Imp3/count_reg[18]/C
                            (rising edge-triggered cell FDRE clocked by sys_clk_pin  {rise@0.000ns fall@5.000ns period=10.000ns})
  Destination:            seg_L[0]
                            (output port)
  Path Group:             (none)
  Path Type:              Min at Fast Process Corner
  Data Path Delay:        2.402ns  (logic 1.515ns (63.062%)  route 0.887ns (36.938%))
  Logic Levels:           3  (LUT4=1 LUT5=1 OBUF=1)
  Clock Uncertainty:      0.025ns  ((TSJ^2 + TIJ^2)^1/2 + DJ) / 2 + PE
    Total System Jitter     (TSJ):    0.050ns
    Total Input Jitter      (TIJ):    0.000ns
    Discrete Jitter          (DJ):    0.000ns
    Phase Error              (PE):    0.000ns

    Location             Delay type                Incr(ns)  Path(ns)    Netlist Resource(s)
  -------------------------------------------------------------------    -------------------
                         (clock sys_clk_pin rise edge)
                                                      0.000     0.000 r  
    W5                                                0.000     0.000 r  clk (IN)
                         net (fo=0)                   0.000     0.000    clk
    W5                   IBUF (Prop_ibuf_I_O)         0.226     0.226 r  clk_IBUF_inst/O
                         net (fo=1, routed)           0.631     0.858    clk_IBUF
    BUFGCTRL_X0Y1        BUFG (Prop_bufg_I_O)         0.026     0.884 r  clk_IBUF_BUFG_inst/O
                         net (fo=46, routed)          0.585     1.468    Imp3/clk_IBUF_BUFG
    SLICE_X63Y28         FDRE                                         r  Imp3/count_reg[18]/C
  -------------------------------------------------------------------    -------------------
    SLICE_X63Y28         FDRE (Prop_fdre_C_Q)         0.141     1.609 r  Imp3/count_reg[18]/Q
                         net (fo=7, routed)           0.213     1.822    Imp1/T1/seg7_clk[0]
    SLICE_X58Y27         LUT5 (Prop_lut5_I2_O)        0.045     1.867 r  Imp1/T1/seg_L_OBUF[6]_inst_i_5/O
                         net (fo=7, routed)           0.261     2.128    Imp1/T1/sel0[1]
    SLICE_X64Y27         LUT4 (Prop_lut4_I3_O)        0.049     2.177 r  Imp1/T1/seg_L_OBUF[0]_inst_i_1/O
                         net (fo=1, routed)           0.413     2.590    seg_L_OBUF[0]
    W7                   OBUF (Prop_obuf_I_O)         1.280     3.870 r  seg_L_OBUF[0]_inst/O
                         net (fo=0)                   0.000     3.870    seg_L[0]
    W7                                                                r  seg_L[0] (OUT)
  -------------------------------------------------------------------    -------------------

Slack:                    inf
  Source:                 Imp3/count_reg[18]/C
                            (rising edge-triggered cell FDRE clocked by sys_clk_pin  {rise@0.000ns fall@5.000ns period=10.000ns})
  Destination:            seg_L[1]
                            (output port)
  Path Group:             (none)
  Path Type:              Min at Fast Process Corner
  Data Path Delay:        2.411ns  (logic 1.461ns (60.605%)  route 0.950ns (39.395%))
  Logic Levels:           3  (LUT4=1 LUT5=1 OBUF=1)
  Clock Uncertainty:      0.025ns  ((TSJ^2 + TIJ^2)^1/2 + DJ) / 2 + PE
    Total System Jitter     (TSJ):    0.050ns
    Total Input Jitter      (TIJ):    0.000ns
    Discrete Jitter          (DJ):    0.000ns
    Phase Error              (PE):    0.000ns

    Location             Delay type                Incr(ns)  Path(ns)    Netlist Resource(s)
  -------------------------------------------------------------------    -------------------
                         (clock sys_clk_pin rise edge)
                                                      0.000     0.000 r  
    W5                                                0.000     0.000 r  clk (IN)
                         net (fo=0)                   0.000     0.000    clk
    W5                   IBUF (Prop_ibuf_I_O)         0.226     0.226 r  clk_IBUF_inst/O
                         net (fo=1, routed)           0.631     0.858    clk_IBUF
    BUFGCTRL_X0Y1        BUFG (Prop_bufg_I_O)         0.026     0.884 r  clk_IBUF_BUFG_inst/O
                         net (fo=46, routed)          0.585     1.468    Imp3/clk_IBUF_BUFG
    SLICE_X63Y28         FDRE                                         r  Imp3/count_reg[18]/C
  -------------------------------------------------------------------    -------------------
    SLICE_X63Y28         FDRE (Prop_fdre_C_Q)         0.141     1.609 r  Imp3/count_reg[18]/Q
                         net (fo=7, routed)           0.212     1.821    Imp1/T1/seg7_clk[0]
    SLICE_X58Y27         LUT5 (Prop_lut5_I2_O)        0.045     1.866 r  Imp1/T1/seg_L_OBUF[6]_inst_i_4/O
                         net (fo=7, routed)           0.347     2.213    Imp1/T1/sel0[2]
    SLICE_X64Y27         LUT4 (Prop_lut4_I1_O)        0.045     2.258 r  Imp1/T1/seg_L_OBUF[1]_inst_i_1/O
                         net (fo=1, routed)           0.391     2.649    seg_L_OBUF[1]
    W6                   OBUF (Prop_obuf_I_O)         1.230     3.879 r  seg_L_OBUF[1]_inst/O
                         net (fo=0)                   0.000     3.879    seg_L[1]
    W6                                                                r  seg_L[1] (OUT)
  -------------------------------------------------------------------    -------------------

Slack:                    inf
  Source:                 Imp3/count_reg[18]/C
                            (rising edge-triggered cell FDRE clocked by sys_clk_pin  {rise@0.000ns fall@5.000ns period=10.000ns})
  Destination:            seg_L[2]
                            (output port)
  Path Group:             (none)
  Path Type:              Min at Fast Process Corner
  Data Path Delay:        2.417ns  (logic 1.467ns (60.704%)  route 0.950ns (39.296%))
  Logic Levels:           3  (LUT4=1 LUT5=1 OBUF=1)
  Clock Uncertainty:      0.025ns  ((TSJ^2 + TIJ^2)^1/2 + DJ) / 2 + PE
    Total System Jitter     (TSJ):    0.050ns
    Total Input Jitter      (TIJ):    0.000ns
    Discrete Jitter          (DJ):    0.000ns
    Phase Error              (PE):    0.000ns

    Location             Delay type                Incr(ns)  Path(ns)    Netlist Resource(s)
  -------------------------------------------------------------------    -------------------
                         (clock sys_clk_pin rise edge)
                                                      0.000     0.000 r  
    W5                                                0.000     0.000 r  clk (IN)
                         net (fo=0)                   0.000     0.000    clk
    W5                   IBUF (Prop_ibuf_I_O)         0.226     0.226 r  clk_IBUF_inst/O
                         net (fo=1, routed)           0.631     0.858    clk_IBUF
    BUFGCTRL_X0Y1        BUFG (Prop_bufg_I_O)         0.026     0.884 r  clk_IBUF_BUFG_inst/O
                         net (fo=46, routed)          0.585     1.468    Imp3/clk_IBUF_BUFG
    SLICE_X63Y28         FDRE                                         r  Imp3/count_reg[18]/C
  -------------------------------------------------------------------    -------------------
    SLICE_X63Y28         FDRE (Prop_fdre_C_Q)         0.141     1.609 r  Imp3/count_reg[18]/Q
                         net (fo=7, routed)           0.212     1.821    Imp1/T1/seg7_clk[0]
    SLICE_X58Y27         LUT5 (Prop_lut5_I2_O)        0.045     1.866 r  Imp1/T1/seg_L_OBUF[6]_inst_i_4/O
                         net (fo=7, routed)           0.345     2.211    Imp1/T1/sel0[2]
    SLICE_X64Y27         LUT4 (Prop_lut4_I3_O)        0.045     2.256 r  Imp1/T1/seg_L_OBUF[2]_inst_i_1/O
                         net (fo=1, routed)           0.393     2.649    seg_L_OBUF[2]
    U8                   OBUF (Prop_obuf_I_O)         1.236     3.885 r  seg_L_OBUF[2]_inst/O
                         net (fo=0)                   0.000     3.885    seg_L[2]
    U8                                                                r  seg_L[2] (OUT)
  -------------------------------------------------------------------    -------------------

Slack:                    inf
  Source:                 Imp3/count_reg[18]/C
                            (rising edge-triggered cell FDRE clocked by sys_clk_pin  {rise@0.000ns fall@5.000ns period=10.000ns})
  Destination:            seg_L[4]
                            (output port)
  Path Group:             (none)
  Path Type:              Min at Fast Process Corner
  Data Path Delay:        2.441ns  (logic 1.452ns (59.475%)  route 0.989ns (40.525%))
  Logic Levels:           3  (LUT4=1 LUT5=1 OBUF=1)
  Clock Uncertainty:      0.025ns  ((TSJ^2 + TIJ^2)^1/2 + DJ) / 2 + PE
    Total System Jitter     (TSJ):    0.050ns
    Total Input Jitter      (TIJ):    0.000ns
    Discrete Jitter          (DJ):    0.000ns
    Phase Error              (PE):    0.000ns

    Location             Delay type                Incr(ns)  Path(ns)    Netlist Resource(s)
  -------------------------------------------------------------------    -------------------
                         (clock sys_clk_pin rise edge)
                                                      0.000     0.000 r  
    W5                                                0.000     0.000 r  clk (IN)
                         net (fo=0)                   0.000     0.000    clk
    W5                   IBUF (Prop_ibuf_I_O)         0.226     0.226 r  clk_IBUF_inst/O
                         net (fo=1, routed)           0.631     0.858    clk_IBUF
    BUFGCTRL_X0Y1        BUFG (Prop_bufg_I_O)         0.026     0.884 r  clk_IBUF_BUFG_inst/O
                         net (fo=46, routed)          0.585     1.468    Imp3/clk_IBUF_BUFG
    SLICE_X63Y28         FDRE                                         r  Imp3/count_reg[18]/C
  -------------------------------------------------------------------    -------------------
    SLICE_X63Y28         FDRE (Prop_fdre_C_Q)         0.141     1.609 r  Imp3/count_reg[18]/Q
                         net (fo=7, routed)           0.213     1.822    Imp1/T1/seg7_clk[0]
    SLICE_X58Y27         LUT5 (Prop_lut5_I2_O)        0.045     1.867 f  Imp1/T1/seg_L_OBUF[6]_inst_i_5/O
                         net (fo=7, routed)           0.245     2.112    Imp1/T1/sel0[1]
    SLICE_X64Y27         LUT4 (Prop_lut4_I1_O)        0.045     2.157 r  Imp1/T1/seg_L_OBUF[4]_inst_i_1/O
                         net (fo=1, routed)           0.531     2.688    seg_L_OBUF[4]
    U5                   OBUF (Prop_obuf_I_O)         1.221     3.909 r  seg_L_OBUF[4]_inst/O
                         net (fo=0)                   0.000     3.909    seg_L[4]
    U5                                                                r  seg_L[4] (OUT)
  -------------------------------------------------------------------    -------------------

Slack:                    inf
  Source:                 Imp3/count_reg[18]/C
                            (rising edge-triggered cell FDRE clocked by sys_clk_pin  {rise@0.000ns fall@5.000ns period=10.000ns})
  Destination:            seg_L[3]
                            (output port)
  Path Group:             (none)
  Path Type:              Min at Fast Process Corner
  Data Path Delay:        2.544ns  (logic 1.532ns (60.237%)  route 1.012ns (39.763%))
  Logic Levels:           3  (LUT4=1 LUT5=1 OBUF=1)
  Clock Uncertainty:      0.025ns  ((TSJ^2 + TIJ^2)^1/2 + DJ) / 2 + PE
    Total System Jitter     (TSJ):    0.050ns
    Total Input Jitter      (TIJ):    0.000ns
    Discrete Jitter          (DJ):    0.000ns
    Phase Error              (PE):    0.000ns

    Location             Delay type                Incr(ns)  Path(ns)    Netlist Resource(s)
  -------------------------------------------------------------------    -------------------
                         (clock sys_clk_pin rise edge)
                                                      0.000     0.000 r  
    W5                                                0.000     0.000 r  clk (IN)
                         net (fo=0)                   0.000     0.000    clk
    W5                   IBUF (Prop_ibuf_I_O)         0.226     0.226 r  clk_IBUF_inst/O
                         net (fo=1, routed)           0.631     0.858    clk_IBUF
    BUFGCTRL_X0Y1        BUFG (Prop_bufg_I_O)         0.026     0.884 r  clk_IBUF_BUFG_inst/O
                         net (fo=46, routed)          0.585     1.468    Imp3/clk_IBUF_BUFG
    SLICE_X63Y28         FDRE                                         r  Imp3/count_reg[18]/C
  -------------------------------------------------------------------    -------------------
    SLICE_X63Y28         FDRE (Prop_fdre_C_Q)         0.141     1.609 r  Imp3/count_reg[18]/Q
                         net (fo=7, routed)           0.212     1.821    Imp1/T1/seg7_clk[0]
    SLICE_X58Y27         LUT5 (Prop_lut5_I2_O)        0.045     1.866 r  Imp1/T1/seg_L_OBUF[6]_inst_i_4/O
                         net (fo=7, routed)           0.347     2.213    Imp1/T1/sel0[2]
    SLICE_X64Y27         LUT4 (Prop_lut4_I1_O)        0.044     2.257 r  Imp1/T1/seg_L_OBUF[3]_inst_i_1/O
                         net (fo=1, routed)           0.453     2.710    seg_L_OBUF[3]
    V8                   OBUF (Prop_obuf_I_O)         1.302     4.012 r  seg_L_OBUF[3]_inst/O
                         net (fo=0)                   0.000     4.012    seg_L[3]
    V8                                                                r  seg_L[3] (OUT)
  -------------------------------------------------------------------    -------------------

Slack:                    inf
  Source:                 Imp3/count_reg[18]/C
                            (rising edge-triggered cell FDRE clocked by sys_clk_pin  {rise@0.000ns fall@5.000ns period=10.000ns})
  Destination:            seg_L[6]
                            (output port)
  Path Group:             (none)
  Path Type:              Min at Fast Process Corner
  Data Path Delay:        2.723ns  (logic 1.535ns (56.374%)  route 1.188ns (43.626%))
  Logic Levels:           3  (LUT4=1 LUT5=1 OBUF=1)
  Clock Uncertainty:      0.025ns  ((TSJ^2 + TIJ^2)^1/2 + DJ) / 2 + PE
    Total System Jitter     (TSJ):    0.050ns
    Total Input Jitter      (TIJ):    0.000ns
    Discrete Jitter          (DJ):    0.000ns
    Phase Error              (PE):    0.000ns

    Location             Delay type                Incr(ns)  Path(ns)    Netlist Resource(s)
  -------------------------------------------------------------------    -------------------
                         (clock sys_clk_pin rise edge)
                                                      0.000     0.000 r  
    W5                                                0.000     0.000 r  clk (IN)
                         net (fo=0)                   0.000     0.000    clk
    W5                   IBUF (Prop_ibuf_I_O)         0.226     0.226 r  clk_IBUF_inst/O
                         net (fo=1, routed)           0.631     0.858    clk_IBUF
    BUFGCTRL_X0Y1        BUFG (Prop_bufg_I_O)         0.026     0.884 r  clk_IBUF_BUFG_inst/O
                         net (fo=46, routed)          0.585     1.468    Imp3/clk_IBUF_BUFG
    SLICE_X63Y28         FDRE                                         r  Imp3/count_reg[18]/C
  -------------------------------------------------------------------    -------------------
    SLICE_X63Y28         FDRE (Prop_fdre_C_Q)         0.141     1.609 r  Imp3/count_reg[18]/Q
                         net (fo=7, routed)           0.212     1.821    Imp1/T1/seg7_clk[0]
    SLICE_X58Y27         LUT5 (Prop_lut5_I2_O)        0.045     1.866 r  Imp1/T1/seg_L_OBUF[6]_inst_i_4/O
                         net (fo=7, routed)           0.345     2.211    Imp1/T1/sel0[2]
    SLICE_X64Y27         LUT4 (Prop_lut4_I2_O)        0.044     2.255 r  Imp1/T1/seg_L_OBUF[6]_inst_i_1/O
                         net (fo=1, routed)           0.632     2.886    seg_L_OBUF[6]
    U7                   OBUF (Prop_obuf_I_O)         1.305     4.192 r  seg_L_OBUF[6]_inst/O
                         net (fo=0)                   0.000     4.192    seg_L[6]
    U7                                                                r  seg_L[6] (OUT)
  -------------------------------------------------------------------    -------------------





--------------------------------------------------------------------------------------
Path Group:  (none)
From Clock:  
  To Clock:  sys_clk_pin

Max Delay            20 Endpoints
Min Delay            20 Endpoints
--------------------------------------------------------------------------------------


Max Delay Paths
--------------------------------------------------------------------------------------
Slack:                    inf
  Source:                 rst
                            (input port)
  Destination:            Imp3/count_reg[0]/R
                            (rising edge-triggered cell FDRE clocked by sys_clk_pin  {rise@0.000ns fall@5.000ns period=10.000ns})
  Path Group:             (none)
  Path Type:              Setup (Max at Slow Process Corner)
  Data Path Delay:        6.121ns  (logic 1.454ns (23.749%)  route 4.668ns (76.251%))
  Logic Levels:           1  (IBUF=1)
  Clock Path Skew:        4.843ns (DCD - SCD + CPR)
    Destination Clock Delay (DCD):    4.843ns
    Source Clock Delay      (SCD):    0.000ns
    Clock Pessimism Removal (CPR):    0.000ns
  Clock Uncertainty:      0.025ns  ((TSJ^2 + TIJ^2)^1/2 + DJ) / 2 + PE
    Total System Jitter     (TSJ):    0.050ns
    Total Input Jitter      (TIJ):    0.000ns
    Discrete Jitter          (DJ):    0.000ns
    Phase Error              (PE):    0.000ns

    Location             Delay type                Incr(ns)  Path(ns)    Netlist Resource(s)
  -------------------------------------------------------------------    -------------------
    T18                                               0.000     0.000 r  rst (IN)
                         net (fo=0)                   0.000     0.000    rst
    T18                  IBUF (Prop_ibuf_I_O)         1.454     1.454 r  rst_IBUF_inst/O
                         net (fo=265, routed)         4.668     6.121    Imp3/SR[0]
    SLICE_X63Y24         FDRE                                         r  Imp3/count_reg[0]/R
  -------------------------------------------------------------------    -------------------

                         (clock sys_clk_pin rise edge)
                                                      0.000     0.000 r  
    W5                                                0.000     0.000 r  clk (IN)
                         net (fo=0)                   0.000     0.000    clk
    W5                   IBUF (Prop_ibuf_I_O)         1.388     1.388 r  clk_IBUF_inst/O
                         net (fo=1, routed)           1.862     3.250    clk_IBUF
    BUFGCTRL_X0Y1        BUFG (Prop_bufg_I_O)         0.091     3.341 r  clk_IBUF_BUFG_inst/O
                         net (fo=46, routed)          1.502     4.843    Imp3/clk_IBUF_BUFG
    SLICE_X63Y24         FDRE                                         r  Imp3/count_reg[0]/C

Slack:                    inf
  Source:                 rst
                            (input port)
  Destination:            Imp3/count_reg[1]/R
                            (rising edge-triggered cell FDRE clocked by sys_clk_pin  {rise@0.000ns fall@5.000ns period=10.000ns})
  Path Group:             (none)
  Path Type:              Setup (Max at Slow Process Corner)
  Data Path Delay:        6.121ns  (logic 1.454ns (23.749%)  route 4.668ns (76.251%))
  Logic Levels:           1  (IBUF=1)
  Clock Path Skew:        4.843ns (DCD - SCD + CPR)
    Destination Clock Delay (DCD):    4.843ns
    Source Clock Delay      (SCD):    0.000ns
    Clock Pessimism Removal (CPR):    0.000ns
  Clock Uncertainty:      0.025ns  ((TSJ^2 + TIJ^2)^1/2 + DJ) / 2 + PE
    Total System Jitter     (TSJ):    0.050ns
    Total Input Jitter      (TIJ):    0.000ns
    Discrete Jitter          (DJ):    0.000ns
    Phase Error              (PE):    0.000ns

    Location             Delay type                Incr(ns)  Path(ns)    Netlist Resource(s)
  -------------------------------------------------------------------    -------------------
    T18                                               0.000     0.000 r  rst (IN)
                         net (fo=0)                   0.000     0.000    rst
    T18                  IBUF (Prop_ibuf_I_O)         1.454     1.454 r  rst_IBUF_inst/O
                         net (fo=265, routed)         4.668     6.121    Imp3/SR[0]
    SLICE_X63Y24         FDRE                                         r  Imp3/count_reg[1]/R
  -------------------------------------------------------------------    -------------------

                         (clock sys_clk_pin rise edge)
                                                      0.000     0.000 r  
    W5                                                0.000     0.000 r  clk (IN)
                         net (fo=0)                   0.000     0.000    clk
    W5                   IBUF (Prop_ibuf_I_O)         1.388     1.388 r  clk_IBUF_inst/O
                         net (fo=1, routed)           1.862     3.250    clk_IBUF
    BUFGCTRL_X0Y1        BUFG (Prop_bufg_I_O)         0.091     3.341 r  clk_IBUF_BUFG_inst/O
                         net (fo=46, routed)          1.502     4.843    Imp3/clk_IBUF_BUFG
    SLICE_X63Y24         FDRE                                         r  Imp3/count_reg[1]/C

Slack:                    inf
  Source:                 rst
                            (input port)
  Destination:            Imp3/count_reg[2]/R
                            (rising edge-triggered cell FDRE clocked by sys_clk_pin  {rise@0.000ns fall@5.000ns period=10.000ns})
  Path Group:             (none)
  Path Type:              Setup (Max at Slow Process Corner)
  Data Path Delay:        6.121ns  (logic 1.454ns (23.749%)  route 4.668ns (76.251%))
  Logic Levels:           1  (IBUF=1)
  Clock Path Skew:        4.843ns (DCD - SCD + CPR)
    Destination Clock Delay (DCD):    4.843ns
    Source Clock Delay      (SCD):    0.000ns
    Clock Pessimism Removal (CPR):    0.000ns
  Clock Uncertainty:      0.025ns  ((TSJ^2 + TIJ^2)^1/2 + DJ) / 2 + PE
    Total System Jitter     (TSJ):    0.050ns
    Total Input Jitter      (TIJ):    0.000ns
    Discrete Jitter          (DJ):    0.000ns
    Phase Error              (PE):    0.000ns

    Location             Delay type                Incr(ns)  Path(ns)    Netlist Resource(s)
  -------------------------------------------------------------------    -------------------
    T18                                               0.000     0.000 r  rst (IN)
                         net (fo=0)                   0.000     0.000    rst
    T18                  IBUF (Prop_ibuf_I_O)         1.454     1.454 r  rst_IBUF_inst/O
                         net (fo=265, routed)         4.668     6.121    Imp3/SR[0]
    SLICE_X63Y24         FDRE                                         r  Imp3/count_reg[2]/R
  -------------------------------------------------------------------    -------------------

                         (clock sys_clk_pin rise edge)
                                                      0.000     0.000 r  
    W5                                                0.000     0.000 r  clk (IN)
                         net (fo=0)                   0.000     0.000    clk
    W5                   IBUF (Prop_ibuf_I_O)         1.388     1.388 r  clk_IBUF_inst/O
                         net (fo=1, routed)           1.862     3.250    clk_IBUF
    BUFGCTRL_X0Y1        BUFG (Prop_bufg_I_O)         0.091     3.341 r  clk_IBUF_BUFG_inst/O
                         net (fo=46, routed)          1.502     4.843    Imp3/clk_IBUF_BUFG
    SLICE_X63Y24         FDRE                                         r  Imp3/count_reg[2]/C

Slack:                    inf
  Source:                 rst
                            (input port)
  Destination:            Imp3/count_reg[3]/R
                            (rising edge-triggered cell FDRE clocked by sys_clk_pin  {rise@0.000ns fall@5.000ns period=10.000ns})
  Path Group:             (none)
  Path Type:              Setup (Max at Slow Process Corner)
  Data Path Delay:        6.121ns  (logic 1.454ns (23.749%)  route 4.668ns (76.251%))
  Logic Levels:           1  (IBUF=1)
  Clock Path Skew:        4.843ns (DCD - SCD + CPR)
    Destination Clock Delay (DCD):    4.843ns
    Source Clock Delay      (SCD):    0.000ns
    Clock Pessimism Removal (CPR):    0.000ns
  Clock Uncertainty:      0.025ns  ((TSJ^2 + TIJ^2)^1/2 + DJ) / 2 + PE
    Total System Jitter     (TSJ):    0.050ns
    Total Input Jitter      (TIJ):    0.000ns
    Discrete Jitter          (DJ):    0.000ns
    Phase Error              (PE):    0.000ns

    Location             Delay type                Incr(ns)  Path(ns)    Netlist Resource(s)
  -------------------------------------------------------------------    -------------------
    T18                                               0.000     0.000 r  rst (IN)
                         net (fo=0)                   0.000     0.000    rst
    T18                  IBUF (Prop_ibuf_I_O)         1.454     1.454 r  rst_IBUF_inst/O
                         net (fo=265, routed)         4.668     6.121    Imp3/SR[0]
    SLICE_X63Y24         FDRE                                         r  Imp3/count_reg[3]/R
  -------------------------------------------------------------------    -------------------

                         (clock sys_clk_pin rise edge)
                                                      0.000     0.000 r  
    W5                                                0.000     0.000 r  clk (IN)
                         net (fo=0)                   0.000     0.000    clk
    W5                   IBUF (Prop_ibuf_I_O)         1.388     1.388 r  clk_IBUF_inst/O
                         net (fo=1, routed)           1.862     3.250    clk_IBUF
    BUFGCTRL_X0Y1        BUFG (Prop_bufg_I_O)         0.091     3.341 r  clk_IBUF_BUFG_inst/O
                         net (fo=46, routed)          1.502     4.843    Imp3/clk_IBUF_BUFG
    SLICE_X63Y24         FDRE                                         r  Imp3/count_reg[3]/C

Slack:                    inf
  Source:                 rst
                            (input port)
  Destination:            Imp3/count_reg[4]/R
                            (rising edge-triggered cell FDRE clocked by sys_clk_pin  {rise@0.000ns fall@5.000ns period=10.000ns})
  Path Group:             (none)
  Path Type:              Setup (Max at Slow Process Corner)
  Data Path Delay:        5.953ns  (logic 1.454ns (24.421%)  route 4.499ns (75.579%))
  Logic Levels:           1  (IBUF=1)
  Clock Path Skew:        4.843ns (DCD - SCD + CPR)
    Destination Clock Delay (DCD):    4.843ns
    Source Clock Delay      (SCD):    0.000ns
    Clock Pessimism Removal (CPR):    0.000ns
  Clock Uncertainty:      0.025ns  ((TSJ^2 + TIJ^2)^1/2 + DJ) / 2 + PE
    Total System Jitter     (TSJ):    0.050ns
    Total Input Jitter      (TIJ):    0.000ns
    Discrete Jitter          (DJ):    0.000ns
    Phase Error              (PE):    0.000ns

    Location             Delay type                Incr(ns)  Path(ns)    Netlist Resource(s)
  -------------------------------------------------------------------    -------------------
    T18                                               0.000     0.000 r  rst (IN)
                         net (fo=0)                   0.000     0.000    rst
    T18                  IBUF (Prop_ibuf_I_O)         1.454     1.454 r  rst_IBUF_inst/O
                         net (fo=265, routed)         4.499     5.953    Imp3/SR[0]
    SLICE_X63Y25         FDRE                                         r  Imp3/count_reg[4]/R
  -------------------------------------------------------------------    -------------------

                         (clock sys_clk_pin rise edge)
                                                      0.000     0.000 r  
    W5                                                0.000     0.000 r  clk (IN)
                         net (fo=0)                   0.000     0.000    clk
    W5                   IBUF (Prop_ibuf_I_O)         1.388     1.388 r  clk_IBUF_inst/O
                         net (fo=1, routed)           1.862     3.250    clk_IBUF
    BUFGCTRL_X0Y1        BUFG (Prop_bufg_I_O)         0.091     3.341 r  clk_IBUF_BUFG_inst/O
                         net (fo=46, routed)          1.502     4.843    Imp3/clk_IBUF_BUFG
    SLICE_X63Y25         FDRE                                         r  Imp3/count_reg[4]/C

Slack:                    inf
  Source:                 rst
                            (input port)
  Destination:            Imp3/count_reg[5]/R
                            (rising edge-triggered cell FDRE clocked by sys_clk_pin  {rise@0.000ns fall@5.000ns period=10.000ns})
  Path Group:             (none)
  Path Type:              Setup (Max at Slow Process Corner)
  Data Path Delay:        5.953ns  (logic 1.454ns (24.421%)  route 4.499ns (75.579%))
  Logic Levels:           1  (IBUF=1)
  Clock Path Skew:        4.843ns (DCD - SCD + CPR)
    Destination Clock Delay (DCD):    4.843ns
    Source Clock Delay      (SCD):    0.000ns
    Clock Pessimism Removal (CPR):    0.000ns
  Clock Uncertainty:      0.025ns  ((TSJ^2 + TIJ^2)^1/2 + DJ) / 2 + PE
    Total System Jitter     (TSJ):    0.050ns
    Total Input Jitter      (TIJ):    0.000ns
    Discrete Jitter          (DJ):    0.000ns
    Phase Error              (PE):    0.000ns

    Location             Delay type                Incr(ns)  Path(ns)    Netlist Resource(s)
  -------------------------------------------------------------------    -------------------
    T18                                               0.000     0.000 r  rst (IN)
                         net (fo=0)                   0.000     0.000    rst
    T18                  IBUF (Prop_ibuf_I_O)         1.454     1.454 r  rst_IBUF_inst/O
                         net (fo=265, routed)         4.499     5.953    Imp3/SR[0]
    SLICE_X63Y25         FDRE                                         r  Imp3/count_reg[5]/R
  -------------------------------------------------------------------    -------------------

                         (clock sys_clk_pin rise edge)
                                                      0.000     0.000 r  
    W5                                                0.000     0.000 r  clk (IN)
                         net (fo=0)                   0.000     0.000    clk
    W5                   IBUF (Prop_ibuf_I_O)         1.388     1.388 r  clk_IBUF_inst/O
                         net (fo=1, routed)           1.862     3.250    clk_IBUF
    BUFGCTRL_X0Y1        BUFG (Prop_bufg_I_O)         0.091     3.341 r  clk_IBUF_BUFG_inst/O
                         net (fo=46, routed)          1.502     4.843    Imp3/clk_IBUF_BUFG
    SLICE_X63Y25         FDRE                                         r  Imp3/count_reg[5]/C

Slack:                    inf
  Source:                 rst
                            (input port)
  Destination:            Imp3/count_reg[6]/R
                            (rising edge-triggered cell FDRE clocked by sys_clk_pin  {rise@0.000ns fall@5.000ns period=10.000ns})
  Path Group:             (none)
  Path Type:              Setup (Max at Slow Process Corner)
  Data Path Delay:        5.953ns  (logic 1.454ns (24.421%)  route 4.499ns (75.579%))
  Logic Levels:           1  (IBUF=1)
  Clock Path Skew:        4.843ns (DCD - SCD + CPR)
    Destination Clock Delay (DCD):    4.843ns
    Source Clock Delay      (SCD):    0.000ns
    Clock Pessimism Removal (CPR):    0.000ns
  Clock Uncertainty:      0.025ns  ((TSJ^2 + TIJ^2)^1/2 + DJ) / 2 + PE
    Total System Jitter     (TSJ):    0.050ns
    Total Input Jitter      (TIJ):    0.000ns
    Discrete Jitter          (DJ):    0.000ns
    Phase Error              (PE):    0.000ns

    Location             Delay type                Incr(ns)  Path(ns)    Netlist Resource(s)
  -------------------------------------------------------------------    -------------------
    T18                                               0.000     0.000 r  rst (IN)
                         net (fo=0)                   0.000     0.000    rst
    T18                  IBUF (Prop_ibuf_I_O)         1.454     1.454 r  rst_IBUF_inst/O
                         net (fo=265, routed)         4.499     5.953    Imp3/SR[0]
    SLICE_X63Y25         FDRE                                         r  Imp3/count_reg[6]/R
  -------------------------------------------------------------------    -------------------

                         (clock sys_clk_pin rise edge)
                                                      0.000     0.000 r  
    W5                                                0.000     0.000 r  clk (IN)
                         net (fo=0)                   0.000     0.000    clk
    W5                   IBUF (Prop_ibuf_I_O)         1.388     1.388 r  clk_IBUF_inst/O
                         net (fo=1, routed)           1.862     3.250    clk_IBUF
    BUFGCTRL_X0Y1        BUFG (Prop_bufg_I_O)         0.091     3.341 r  clk_IBUF_BUFG_inst/O
                         net (fo=46, routed)          1.502     4.843    Imp3/clk_IBUF_BUFG
    SLICE_X63Y25         FDRE                                         r  Imp3/count_reg[6]/C

Slack:                    inf
  Source:                 rst
                            (input port)
  Destination:            Imp3/count_reg[7]/R
                            (rising edge-triggered cell FDRE clocked by sys_clk_pin  {rise@0.000ns fall@5.000ns period=10.000ns})
  Path Group:             (none)
  Path Type:              Setup (Max at Slow Process Corner)
  Data Path Delay:        5.953ns  (logic 1.454ns (24.421%)  route 4.499ns (75.579%))
  Logic Levels:           1  (IBUF=1)
  Clock Path Skew:        4.843ns (DCD - SCD + CPR)
    Destination Clock Delay (DCD):    4.843ns
    Source Clock Delay      (SCD):    0.000ns
    Clock Pessimism Removal (CPR):    0.000ns
  Clock Uncertainty:      0.025ns  ((TSJ^2 + TIJ^2)^1/2 + DJ) / 2 + PE
    Total System Jitter     (TSJ):    0.050ns
    Total Input Jitter      (TIJ):    0.000ns
    Discrete Jitter          (DJ):    0.000ns
    Phase Error              (PE):    0.000ns

    Location             Delay type                Incr(ns)  Path(ns)    Netlist Resource(s)
  -------------------------------------------------------------------    -------------------
    T18                                               0.000     0.000 r  rst (IN)
                         net (fo=0)                   0.000     0.000    rst
    T18                  IBUF (Prop_ibuf_I_O)         1.454     1.454 r  rst_IBUF_inst/O
                         net (fo=265, routed)         4.499     5.953    Imp3/SR[0]
    SLICE_X63Y25         FDRE                                         r  Imp3/count_reg[7]/R
  -------------------------------------------------------------------    -------------------

                         (clock sys_clk_pin rise edge)
                                                      0.000     0.000 r  
    W5                                                0.000     0.000 r  clk (IN)
                         net (fo=0)                   0.000     0.000    clk
    W5                   IBUF (Prop_ibuf_I_O)         1.388     1.388 r  clk_IBUF_inst/O
                         net (fo=1, routed)           1.862     3.250    clk_IBUF
    BUFGCTRL_X0Y1        BUFG (Prop_bufg_I_O)         0.091     3.341 r  clk_IBUF_BUFG_inst/O
                         net (fo=46, routed)          1.502     4.843    Imp3/clk_IBUF_BUFG
    SLICE_X63Y25         FDRE                                         r  Imp3/count_reg[7]/C

Slack:                    inf
  Source:                 rst
                            (input port)
  Destination:            Imp3/count_reg[10]/R
                            (rising edge-triggered cell FDRE clocked by sys_clk_pin  {rise@0.000ns fall@5.000ns period=10.000ns})
  Path Group:             (none)
  Path Type:              Setup (Max at Slow Process Corner)
  Data Path Delay:        5.802ns  (logic 1.454ns (25.055%)  route 4.348ns (74.945%))
  Logic Levels:           1  (IBUF=1)
  Clock Path Skew:        4.845ns (DCD - SCD + CPR)
    Destination Clock Delay (DCD):    4.845ns
    Source Clock Delay      (SCD):    0.000ns
    Clock Pessimism Removal (CPR):    0.000ns
  Clock Uncertainty:      0.025ns  ((TSJ^2 + TIJ^2)^1/2 + DJ) / 2 + PE
    Total System Jitter     (TSJ):    0.050ns
    Total Input Jitter      (TIJ):    0.000ns
    Discrete Jitter          (DJ):    0.000ns
    Phase Error              (PE):    0.000ns

    Location             Delay type                Incr(ns)  Path(ns)    Netlist Resource(s)
  -------------------------------------------------------------------    -------------------
    T18                                               0.000     0.000 r  rst (IN)
                         net (fo=0)                   0.000     0.000    rst
    T18                  IBUF (Prop_ibuf_I_O)         1.454     1.454 r  rst_IBUF_inst/O
                         net (fo=265, routed)         4.348     5.802    Imp3/SR[0]
    SLICE_X63Y26         FDRE                                         r  Imp3/count_reg[10]/R
  -------------------------------------------------------------------    -------------------

                         (clock sys_clk_pin rise edge)
                                                      0.000     0.000 r  
    W5                                                0.000     0.000 r  clk (IN)
                         net (fo=0)                   0.000     0.000    clk
    W5                   IBUF (Prop_ibuf_I_O)         1.388     1.388 r  clk_IBUF_inst/O
                         net (fo=1, routed)           1.862     3.250    clk_IBUF
    BUFGCTRL_X0Y1        BUFG (Prop_bufg_I_O)         0.091     3.341 r  clk_IBUF_BUFG_inst/O
                         net (fo=46, routed)          1.504     4.845    Imp3/clk_IBUF_BUFG
    SLICE_X63Y26         FDRE                                         r  Imp3/count_reg[10]/C

Slack:                    inf
  Source:                 rst
                            (input port)
  Destination:            Imp3/count_reg[11]/R
                            (rising edge-triggered cell FDRE clocked by sys_clk_pin  {rise@0.000ns fall@5.000ns period=10.000ns})
  Path Group:             (none)
  Path Type:              Setup (Max at Slow Process Corner)
  Data Path Delay:        5.802ns  (logic 1.454ns (25.055%)  route 4.348ns (74.945%))
  Logic Levels:           1  (IBUF=1)
  Clock Path Skew:        4.845ns (DCD - SCD + CPR)
    Destination Clock Delay (DCD):    4.845ns
    Source Clock Delay      (SCD):    0.000ns
    Clock Pessimism Removal (CPR):    0.000ns
  Clock Uncertainty:      0.025ns  ((TSJ^2 + TIJ^2)^1/2 + DJ) / 2 + PE
    Total System Jitter     (TSJ):    0.050ns
    Total Input Jitter      (TIJ):    0.000ns
    Discrete Jitter          (DJ):    0.000ns
    Phase Error              (PE):    0.000ns

    Location             Delay type                Incr(ns)  Path(ns)    Netlist Resource(s)
  -------------------------------------------------------------------    -------------------
    T18                                               0.000     0.000 r  rst (IN)
                         net (fo=0)                   0.000     0.000    rst
    T18                  IBUF (Prop_ibuf_I_O)         1.454     1.454 r  rst_IBUF_inst/O
                         net (fo=265, routed)         4.348     5.802    Imp3/SR[0]
    SLICE_X63Y26         FDRE                                         r  Imp3/count_reg[11]/R
  -------------------------------------------------------------------    -------------------

                         (clock sys_clk_pin rise edge)
                                                      0.000     0.000 r  
    W5                                                0.000     0.000 r  clk (IN)
                         net (fo=0)                   0.000     0.000    clk
    W5                   IBUF (Prop_ibuf_I_O)         1.388     1.388 r  clk_IBUF_inst/O
                         net (fo=1, routed)           1.862     3.250    clk_IBUF
    BUFGCTRL_X0Y1        BUFG (Prop_bufg_I_O)         0.091     3.341 r  clk_IBUF_BUFG_inst/O
                         net (fo=46, routed)          1.504     4.845    Imp3/clk_IBUF_BUFG
    SLICE_X63Y26         FDRE                                         r  Imp3/count_reg[11]/C





Min Delay Paths
--------------------------------------------------------------------------------------
Slack:                    inf
  Source:                 rst
                            (input port)
  Destination:            Imp3/count_reg[16]/R
                            (rising edge-triggered cell FDRE clocked by sys_clk_pin  {rise@0.000ns fall@5.000ns period=10.000ns})
  Path Group:             (none)
  Path Type:              Hold (Min at Fast Process Corner)
  Data Path Delay:        2.132ns  (logic 0.222ns (10.407%)  route 1.910ns (89.593%))
  Logic Levels:           1  (IBUF=1)
  Clock Path Skew:        1.981ns (DCD - SCD - CPR)
    Destination Clock Delay (DCD):    1.981ns
    Source Clock Delay      (SCD):    0.000ns
    Clock Pessimism Removal (CPR):    -0.000ns

    Location             Delay type                Incr(ns)  Path(ns)    Netlist Resource(s)
  -------------------------------------------------------------------    -------------------
    T18                                               0.000     0.000 r  rst (IN)
                         net (fo=0)                   0.000     0.000    rst
    T18                  IBUF (Prop_ibuf_I_O)         0.222     0.222 r  rst_IBUF_inst/O
                         net (fo=265, routed)         1.910     2.132    Imp3/SR[0]
    SLICE_X63Y28         FDRE                                         r  Imp3/count_reg[16]/R
  -------------------------------------------------------------------    -------------------

                         (clock sys_clk_pin rise edge)
                                                      0.000     0.000 r  
    W5                                                0.000     0.000 r  clk (IN)
                         net (fo=0)                   0.000     0.000    clk
    W5                   IBUF (Prop_ibuf_I_O)         0.414     0.414 r  clk_IBUF_inst/O
                         net (fo=1, routed)           0.685     1.099    clk_IBUF
    BUFGCTRL_X0Y1        BUFG (Prop_bufg_I_O)         0.029     1.128 r  clk_IBUF_BUFG_inst/O
                         net (fo=46, routed)          0.854     1.981    Imp3/clk_IBUF_BUFG
    SLICE_X63Y28         FDRE                                         r  Imp3/count_reg[16]/C

Slack:                    inf
  Source:                 rst
                            (input port)
  Destination:            Imp3/count_reg[17]/R
                            (rising edge-triggered cell FDRE clocked by sys_clk_pin  {rise@0.000ns fall@5.000ns period=10.000ns})
  Path Group:             (none)
  Path Type:              Hold (Min at Fast Process Corner)
  Data Path Delay:        2.132ns  (logic 0.222ns (10.407%)  route 1.910ns (89.593%))
  Logic Levels:           1  (IBUF=1)
  Clock Path Skew:        1.981ns (DCD - SCD - CPR)
    Destination Clock Delay (DCD):    1.981ns
    Source Clock Delay      (SCD):    0.000ns
    Clock Pessimism Removal (CPR):    -0.000ns

    Location             Delay type                Incr(ns)  Path(ns)    Netlist Resource(s)
  -------------------------------------------------------------------    -------------------
    T18                                               0.000     0.000 r  rst (IN)
                         net (fo=0)                   0.000     0.000    rst
    T18                  IBUF (Prop_ibuf_I_O)         0.222     0.222 r  rst_IBUF_inst/O
                         net (fo=265, routed)         1.910     2.132    Imp3/SR[0]
    SLICE_X63Y28         FDRE                                         r  Imp3/count_reg[17]/R
  -------------------------------------------------------------------    -------------------

                         (clock sys_clk_pin rise edge)
                                                      0.000     0.000 r  
    W5                                                0.000     0.000 r  clk (IN)
                         net (fo=0)                   0.000     0.000    clk
    W5                   IBUF (Prop_ibuf_I_O)         0.414     0.414 r  clk_IBUF_inst/O
                         net (fo=1, routed)           0.685     1.099    clk_IBUF
    BUFGCTRL_X0Y1        BUFG (Prop_bufg_I_O)         0.029     1.128 r  clk_IBUF_BUFG_inst/O
                         net (fo=46, routed)          0.854     1.981    Imp3/clk_IBUF_BUFG
    SLICE_X63Y28         FDRE                                         r  Imp3/count_reg[17]/C

Slack:                    inf
  Source:                 rst
                            (input port)
  Destination:            Imp3/count_reg[18]/R
                            (rising edge-triggered cell FDRE clocked by sys_clk_pin  {rise@0.000ns fall@5.000ns period=10.000ns})
  Path Group:             (none)
  Path Type:              Hold (Min at Fast Process Corner)
  Data Path Delay:        2.132ns  (logic 0.222ns (10.407%)  route 1.910ns (89.593%))
  Logic Levels:           1  (IBUF=1)
  Clock Path Skew:        1.981ns (DCD - SCD - CPR)
    Destination Clock Delay (DCD):    1.981ns
    Source Clock Delay      (SCD):    0.000ns
    Clock Pessimism Removal (CPR):    -0.000ns

    Location             Delay type                Incr(ns)  Path(ns)    Netlist Resource(s)
  -------------------------------------------------------------------    -------------------
    T18                                               0.000     0.000 r  rst (IN)
                         net (fo=0)                   0.000     0.000    rst
    T18                  IBUF (Prop_ibuf_I_O)         0.222     0.222 r  rst_IBUF_inst/O
                         net (fo=265, routed)         1.910     2.132    Imp3/SR[0]
    SLICE_X63Y28         FDRE                                         r  Imp3/count_reg[18]/R
  -------------------------------------------------------------------    -------------------

                         (clock sys_clk_pin rise edge)
                                                      0.000     0.000 r  
    W5                                                0.000     0.000 r  clk (IN)
                         net (fo=0)                   0.000     0.000    clk
    W5                   IBUF (Prop_ibuf_I_O)         0.414     0.414 r  clk_IBUF_inst/O
                         net (fo=1, routed)           0.685     1.099    clk_IBUF
    BUFGCTRL_X0Y1        BUFG (Prop_bufg_I_O)         0.029     1.128 r  clk_IBUF_BUFG_inst/O
                         net (fo=46, routed)          0.854     1.981    Imp3/clk_IBUF_BUFG
    SLICE_X63Y28         FDRE                                         r  Imp3/count_reg[18]/C

Slack:                    inf
  Source:                 rst
                            (input port)
  Destination:            Imp3/count_reg[19]/R
                            (rising edge-triggered cell FDRE clocked by sys_clk_pin  {rise@0.000ns fall@5.000ns period=10.000ns})
  Path Group:             (none)
  Path Type:              Hold (Min at Fast Process Corner)
  Data Path Delay:        2.132ns  (logic 0.222ns (10.407%)  route 1.910ns (89.593%))
  Logic Levels:           1  (IBUF=1)
  Clock Path Skew:        1.981ns (DCD - SCD - CPR)
    Destination Clock Delay (DCD):    1.981ns
    Source Clock Delay      (SCD):    0.000ns
    Clock Pessimism Removal (CPR):    -0.000ns

    Location             Delay type                Incr(ns)  Path(ns)    Netlist Resource(s)
  -------------------------------------------------------------------    -------------------
    T18                                               0.000     0.000 r  rst (IN)
                         net (fo=0)                   0.000     0.000    rst
    T18                  IBUF (Prop_ibuf_I_O)         0.222     0.222 r  rst_IBUF_inst/O
                         net (fo=265, routed)         1.910     2.132    Imp3/SR[0]
    SLICE_X63Y28         FDRE                                         r  Imp3/count_reg[19]/R
  -------------------------------------------------------------------    -------------------

                         (clock sys_clk_pin rise edge)
                                                      0.000     0.000 r  
    W5                                                0.000     0.000 r  clk (IN)
                         net (fo=0)                   0.000     0.000    clk
    W5                   IBUF (Prop_ibuf_I_O)         0.414     0.414 r  clk_IBUF_inst/O
                         net (fo=1, routed)           0.685     1.099    clk_IBUF
    BUFGCTRL_X0Y1        BUFG (Prop_bufg_I_O)         0.029     1.128 r  clk_IBUF_BUFG_inst/O
                         net (fo=46, routed)          0.854     1.981    Imp3/clk_IBUF_BUFG
    SLICE_X63Y28         FDRE                                         r  Imp3/count_reg[19]/C

Slack:                    inf
  Source:                 rst
                            (input port)
  Destination:            Imp3/count_reg[12]/R
                            (rising edge-triggered cell FDRE clocked by sys_clk_pin  {rise@0.000ns fall@5.000ns period=10.000ns})
  Path Group:             (none)
  Path Type:              Hold (Min at Fast Process Corner)
  Data Path Delay:        2.196ns  (logic 0.222ns (10.105%)  route 1.974ns (89.895%))
  Logic Levels:           1  (IBUF=1)
  Clock Path Skew:        1.980ns (DCD - SCD - CPR)
    Destination Clock Delay (DCD):    1.980ns
    Source Clock Delay      (SCD):    0.000ns
    Clock Pessimism Removal (CPR):    -0.000ns

    Location             Delay type                Incr(ns)  Path(ns)    Netlist Resource(s)
  -------------------------------------------------------------------    -------------------
    T18                                               0.000     0.000 r  rst (IN)
                         net (fo=0)                   0.000     0.000    rst
    T18                  IBUF (Prop_ibuf_I_O)         0.222     0.222 r  rst_IBUF_inst/O
                         net (fo=265, routed)         1.974     2.196    Imp3/SR[0]
    SLICE_X63Y27         FDRE                                         r  Imp3/count_reg[12]/R
  -------------------------------------------------------------------    -------------------

                         (clock sys_clk_pin rise edge)
                                                      0.000     0.000 r  
    W5                                                0.000     0.000 r  clk (IN)
                         net (fo=0)                   0.000     0.000    clk
    W5                   IBUF (Prop_ibuf_I_O)         0.414     0.414 r  clk_IBUF_inst/O
                         net (fo=1, routed)           0.685     1.099    clk_IBUF
    BUFGCTRL_X0Y1        BUFG (Prop_bufg_I_O)         0.029     1.128 r  clk_IBUF_BUFG_inst/O
                         net (fo=46, routed)          0.853     1.980    Imp3/clk_IBUF_BUFG
    SLICE_X63Y27         FDRE                                         r  Imp3/count_reg[12]/C

Slack:                    inf
  Source:                 rst
                            (input port)
  Destination:            Imp3/count_reg[13]/R
                            (rising edge-triggered cell FDRE clocked by sys_clk_pin  {rise@0.000ns fall@5.000ns period=10.000ns})
  Path Group:             (none)
  Path Type:              Hold (Min at Fast Process Corner)
  Data Path Delay:        2.196ns  (logic 0.222ns (10.105%)  route 1.974ns (89.895%))
  Logic Levels:           1  (IBUF=1)
  Clock Path Skew:        1.980ns (DCD - SCD - CPR)
    Destination Clock Delay (DCD):    1.980ns
    Source Clock Delay      (SCD):    0.000ns
    Clock Pessimism Removal (CPR):    -0.000ns

    Location             Delay type                Incr(ns)  Path(ns)    Netlist Resource(s)
  -------------------------------------------------------------------    -------------------
    T18                                               0.000     0.000 r  rst (IN)
                         net (fo=0)                   0.000     0.000    rst
    T18                  IBUF (Prop_ibuf_I_O)         0.222     0.222 r  rst_IBUF_inst/O
                         net (fo=265, routed)         1.974     2.196    Imp3/SR[0]
    SLICE_X63Y27         FDRE                                         r  Imp3/count_reg[13]/R
  -------------------------------------------------------------------    -------------------

                         (clock sys_clk_pin rise edge)
                                                      0.000     0.000 r  
    W5                                                0.000     0.000 r  clk (IN)
                         net (fo=0)                   0.000     0.000    clk
    W5                   IBUF (Prop_ibuf_I_O)         0.414     0.414 r  clk_IBUF_inst/O
                         net (fo=1, routed)           0.685     1.099    clk_IBUF
    BUFGCTRL_X0Y1        BUFG (Prop_bufg_I_O)         0.029     1.128 r  clk_IBUF_BUFG_inst/O
                         net (fo=46, routed)          0.853     1.980    Imp3/clk_IBUF_BUFG
    SLICE_X63Y27         FDRE                                         r  Imp3/count_reg[13]/C

Slack:                    inf
  Source:                 rst
                            (input port)
  Destination:            Imp3/count_reg[14]/R
                            (rising edge-triggered cell FDRE clocked by sys_clk_pin  {rise@0.000ns fall@5.000ns period=10.000ns})
  Path Group:             (none)
  Path Type:              Hold (Min at Fast Process Corner)
  Data Path Delay:        2.196ns  (logic 0.222ns (10.105%)  route 1.974ns (89.895%))
  Logic Levels:           1  (IBUF=1)
  Clock Path Skew:        1.980ns (DCD - SCD - CPR)
    Destination Clock Delay (DCD):    1.980ns
    Source Clock Delay      (SCD):    0.000ns
    Clock Pessimism Removal (CPR):    -0.000ns

    Location             Delay type                Incr(ns)  Path(ns)    Netlist Resource(s)
  -------------------------------------------------------------------    -------------------
    T18                                               0.000     0.000 r  rst (IN)
                         net (fo=0)                   0.000     0.000    rst
    T18                  IBUF (Prop_ibuf_I_O)         0.222     0.222 r  rst_IBUF_inst/O
                         net (fo=265, routed)         1.974     2.196    Imp3/SR[0]
    SLICE_X63Y27         FDRE                                         r  Imp3/count_reg[14]/R
  -------------------------------------------------------------------    -------------------

                         (clock sys_clk_pin rise edge)
                                                      0.000     0.000 r  
    W5                                                0.000     0.000 r  clk (IN)
                         net (fo=0)                   0.000     0.000    clk
    W5                   IBUF (Prop_ibuf_I_O)         0.414     0.414 r  clk_IBUF_inst/O
                         net (fo=1, routed)           0.685     1.099    clk_IBUF
    BUFGCTRL_X0Y1        BUFG (Prop_bufg_I_O)         0.029     1.128 r  clk_IBUF_BUFG_inst/O
                         net (fo=46, routed)          0.853     1.980    Imp3/clk_IBUF_BUFG
    SLICE_X63Y27         FDRE                                         r  Imp3/count_reg[14]/C

Slack:                    inf
  Source:                 rst
                            (input port)
  Destination:            Imp3/count_reg[15]/R
                            (rising edge-triggered cell FDRE clocked by sys_clk_pin  {rise@0.000ns fall@5.000ns period=10.000ns})
  Path Group:             (none)
  Path Type:              Hold (Min at Fast Process Corner)
  Data Path Delay:        2.196ns  (logic 0.222ns (10.105%)  route 1.974ns (89.895%))
  Logic Levels:           1  (IBUF=1)
  Clock Path Skew:        1.980ns (DCD - SCD - CPR)
    Destination Clock Delay (DCD):    1.980ns
    Source Clock Delay      (SCD):    0.000ns
    Clock Pessimism Removal (CPR):    -0.000ns

    Location             Delay type                Incr(ns)  Path(ns)    Netlist Resource(s)
  -------------------------------------------------------------------    -------------------
    T18                                               0.000     0.000 r  rst (IN)
                         net (fo=0)                   0.000     0.000    rst
    T18                  IBUF (Prop_ibuf_I_O)         0.222     0.222 r  rst_IBUF_inst/O
                         net (fo=265, routed)         1.974     2.196    Imp3/SR[0]
    SLICE_X63Y27         FDRE                                         r  Imp3/count_reg[15]/R
  -------------------------------------------------------------------    -------------------

                         (clock sys_clk_pin rise edge)
                                                      0.000     0.000 r  
    W5                                                0.000     0.000 r  clk (IN)
                         net (fo=0)                   0.000     0.000    clk
    W5                   IBUF (Prop_ibuf_I_O)         0.414     0.414 r  clk_IBUF_inst/O
                         net (fo=1, routed)           0.685     1.099    clk_IBUF
    BUFGCTRL_X0Y1        BUFG (Prop_bufg_I_O)         0.029     1.128 r  clk_IBUF_BUFG_inst/O
                         net (fo=46, routed)          0.853     1.980    Imp3/clk_IBUF_BUFG
    SLICE_X63Y27         FDRE                                         r  Imp3/count_reg[15]/C

Slack:                    inf
  Source:                 rst
                            (input port)
  Destination:            Imp3/count_reg[10]/R
                            (rising edge-triggered cell FDRE clocked by sys_clk_pin  {rise@0.000ns fall@5.000ns period=10.000ns})
  Path Group:             (none)
  Path Type:              Hold (Min at Fast Process Corner)
  Data Path Delay:        2.259ns  (logic 0.222ns (9.820%)  route 2.037ns (90.180%))
  Logic Levels:           1  (IBUF=1)
  Clock Path Skew:        1.978ns (DCD - SCD - CPR)
    Destination Clock Delay (DCD):    1.978ns
    Source Clock Delay      (SCD):    0.000ns
    Clock Pessimism Removal (CPR):    -0.000ns

    Location             Delay type                Incr(ns)  Path(ns)    Netlist Resource(s)
  -------------------------------------------------------------------    -------------------
    T18                                               0.000     0.000 r  rst (IN)
                         net (fo=0)                   0.000     0.000    rst
    T18                  IBUF (Prop_ibuf_I_O)         0.222     0.222 r  rst_IBUF_inst/O
                         net (fo=265, routed)         2.037     2.259    Imp3/SR[0]
    SLICE_X63Y26         FDRE                                         r  Imp3/count_reg[10]/R
  -------------------------------------------------------------------    -------------------

                         (clock sys_clk_pin rise edge)
                                                      0.000     0.000 r  
    W5                                                0.000     0.000 r  clk (IN)
                         net (fo=0)                   0.000     0.000    clk
    W5                   IBUF (Prop_ibuf_I_O)         0.414     0.414 r  clk_IBUF_inst/O
                         net (fo=1, routed)           0.685     1.099    clk_IBUF
    BUFGCTRL_X0Y1        BUFG (Prop_bufg_I_O)         0.029     1.128 r  clk_IBUF_BUFG_inst/O
                         net (fo=46, routed)          0.851     1.978    Imp3/clk_IBUF_BUFG
    SLICE_X63Y26         FDRE                                         r  Imp3/count_reg[10]/C

Slack:                    inf
  Source:                 rst
                            (input port)
  Destination:            Imp3/count_reg[11]/R
                            (rising edge-triggered cell FDRE clocked by sys_clk_pin  {rise@0.000ns fall@5.000ns period=10.000ns})
  Path Group:             (none)
  Path Type:              Hold (Min at Fast Process Corner)
  Data Path Delay:        2.259ns  (logic 0.222ns (9.820%)  route 2.037ns (90.180%))
  Logic Levels:           1  (IBUF=1)
  Clock Path Skew:        1.978ns (DCD - SCD - CPR)
    Destination Clock Delay (DCD):    1.978ns
    Source Clock Delay      (SCD):    0.000ns
    Clock Pessimism Removal (CPR):    -0.000ns

    Location             Delay type                Incr(ns)  Path(ns)    Netlist Resource(s)
  -------------------------------------------------------------------    -------------------
    T18                                               0.000     0.000 r  rst (IN)
                         net (fo=0)                   0.000     0.000    rst
    T18                  IBUF (Prop_ibuf_I_O)         0.222     0.222 r  rst_IBUF_inst/O
                         net (fo=265, routed)         2.037     2.259    Imp3/SR[0]
    SLICE_X63Y26         FDRE                                         r  Imp3/count_reg[11]/R
  -------------------------------------------------------------------    -------------------

                         (clock sys_clk_pin rise edge)
                                                      0.000     0.000 r  
    W5                                                0.000     0.000 r  clk (IN)
                         net (fo=0)                   0.000     0.000    clk
    W5                   IBUF (Prop_ibuf_I_O)         0.414     0.414 r  clk_IBUF_inst/O
                         net (fo=1, routed)           0.685     1.099    clk_IBUF
    BUFGCTRL_X0Y1        BUFG (Prop_bufg_I_O)         0.029     1.128 r  clk_IBUF_BUFG_inst/O
                         net (fo=46, routed)          0.851     1.978    Imp3/clk_IBUF_BUFG
    SLICE_X63Y26         FDRE                                         r  Imp3/count_reg[11]/C





