Copyright 1986-2022 Xilinx, Inc. All Rights Reserved.
------------------------------------------------------------------------------------------------------------------------------------------------------------------------------------------------------------------
| Tool Version : Vivado v.2022.2 (win64) Build 3671981 Fri Oct 14 05:00:03 MDT 2022
| Date         : Wed Jan 28 13:30:32 2026
| Host         : hw3-r1-v01 running 64-bit major release  (build 9200)
| Command      : report_timing_summary -max_paths 10 -report_unconstrained -file top_FSM_timing_summary_routed.rpt -pb top_FSM_timing_summary_routed.pb -rpx top_FSM_timing_summary_routed.rpx -warn_on_violation
| Design       : top_FSM
| Device       : 7a35t-cpg236
| Speed File   : -1  PRODUCTION 1.23 2018-06-13
------------------------------------------------------------------------------------------------------------------------------------------------------------------------------------------------------------------

Timing Summary Report

------------------------------------------------------------------------------------------------
| Timer Settings
| --------------
------------------------------------------------------------------------------------------------

  Enable Multi Corner Analysis               :  Yes
  Enable Pessimism Removal                   :  Yes
  Pessimism Removal Resolution               :  Nearest Common Node
  Enable Input Delay Default Clock           :  No
  Enable Preset / Clear Arcs                 :  No
  Disable Flight Delays                      :  No
  Ignore I/O Paths                           :  No
  Timing Early Launch at Borrowing Latches   :  No
  Borrow Time for Max Delay Exceptions       :  Yes
  Merge Timing Exceptions                    :  Yes

  Corner  Analyze    Analyze    
  Name    Max Paths  Min Paths  
  ------  ---------  ---------  
  Slow    Yes        Yes        
  Fast    Yes        Yes        


------------------------------------------------------------------------------------------------
| Report Methodology
| ------------------
------------------------------------------------------------------------------------------------

Rule       Severity          Description                    Violations  
---------  ----------------  -----------------------------  ----------  
TIMING-17  Critical Warning  Non-clocked sequential cell    2           
TIMING-18  Warning           Missing input or output delay  13          

Note: This report is based on the most recent report_methodology run and may not be up-to-date. Run report_methodology on the current design for the latest report.



check_timing report

Table of Contents
-----------------
1. checking no_clock (2)
2. checking constant_clock (0)
3. checking pulse_width_clock (0)
4. checking unconstrained_internal_endpoints (2)
5. checking no_input_delay (4)
6. checking no_output_delay (12)
7. checking multiple_clock (0)
8. checking generated_clocks (0)
9. checking loops (0)
10. checking partial_input_delay (0)
11. checking partial_output_delay (0)
12. checking latch_loops (0)

1. checking no_clock (2)
------------------------
 There are 2 register/latch pins with no clock driven by root clock pin: U5/counter_reg[27]/Q (HIGH)


2. checking constant_clock (0)
------------------------------
 There are 0 register/latch pins with constant_clock.


3. checking pulse_width_clock (0)
---------------------------------
 There are 0 register/latch pins which need pulse_width check


4. checking unconstrained_internal_endpoints (2)
------------------------------------------------
 There are 2 pins that are not constrained for maximum delay. (HIGH)

 There are 0 pins that are not constrained for maximum delay due to constant clock.


5. checking no_input_delay (4)
------------------------------
 There are 4 input ports with no input delay specified. (HIGH)

 There are 0 input ports with no input delay but user has a false path constraint.


6. checking no_output_delay (12)
--------------------------------
 There are 12 ports with no output delay specified. (HIGH)

 There are 0 ports with no output delay but user has a false path constraint

 There are 0 ports with no output delay but with a timing clock defined on it or propagating through it


7. checking multiple_clock (0)
------------------------------
 There are 0 register/latch pins with multiple clocks.


8. checking generated_clocks (0)
--------------------------------
 There are 0 generated clocks that are not connected to a clock source.


9. checking loops (0)
---------------------
 There are 0 combinational loops in the design.


10. checking partial_input_delay (0)
------------------------------------
 There are 0 input ports with partial input delay specified.


11. checking partial_output_delay (0)
-------------------------------------
 There are 0 ports with partial output delay specified.


12. checking latch_loops (0)
----------------------------
 There are 0 combinational latch loops in the design through latch input



------------------------------------------------------------------------------------------------
| Design Timing Summary
| ---------------------
------------------------------------------------------------------------------------------------

    WNS(ns)      TNS(ns)  TNS Failing Endpoints  TNS Total Endpoints      WHS(ns)      THS(ns)  THS Failing Endpoints  THS Total Endpoints     WPWS(ns)     TPWS(ns)  TPWS Failing Endpoints  TPWS Total Endpoints  
    -------      -------  ---------------------  -------------------      -------      -------  ---------------------  -------------------     --------     --------  ----------------------  --------------------  
      7.202        0.000                      0                   48        0.324        0.000                      0                   48        4.500        0.000                       0                    49  


All user specified timing constraints are met.


------------------------------------------------------------------------------------------------
| Clock Summary
| -------------
------------------------------------------------------------------------------------------------

Clock        Waveform(ns)       Period(ns)      Frequency(MHz)
-----        ------------       ----------      --------------
sys_clk_pin  {0.000 5.000}      10.000          100.000         


------------------------------------------------------------------------------------------------
| Intra Clock Table
| -----------------
------------------------------------------------------------------------------------------------

Clock             WNS(ns)      TNS(ns)  TNS Failing Endpoints  TNS Total Endpoints      WHS(ns)      THS(ns)  THS Failing Endpoints  THS Total Endpoints     WPWS(ns)     TPWS(ns)  TPWS Failing Endpoints  TPWS Total Endpoints  
-----             -------      -------  ---------------------  -------------------      -------      -------  ---------------------  -------------------     --------     --------  ----------------------  --------------------  
sys_clk_pin         7.202        0.000                      0                   48        0.324        0.000                      0                   48        4.500        0.000                       0                    49  


------------------------------------------------------------------------------------------------
| Inter Clock Table
| -----------------
------------------------------------------------------------------------------------------------

From Clock    To Clock          WNS(ns)      TNS(ns)  TNS Failing Endpoints  TNS Total Endpoints      WHS(ns)      THS(ns)  THS Failing Endpoints  THS Total Endpoints  
----------    --------          -------      -------  ---------------------  -------------------      -------      -------  ---------------------  -------------------  


------------------------------------------------------------------------------------------------
| Other Path Groups Table
| -----------------------
------------------------------------------------------------------------------------------------

Path Group    From Clock    To Clock          WNS(ns)      TNS(ns)  TNS Failing Endpoints  TNS Total Endpoints      WHS(ns)      THS(ns)  THS Failing Endpoints  THS Total Endpoints  
----------    ----------    --------          -------      -------  ---------------------  -------------------      -------      -------  ---------------------  -------------------  


------------------------------------------------------------------------------------------------
| User Ignored Path Table
| -----------------------
------------------------------------------------------------------------------------------------

Path Group    From Clock    To Clock    
----------    ----------    --------    


------------------------------------------------------------------------------------------------
| Unconstrained Path Table
| ------------------------
------------------------------------------------------------------------------------------------

Path Group    From Clock    To Clock    
----------    ----------    --------    
(none)                                    
(none)        sys_clk_pin                 
(none)                      sys_clk_pin   


------------------------------------------------------------------------------------------------
| Timing Details
| --------------
------------------------------------------------------------------------------------------------


---------------------------------------------------------------------------------------------------
From Clock:  sys_clk_pin
  To Clock:  sys_clk_pin

Setup :            0  Failing Endpoints,  Worst Slack        7.202ns,  Total Violation        0.000ns
Hold  :            0  Failing Endpoints,  Worst Slack        0.324ns,  Total Violation        0.000ns
PW    :            0  Failing Endpoints,  Worst Slack        4.500ns,  Total Violation        0.000ns
---------------------------------------------------------------------------------------------------


Max Delay Paths
--------------------------------------------------------------------------------------
Slack (MET) :             7.202ns  (required time - arrival time)
  Source:                 U5/counter_reg[1]/C
                            (rising edge-triggered cell FDRE clocked by sys_clk_pin  {rise@0.000ns fall@5.000ns period=10.000ns})
  Destination:            U5/counter_reg[25]/D
                            (rising edge-triggered cell FDRE clocked by sys_clk_pin  {rise@0.000ns fall@5.000ns period=10.000ns})
  Path Group:             sys_clk_pin
  Path Type:              Setup (Max at Slow Process Corner)
  Requirement:            10.000ns  (sys_clk_pin rise@10.000ns - sys_clk_pin rise@0.000ns)
  Data Path Delay:        2.796ns  (logic 2.034ns (72.750%)  route 0.762ns (27.250%))
  Logic Levels:           7  (CARRY4=7)
  Clock Path Skew:        -0.029ns (DCD - SCD + CPR)
    Destination Clock Delay (DCD):    4.855ns = ( 14.855 - 10.000 ) 
    Source Clock Delay      (SCD):    5.158ns
    Clock Pessimism Removal (CPR):    0.274ns
  Clock Uncertainty:      0.035ns  ((TSJ^2 + TIJ^2)^1/2 + DJ) / 2 + PE
    Total System Jitter     (TSJ):    0.071ns
    Total Input Jitter      (TIJ):    0.000ns
    Discrete Jitter          (DJ):    0.000ns
    Phase Error              (PE):    0.000ns

    Location             Delay type                Incr(ns)  Path(ns)    Netlist Resource(s)
  -------------------------------------------------------------------    -------------------
                         (clock sys_clk_pin rise edge)
                                                      0.000     0.000 r  
    W5                                                0.000     0.000 r  clk (IN)
                         net (fo=0)                   0.000     0.000    clk
    W5                   IBUF (Prop_ibuf_I_O)         1.458     1.458 r  clk_IBUF_inst/O
                         net (fo=1, routed)           1.967     3.425    clk_IBUF
    BUFGCTRL_X0Y0        BUFG (Prop_bufg_I_O)         0.096     3.521 r  clk_IBUF_BUFG_inst/O
                         net (fo=48, routed)          1.637     5.158    U5/clk_IBUF_BUFG
    SLICE_X0Y7           FDRE                                         r  U5/counter_reg[1]/C
  -------------------------------------------------------------------    -------------------
    SLICE_X0Y7           FDRE (Prop_fdre_C_Q)         0.456     5.614 r  U5/counter_reg[1]/Q
                         net (fo=1, routed)           0.762     6.376    U5/counter_reg_n_0_[1]
    SLICE_X0Y7           CARRY4 (Prop_carry4_S[1]_CO[3])
                                                      0.674     7.050 r  U5/counter_reg[0]_i_1/CO[3]
                         net (fo=1, routed)           0.000     7.050    U5/counter_reg[0]_i_1_n_0
    SLICE_X0Y8           CARRY4 (Prop_carry4_CI_CO[3])
                                                      0.114     7.164 r  U5/counter_reg[4]_i_1/CO[3]
                         net (fo=1, routed)           0.000     7.164    U5/counter_reg[4]_i_1_n_0
    SLICE_X0Y9           CARRY4 (Prop_carry4_CI_CO[3])
                                                      0.114     7.278 r  U5/counter_reg[8]_i_1/CO[3]
                         net (fo=1, routed)           0.000     7.278    U5/counter_reg[8]_i_1_n_0
    SLICE_X0Y10          CARRY4 (Prop_carry4_CI_CO[3])
                                                      0.114     7.392 r  U5/counter_reg[12]_i_1/CO[3]
                         net (fo=1, routed)           0.000     7.392    U5/counter_reg[12]_i_1_n_0
    SLICE_X0Y11          CARRY4 (Prop_carry4_CI_CO[3])
                                                      0.114     7.506 r  U5/counter_reg[16]_i_1/CO[3]
                         net (fo=1, routed)           0.000     7.506    U5/counter_reg[16]_i_1_n_0
    SLICE_X0Y12          CARRY4 (Prop_carry4_CI_CO[3])
                                                      0.114     7.620 r  U5/counter_reg[20]_i_1/CO[3]
                         net (fo=1, routed)           0.000     7.620    U5/counter_reg[20]_i_1_n_0
    SLICE_X0Y13          CARRY4 (Prop_carry4_CI_O[1])
                                                      0.334     7.954 r  U5/counter_reg[24]_i_1/O[1]
                         net (fo=1, routed)           0.000     7.954    U5/counter_reg[24]_i_1_n_6
    SLICE_X0Y13          FDRE                                         r  U5/counter_reg[25]/D
  -------------------------------------------------------------------    -------------------

                         (clock sys_clk_pin rise edge)
                                                     10.000    10.000 r  
    W5                                                0.000    10.000 r  clk (IN)
                         net (fo=0)                   0.000    10.000    clk
    W5                   IBUF (Prop_ibuf_I_O)         1.388    11.388 r  clk_IBUF_inst/O
                         net (fo=1, routed)           1.862    13.250    clk_IBUF
    BUFGCTRL_X0Y0        BUFG (Prop_bufg_I_O)         0.091    13.341 r  clk_IBUF_BUFG_inst/O
                         net (fo=48, routed)          1.514    14.855    U5/clk_IBUF_BUFG
    SLICE_X0Y13          FDRE                                         r  U5/counter_reg[25]/C
                         clock pessimism              0.274    15.129    
                         clock uncertainty           -0.035    15.094    
    SLICE_X0Y13          FDRE (Setup_fdre_C_D)        0.062    15.156    U5/counter_reg[25]
  -------------------------------------------------------------------
                         required time                         15.156    
                         arrival time                          -7.954    
  -------------------------------------------------------------------
                         slack                                  7.202    

Slack (MET) :             7.223ns  (required time - arrival time)
  Source:                 U5/counter_reg[1]/C
                            (rising edge-triggered cell FDRE clocked by sys_clk_pin  {rise@0.000ns fall@5.000ns period=10.000ns})
  Destination:            U5/counter_reg[27]/D
                            (rising edge-triggered cell FDRE clocked by sys_clk_pin  {rise@0.000ns fall@5.000ns period=10.000ns})
  Path Group:             sys_clk_pin
  Path Type:              Setup (Max at Slow Process Corner)
  Requirement:            10.000ns  (sys_clk_pin rise@10.000ns - sys_clk_pin rise@0.000ns)
  Data Path Delay:        2.775ns  (logic 2.013ns (72.544%)  route 0.762ns (27.456%))
  Logic Levels:           7  (CARRY4=7)
  Clock Path Skew:        -0.029ns (DCD - SCD + CPR)
    Destination Clock Delay (DCD):    4.855ns = ( 14.855 - 10.000 ) 
    Source Clock Delay      (SCD):    5.158ns
    Clock Pessimism Removal (CPR):    0.274ns
  Clock Uncertainty:      0.035ns  ((TSJ^2 + TIJ^2)^1/2 + DJ) / 2 + PE
    Total System Jitter     (TSJ):    0.071ns
    Total Input Jitter      (TIJ):    0.000ns
    Discrete Jitter          (DJ):    0.000ns
    Phase Error              (PE):    0.000ns

    Location             Delay type                Incr(ns)  Path(ns)    Netlist Resource(s)
  -------------------------------------------------------------------    -------------------
                         (clock sys_clk_pin rise edge)
                                                      0.000     0.000 r  
    W5                                                0.000     0.000 r  clk (IN)
                         net (fo=0)                   0.000     0.000    clk
    W5                   IBUF (Prop_ibuf_I_O)         1.458     1.458 r  clk_IBUF_inst/O
                         net (fo=1, routed)           1.967     3.425    clk_IBUF
    BUFGCTRL_X0Y0        BUFG (Prop_bufg_I_O)         0.096     3.521 r  clk_IBUF_BUFG_inst/O
                         net (fo=48, routed)          1.637     5.158    U5/clk_IBUF_BUFG
    SLICE_X0Y7           FDRE                                         r  U5/counter_reg[1]/C
  -------------------------------------------------------------------    -------------------
    SLICE_X0Y7           FDRE (Prop_fdre_C_Q)         0.456     5.614 r  U5/counter_reg[1]/Q
                         net (fo=1, routed)           0.762     6.376    U5/counter_reg_n_0_[1]
    SLICE_X0Y7           CARRY4 (Prop_carry4_S[1]_CO[3])
                                                      0.674     7.050 r  U5/counter_reg[0]_i_1/CO[3]
                         net (fo=1, routed)           0.000     7.050    U5/counter_reg[0]_i_1_n_0
    SLICE_X0Y8           CARRY4 (Prop_carry4_CI_CO[3])
                                                      0.114     7.164 r  U5/counter_reg[4]_i_1/CO[3]
                         net (fo=1, routed)           0.000     7.164    U5/counter_reg[4]_i_1_n_0
    SLICE_X0Y9           CARRY4 (Prop_carry4_CI_CO[3])
                                                      0.114     7.278 r  U5/counter_reg[8]_i_1/CO[3]
                         net (fo=1, routed)           0.000     7.278    U5/counter_reg[8]_i_1_n_0
    SLICE_X0Y10          CARRY4 (Prop_carry4_CI_CO[3])
                                                      0.114     7.392 r  U5/counter_reg[12]_i_1/CO[3]
                         net (fo=1, routed)           0.000     7.392    U5/counter_reg[12]_i_1_n_0
    SLICE_X0Y11          CARRY4 (Prop_carry4_CI_CO[3])
                                                      0.114     7.506 r  U5/counter_reg[16]_i_1/CO[3]
                         net (fo=1, routed)           0.000     7.506    U5/counter_reg[16]_i_1_n_0
    SLICE_X0Y12          CARRY4 (Prop_carry4_CI_CO[3])
                                                      0.114     7.620 r  U5/counter_reg[20]_i_1/CO[3]
                         net (fo=1, routed)           0.000     7.620    U5/counter_reg[20]_i_1_n_0
    SLICE_X0Y13          CARRY4 (Prop_carry4_CI_O[3])
                                                      0.313     7.933 r  U5/counter_reg[24]_i_1/O[3]
                         net (fo=1, routed)           0.000     7.933    U5/counter_reg[24]_i_1_n_4
    SLICE_X0Y13          FDRE                                         r  U5/counter_reg[27]/D
  -------------------------------------------------------------------    -------------------

                         (clock sys_clk_pin rise edge)
                                                     10.000    10.000 r  
    W5                                                0.000    10.000 r  clk (IN)
                         net (fo=0)                   0.000    10.000    clk
    W5                   IBUF (Prop_ibuf_I_O)         1.388    11.388 r  clk_IBUF_inst/O
                         net (fo=1, routed)           1.862    13.250    clk_IBUF
    BUFGCTRL_X0Y0        BUFG (Prop_bufg_I_O)         0.091    13.341 r  clk_IBUF_BUFG_inst/O
                         net (fo=48, routed)          1.514    14.855    U5/clk_IBUF_BUFG
    SLICE_X0Y13          FDRE                                         r  U5/counter_reg[27]/C
                         clock pessimism              0.274    15.129    
                         clock uncertainty           -0.035    15.094    
    SLICE_X0Y13          FDRE (Setup_fdre_C_D)        0.062    15.156    U5/counter_reg[27]
  -------------------------------------------------------------------
                         required time                         15.156    
                         arrival time                          -7.933    
  -------------------------------------------------------------------
                         slack                                  7.223    

Slack (MET) :             7.297ns  (required time - arrival time)
  Source:                 U5/counter_reg[1]/C
                            (rising edge-triggered cell FDRE clocked by sys_clk_pin  {rise@0.000ns fall@5.000ns period=10.000ns})
  Destination:            U5/counter_reg[26]/D
                            (rising edge-triggered cell FDRE clocked by sys_clk_pin  {rise@0.000ns fall@5.000ns period=10.000ns})
  Path Group:             sys_clk_pin
  Path Type:              Setup (Max at Slow Process Corner)
  Requirement:            10.000ns  (sys_clk_pin rise@10.000ns - sys_clk_pin rise@0.000ns)
  Data Path Delay:        2.701ns  (logic 1.939ns (71.792%)  route 0.762ns (28.208%))
  Logic Levels:           7  (CARRY4=7)
  Clock Path Skew:        -0.029ns (DCD - SCD + CPR)
    Destination Clock Delay (DCD):    4.855ns = ( 14.855 - 10.000 ) 
    Source Clock Delay      (SCD):    5.158ns
    Clock Pessimism Removal (CPR):    0.274ns
  Clock Uncertainty:      0.035ns  ((TSJ^2 + TIJ^2)^1/2 + DJ) / 2 + PE
    Total System Jitter     (TSJ):    0.071ns
    Total Input Jitter      (TIJ):    0.000ns
    Discrete Jitter          (DJ):    0.000ns
    Phase Error              (PE):    0.000ns

    Location             Delay type                Incr(ns)  Path(ns)    Netlist Resource(s)
  -------------------------------------------------------------------    -------------------
                         (clock sys_clk_pin rise edge)
                                                      0.000     0.000 r  
    W5                                                0.000     0.000 r  clk (IN)
                         net (fo=0)                   0.000     0.000    clk
    W5                   IBUF (Prop_ibuf_I_O)         1.458     1.458 r  clk_IBUF_inst/O
                         net (fo=1, routed)           1.967     3.425    clk_IBUF
    BUFGCTRL_X0Y0        BUFG (Prop_bufg_I_O)         0.096     3.521 r  clk_IBUF_BUFG_inst/O
                         net (fo=48, routed)          1.637     5.158    U5/clk_IBUF_BUFG
    SLICE_X0Y7           FDRE                                         r  U5/counter_reg[1]/C
  -------------------------------------------------------------------    -------------------
    SLICE_X0Y7           FDRE (Prop_fdre_C_Q)         0.456     5.614 r  U5/counter_reg[1]/Q
                         net (fo=1, routed)           0.762     6.376    U5/counter_reg_n_0_[1]
    SLICE_X0Y7           CARRY4 (Prop_carry4_S[1]_CO[3])
                                                      0.674     7.050 r  U5/counter_reg[0]_i_1/CO[3]
                         net (fo=1, routed)           0.000     7.050    U5/counter_reg[0]_i_1_n_0
    SLICE_X0Y8           CARRY4 (Prop_carry4_CI_CO[3])
                                                      0.114     7.164 r  U5/counter_reg[4]_i_1/CO[3]
                         net (fo=1, routed)           0.000     7.164    U5/counter_reg[4]_i_1_n_0
    SLICE_X0Y9           CARRY4 (Prop_carry4_CI_CO[3])
                                                      0.114     7.278 r  U5/counter_reg[8]_i_1/CO[3]
                         net (fo=1, routed)           0.000     7.278    U5/counter_reg[8]_i_1_n_0
    SLICE_X0Y10          CARRY4 (Prop_carry4_CI_CO[3])
                                                      0.114     7.392 r  U5/counter_reg[12]_i_1/CO[3]
                         net (fo=1, routed)           0.000     7.392    U5/counter_reg[12]_i_1_n_0
    SLICE_X0Y11          CARRY4 (Prop_carry4_CI_CO[3])
                                                      0.114     7.506 r  U5/counter_reg[16]_i_1/CO[3]
                         net (fo=1, routed)           0.000     7.506    U5/counter_reg[16]_i_1_n_0
    SLICE_X0Y12          CARRY4 (Prop_carry4_CI_CO[3])
                                                      0.114     7.620 r  U5/counter_reg[20]_i_1/CO[3]
                         net (fo=1, routed)           0.000     7.620    U5/counter_reg[20]_i_1_n_0
    SLICE_X0Y13          CARRY4 (Prop_carry4_CI_O[2])
                                                      0.239     7.859 r  U5/counter_reg[24]_i_1/O[2]
                         net (fo=1, routed)           0.000     7.859    U5/counter_reg[24]_i_1_n_5
    SLICE_X0Y13          FDRE                                         r  U5/counter_reg[26]/D
  -------------------------------------------------------------------    -------------------

                         (clock sys_clk_pin rise edge)
                                                     10.000    10.000 r  
    W5                                                0.000    10.000 r  clk (IN)
                         net (fo=0)                   0.000    10.000    clk
    W5                   IBUF (Prop_ibuf_I_O)         1.388    11.388 r  clk_IBUF_inst/O
                         net (fo=1, routed)           1.862    13.250    clk_IBUF
    BUFGCTRL_X0Y0        BUFG (Prop_bufg_I_O)         0.091    13.341 r  clk_IBUF_BUFG_inst/O
                         net (fo=48, routed)          1.514    14.855    U5/clk_IBUF_BUFG
    SLICE_X0Y13          FDRE                                         r  U5/counter_reg[26]/C
                         clock pessimism              0.274    15.129    
                         clock uncertainty           -0.035    15.094    
    SLICE_X0Y13          FDRE (Setup_fdre_C_D)        0.062    15.156    U5/counter_reg[26]
  -------------------------------------------------------------------
                         required time                         15.156    
                         arrival time                          -7.859    
  -------------------------------------------------------------------
                         slack                                  7.297    

Slack (MET) :             7.313ns  (required time - arrival time)
  Source:                 U5/counter_reg[1]/C
                            (rising edge-triggered cell FDRE clocked by sys_clk_pin  {rise@0.000ns fall@5.000ns period=10.000ns})
  Destination:            U5/counter_reg[24]/D
                            (rising edge-triggered cell FDRE clocked by sys_clk_pin  {rise@0.000ns fall@5.000ns period=10.000ns})
  Path Group:             sys_clk_pin
  Path Type:              Setup (Max at Slow Process Corner)
  Requirement:            10.000ns  (sys_clk_pin rise@10.000ns - sys_clk_pin rise@0.000ns)
  Data Path Delay:        2.685ns  (logic 1.923ns (71.624%)  route 0.762ns (28.376%))
  Logic Levels:           7  (CARRY4=7)
  Clock Path Skew:        -0.029ns (DCD - SCD + CPR)
    Destination Clock Delay (DCD):    4.855ns = ( 14.855 - 10.000 ) 
    Source Clock Delay      (SCD):    5.158ns
    Clock Pessimism Removal (CPR):    0.274ns
  Clock Uncertainty:      0.035ns  ((TSJ^2 + TIJ^2)^1/2 + DJ) / 2 + PE
    Total System Jitter     (TSJ):    0.071ns
    Total Input Jitter      (TIJ):    0.000ns
    Discrete Jitter          (DJ):    0.000ns
    Phase Error              (PE):    0.000ns

    Location             Delay type                Incr(ns)  Path(ns)    Netlist Resource(s)
  -------------------------------------------------------------------    -------------------
                         (clock sys_clk_pin rise edge)
                                                      0.000     0.000 r  
    W5                                                0.000     0.000 r  clk (IN)
                         net (fo=0)                   0.000     0.000    clk
    W5                   IBUF (Prop_ibuf_I_O)         1.458     1.458 r  clk_IBUF_inst/O
                         net (fo=1, routed)           1.967     3.425    clk_IBUF
    BUFGCTRL_X0Y0        BUFG (Prop_bufg_I_O)         0.096     3.521 r  clk_IBUF_BUFG_inst/O
                         net (fo=48, routed)          1.637     5.158    U5/clk_IBUF_BUFG
    SLICE_X0Y7           FDRE                                         r  U5/counter_reg[1]/C
  -------------------------------------------------------------------    -------------------
    SLICE_X0Y7           FDRE (Prop_fdre_C_Q)         0.456     5.614 r  U5/counter_reg[1]/Q
                         net (fo=1, routed)           0.762     6.376    U5/counter_reg_n_0_[1]
    SLICE_X0Y7           CARRY4 (Prop_carry4_S[1]_CO[3])
                                                      0.674     7.050 r  U5/counter_reg[0]_i_1/CO[3]
                         net (fo=1, routed)           0.000     7.050    U5/counter_reg[0]_i_1_n_0
    SLICE_X0Y8           CARRY4 (Prop_carry4_CI_CO[3])
                                                      0.114     7.164 r  U5/counter_reg[4]_i_1/CO[3]
                         net (fo=1, routed)           0.000     7.164    U5/counter_reg[4]_i_1_n_0
    SLICE_X0Y9           CARRY4 (Prop_carry4_CI_CO[3])
                                                      0.114     7.278 r  U5/counter_reg[8]_i_1/CO[3]
                         net (fo=1, routed)           0.000     7.278    U5/counter_reg[8]_i_1_n_0
    SLICE_X0Y10          CARRY4 (Prop_carry4_CI_CO[3])
                                                      0.114     7.392 r  U5/counter_reg[12]_i_1/CO[3]
                         net (fo=1, routed)           0.000     7.392    U5/counter_reg[12]_i_1_n_0
    SLICE_X0Y11          CARRY4 (Prop_carry4_CI_CO[3])
                                                      0.114     7.506 r  U5/counter_reg[16]_i_1/CO[3]
                         net (fo=1, routed)           0.000     7.506    U5/counter_reg[16]_i_1_n_0
    SLICE_X0Y12          CARRY4 (Prop_carry4_CI_CO[3])
                                                      0.114     7.620 r  U5/counter_reg[20]_i_1/CO[3]
                         net (fo=1, routed)           0.000     7.620    U5/counter_reg[20]_i_1_n_0
    SLICE_X0Y13          CARRY4 (Prop_carry4_CI_O[0])
                                                      0.223     7.843 r  U5/counter_reg[24]_i_1/O[0]
                         net (fo=1, routed)           0.000     7.843    U5/counter_reg[24]_i_1_n_7
    SLICE_X0Y13          FDRE                                         r  U5/counter_reg[24]/D
  -------------------------------------------------------------------    -------------------

                         (clock sys_clk_pin rise edge)
                                                     10.000    10.000 r  
    W5                                                0.000    10.000 r  clk (IN)
                         net (fo=0)                   0.000    10.000    clk
    W5                   IBUF (Prop_ibuf_I_O)         1.388    11.388 r  clk_IBUF_inst/O
                         net (fo=1, routed)           1.862    13.250    clk_IBUF
    BUFGCTRL_X0Y0        BUFG (Prop_bufg_I_O)         0.091    13.341 r  clk_IBUF_BUFG_inst/O
                         net (fo=48, routed)          1.514    14.855    U5/clk_IBUF_BUFG
    SLICE_X0Y13          FDRE                                         r  U5/counter_reg[24]/C
                         clock pessimism              0.274    15.129    
                         clock uncertainty           -0.035    15.094    
    SLICE_X0Y13          FDRE (Setup_fdre_C_D)        0.062    15.156    U5/counter_reg[24]
  -------------------------------------------------------------------
                         required time                         15.156    
                         arrival time                          -7.843    
  -------------------------------------------------------------------
                         slack                                  7.313    

Slack (MET) :             7.317ns  (required time - arrival time)
  Source:                 U5/counter_reg[1]/C
                            (rising edge-triggered cell FDRE clocked by sys_clk_pin  {rise@0.000ns fall@5.000ns period=10.000ns})
  Destination:            U5/counter_reg[21]/D
                            (rising edge-triggered cell FDRE clocked by sys_clk_pin  {rise@0.000ns fall@5.000ns period=10.000ns})
  Path Group:             sys_clk_pin
  Path Type:              Setup (Max at Slow Process Corner)
  Requirement:            10.000ns  (sys_clk_pin rise@10.000ns - sys_clk_pin rise@0.000ns)
  Data Path Delay:        2.682ns  (logic 1.920ns (71.592%)  route 0.762ns (28.408%))
  Logic Levels:           6  (CARRY4=6)
  Clock Path Skew:        -0.028ns (DCD - SCD + CPR)
    Destination Clock Delay (DCD):    4.856ns = ( 14.856 - 10.000 ) 
    Source Clock Delay      (SCD):    5.158ns
    Clock Pessimism Removal (CPR):    0.274ns
  Clock Uncertainty:      0.035ns  ((TSJ^2 + TIJ^2)^1/2 + DJ) / 2 + PE
    Total System Jitter     (TSJ):    0.071ns
    Total Input Jitter      (TIJ):    0.000ns
    Discrete Jitter          (DJ):    0.000ns
    Phase Error              (PE):    0.000ns

    Location             Delay type                Incr(ns)  Path(ns)    Netlist Resource(s)
  -------------------------------------------------------------------    -------------------
                         (clock sys_clk_pin rise edge)
                                                      0.000     0.000 r  
    W5                                                0.000     0.000 r  clk (IN)
                         net (fo=0)                   0.000     0.000    clk
    W5                   IBUF (Prop_ibuf_I_O)         1.458     1.458 r  clk_IBUF_inst/O
                         net (fo=1, routed)           1.967     3.425    clk_IBUF
    BUFGCTRL_X0Y0        BUFG (Prop_bufg_I_O)         0.096     3.521 r  clk_IBUF_BUFG_inst/O
                         net (fo=48, routed)          1.637     5.158    U5/clk_IBUF_BUFG
    SLICE_X0Y7           FDRE                                         r  U5/counter_reg[1]/C
  -------------------------------------------------------------------    -------------------
    SLICE_X0Y7           FDRE (Prop_fdre_C_Q)         0.456     5.614 r  U5/counter_reg[1]/Q
                         net (fo=1, routed)           0.762     6.376    U5/counter_reg_n_0_[1]
    SLICE_X0Y7           CARRY4 (Prop_carry4_S[1]_CO[3])
                                                      0.674     7.050 r  U5/counter_reg[0]_i_1/CO[3]
                         net (fo=1, routed)           0.000     7.050    U5/counter_reg[0]_i_1_n_0
    SLICE_X0Y8           CARRY4 (Prop_carry4_CI_CO[3])
                                                      0.114     7.164 r  U5/counter_reg[4]_i_1/CO[3]
                         net (fo=1, routed)           0.000     7.164    U5/counter_reg[4]_i_1_n_0
    SLICE_X0Y9           CARRY4 (Prop_carry4_CI_CO[3])
                                                      0.114     7.278 r  U5/counter_reg[8]_i_1/CO[3]
                         net (fo=1, routed)           0.000     7.278    U5/counter_reg[8]_i_1_n_0
    SLICE_X0Y10          CARRY4 (Prop_carry4_CI_CO[3])
                                                      0.114     7.392 r  U5/counter_reg[12]_i_1/CO[3]
                         net (fo=1, routed)           0.000     7.392    U5/counter_reg[12]_i_1_n_0
    SLICE_X0Y11          CARRY4 (Prop_carry4_CI_CO[3])
                                                      0.114     7.506 r  U5/counter_reg[16]_i_1/CO[3]
                         net (fo=1, routed)           0.000     7.506    U5/counter_reg[16]_i_1_n_0
    SLICE_X0Y12          CARRY4 (Prop_carry4_CI_O[1])
                                                      0.334     7.840 r  U5/counter_reg[20]_i_1/O[1]
                         net (fo=1, routed)           0.000     7.840    U5/counter_reg[20]_i_1_n_6
    SLICE_X0Y12          FDRE                                         r  U5/counter_reg[21]/D
  -------------------------------------------------------------------    -------------------

                         (clock sys_clk_pin rise edge)
                                                     10.000    10.000 r  
    W5                                                0.000    10.000 r  clk (IN)
                         net (fo=0)                   0.000    10.000    clk
    W5                   IBUF (Prop_ibuf_I_O)         1.388    11.388 r  clk_IBUF_inst/O
                         net (fo=1, routed)           1.862    13.250    clk_IBUF
    BUFGCTRL_X0Y0        BUFG (Prop_bufg_I_O)         0.091    13.341 r  clk_IBUF_BUFG_inst/O
                         net (fo=48, routed)          1.515    14.856    U5/clk_IBUF_BUFG
    SLICE_X0Y12          FDRE                                         r  U5/counter_reg[21]/C
                         clock pessimism              0.274    15.130    
                         clock uncertainty           -0.035    15.095    
    SLICE_X0Y12          FDRE (Setup_fdre_C_D)        0.062    15.157    U5/counter_reg[21]
  -------------------------------------------------------------------
                         required time                         15.157    
                         arrival time                          -7.840    
  -------------------------------------------------------------------
                         slack                                  7.317    

Slack (MET) :             7.338ns  (required time - arrival time)
  Source:                 U5/counter_reg[1]/C
                            (rising edge-triggered cell FDRE clocked by sys_clk_pin  {rise@0.000ns fall@5.000ns period=10.000ns})
  Destination:            U5/counter_reg[23]/D
                            (rising edge-triggered cell FDRE clocked by sys_clk_pin  {rise@0.000ns fall@5.000ns period=10.000ns})
  Path Group:             sys_clk_pin
  Path Type:              Setup (Max at Slow Process Corner)
  Requirement:            10.000ns  (sys_clk_pin rise@10.000ns - sys_clk_pin rise@0.000ns)
  Data Path Delay:        2.661ns  (logic 1.899ns (71.368%)  route 0.762ns (28.632%))
  Logic Levels:           6  (CARRY4=6)
  Clock Path Skew:        -0.028ns (DCD - SCD + CPR)
    Destination Clock Delay (DCD):    4.856ns = ( 14.856 - 10.000 ) 
    Source Clock Delay      (SCD):    5.158ns
    Clock Pessimism Removal (CPR):    0.274ns
  Clock Uncertainty:      0.035ns  ((TSJ^2 + TIJ^2)^1/2 + DJ) / 2 + PE
    Total System Jitter     (TSJ):    0.071ns
    Total Input Jitter      (TIJ):    0.000ns
    Discrete Jitter          (DJ):    0.000ns
    Phase Error              (PE):    0.000ns

    Location             Delay type                Incr(ns)  Path(ns)    Netlist Resource(s)
  -------------------------------------------------------------------    -------------------
                         (clock sys_clk_pin rise edge)
                                                      0.000     0.000 r  
    W5                                                0.000     0.000 r  clk (IN)
                         net (fo=0)                   0.000     0.000    clk
    W5                   IBUF (Prop_ibuf_I_O)         1.458     1.458 r  clk_IBUF_inst/O
                         net (fo=1, routed)           1.967     3.425    clk_IBUF
    BUFGCTRL_X0Y0        BUFG (Prop_bufg_I_O)         0.096     3.521 r  clk_IBUF_BUFG_inst/O
                         net (fo=48, routed)          1.637     5.158    U5/clk_IBUF_BUFG
    SLICE_X0Y7           FDRE                                         r  U5/counter_reg[1]/C
  -------------------------------------------------------------------    -------------------
    SLICE_X0Y7           FDRE (Prop_fdre_C_Q)         0.456     5.614 r  U5/counter_reg[1]/Q
                         net (fo=1, routed)           0.762     6.376    U5/counter_reg_n_0_[1]
    SLICE_X0Y7           CARRY4 (Prop_carry4_S[1]_CO[3])
                                                      0.674     7.050 r  U5/counter_reg[0]_i_1/CO[3]
                         net (fo=1, routed)           0.000     7.050    U5/counter_reg[0]_i_1_n_0
    SLICE_X0Y8           CARRY4 (Prop_carry4_CI_CO[3])
                                                      0.114     7.164 r  U5/counter_reg[4]_i_1/CO[3]
                         net (fo=1, routed)           0.000     7.164    U5/counter_reg[4]_i_1_n_0
    SLICE_X0Y9           CARRY4 (Prop_carry4_CI_CO[3])
                                                      0.114     7.278 r  U5/counter_reg[8]_i_1/CO[3]
                         net (fo=1, routed)           0.000     7.278    U5/counter_reg[8]_i_1_n_0
    SLICE_X0Y10          CARRY4 (Prop_carry4_CI_CO[3])
                                                      0.114     7.392 r  U5/counter_reg[12]_i_1/CO[3]
                         net (fo=1, routed)           0.000     7.392    U5/counter_reg[12]_i_1_n_0
    SLICE_X0Y11          CARRY4 (Prop_carry4_CI_CO[3])
                                                      0.114     7.506 r  U5/counter_reg[16]_i_1/CO[3]
                         net (fo=1, routed)           0.000     7.506    U5/counter_reg[16]_i_1_n_0
    SLICE_X0Y12          CARRY4 (Prop_carry4_CI_O[3])
                                                      0.313     7.819 r  U5/counter_reg[20]_i_1/O[3]
                         net (fo=1, routed)           0.000     7.819    U5/counter_reg[20]_i_1_n_4
    SLICE_X0Y12          FDRE                                         r  U5/counter_reg[23]/D
  -------------------------------------------------------------------    -------------------

                         (clock sys_clk_pin rise edge)
                                                     10.000    10.000 r  
    W5                                                0.000    10.000 r  clk (IN)
                         net (fo=0)                   0.000    10.000    clk
    W5                   IBUF (Prop_ibuf_I_O)         1.388    11.388 r  clk_IBUF_inst/O
                         net (fo=1, routed)           1.862    13.250    clk_IBUF
    BUFGCTRL_X0Y0        BUFG (Prop_bufg_I_O)         0.091    13.341 r  clk_IBUF_BUFG_inst/O
                         net (fo=48, routed)          1.515    14.856    U5/clk_IBUF_BUFG
    SLICE_X0Y12          FDRE                                         r  U5/counter_reg[23]/C
                         clock pessimism              0.274    15.130    
                         clock uncertainty           -0.035    15.095    
    SLICE_X0Y12          FDRE (Setup_fdre_C_D)        0.062    15.157    U5/counter_reg[23]
  -------------------------------------------------------------------
                         required time                         15.157    
                         arrival time                          -7.819    
  -------------------------------------------------------------------
                         slack                                  7.338    

Slack (MET) :             7.412ns  (required time - arrival time)
  Source:                 U5/counter_reg[1]/C
                            (rising edge-triggered cell FDRE clocked by sys_clk_pin  {rise@0.000ns fall@5.000ns period=10.000ns})
  Destination:            U5/counter_reg[22]/D
                            (rising edge-triggered cell FDRE clocked by sys_clk_pin  {rise@0.000ns fall@5.000ns period=10.000ns})
  Path Group:             sys_clk_pin
  Path Type:              Setup (Max at Slow Process Corner)
  Requirement:            10.000ns  (sys_clk_pin rise@10.000ns - sys_clk_pin rise@0.000ns)
  Data Path Delay:        2.587ns  (logic 1.825ns (70.549%)  route 0.762ns (29.451%))
  Logic Levels:           6  (CARRY4=6)
  Clock Path Skew:        -0.028ns (DCD - SCD + CPR)
    Destination Clock Delay (DCD):    4.856ns = ( 14.856 - 10.000 ) 
    Source Clock Delay      (SCD):    5.158ns
    Clock Pessimism Removal (CPR):    0.274ns
  Clock Uncertainty:      0.035ns  ((TSJ^2 + TIJ^2)^1/2 + DJ) / 2 + PE
    Total System Jitter     (TSJ):    0.071ns
    Total Input Jitter      (TIJ):    0.000ns
    Discrete Jitter          (DJ):    0.000ns
    Phase Error              (PE):    0.000ns

    Location             Delay type                Incr(ns)  Path(ns)    Netlist Resource(s)
  -------------------------------------------------------------------    -------------------
                         (clock sys_clk_pin rise edge)
                                                      0.000     0.000 r  
    W5                                                0.000     0.000 r  clk (IN)
                         net (fo=0)                   0.000     0.000    clk
    W5                   IBUF (Prop_ibuf_I_O)         1.458     1.458 r  clk_IBUF_inst/O
                         net (fo=1, routed)           1.967     3.425    clk_IBUF
    BUFGCTRL_X0Y0        BUFG (Prop_bufg_I_O)         0.096     3.521 r  clk_IBUF_BUFG_inst/O
                         net (fo=48, routed)          1.637     5.158    U5/clk_IBUF_BUFG
    SLICE_X0Y7           FDRE                                         r  U5/counter_reg[1]/C
  -------------------------------------------------------------------    -------------------
    SLICE_X0Y7           FDRE (Prop_fdre_C_Q)         0.456     5.614 r  U5/counter_reg[1]/Q
                         net (fo=1, routed)           0.762     6.376    U5/counter_reg_n_0_[1]
    SLICE_X0Y7           CARRY4 (Prop_carry4_S[1]_CO[3])
                                                      0.674     7.050 r  U5/counter_reg[0]_i_1/CO[3]
                         net (fo=1, routed)           0.000     7.050    U5/counter_reg[0]_i_1_n_0
    SLICE_X0Y8           CARRY4 (Prop_carry4_CI_CO[3])
                                                      0.114     7.164 r  U5/counter_reg[4]_i_1/CO[3]
                         net (fo=1, routed)           0.000     7.164    U5/counter_reg[4]_i_1_n_0
    SLICE_X0Y9           CARRY4 (Prop_carry4_CI_CO[3])
                                                      0.114     7.278 r  U5/counter_reg[8]_i_1/CO[3]
                         net (fo=1, routed)           0.000     7.278    U5/counter_reg[8]_i_1_n_0
    SLICE_X0Y10          CARRY4 (Prop_carry4_CI_CO[3])
                                                      0.114     7.392 r  U5/counter_reg[12]_i_1/CO[3]
                         net (fo=1, routed)           0.000     7.392    U5/counter_reg[12]_i_1_n_0
    SLICE_X0Y11          CARRY4 (Prop_carry4_CI_CO[3])
                                                      0.114     7.506 r  U5/counter_reg[16]_i_1/CO[3]
                         net (fo=1, routed)           0.000     7.506    U5/counter_reg[16]_i_1_n_0
    SLICE_X0Y12          CARRY4 (Prop_carry4_CI_O[2])
                                                      0.239     7.745 r  U5/counter_reg[20]_i_1/O[2]
                         net (fo=1, routed)           0.000     7.745    U5/counter_reg[20]_i_1_n_5
    SLICE_X0Y12          FDRE                                         r  U5/counter_reg[22]/D
  -------------------------------------------------------------------    -------------------

                         (clock sys_clk_pin rise edge)
                                                     10.000    10.000 r  
    W5                                                0.000    10.000 r  clk (IN)
                         net (fo=0)                   0.000    10.000    clk
    W5                   IBUF (Prop_ibuf_I_O)         1.388    11.388 r  clk_IBUF_inst/O
                         net (fo=1, routed)           1.862    13.250    clk_IBUF
    BUFGCTRL_X0Y0        BUFG (Prop_bufg_I_O)         0.091    13.341 r  clk_IBUF_BUFG_inst/O
                         net (fo=48, routed)          1.515    14.856    U5/clk_IBUF_BUFG
    SLICE_X0Y12          FDRE                                         r  U5/counter_reg[22]/C
                         clock pessimism              0.274    15.130    
                         clock uncertainty           -0.035    15.095    
    SLICE_X0Y12          FDRE (Setup_fdre_C_D)        0.062    15.157    U5/counter_reg[22]
  -------------------------------------------------------------------
                         required time                         15.157    
                         arrival time                          -7.745    
  -------------------------------------------------------------------
                         slack                                  7.412    

Slack (MET) :             7.428ns  (required time - arrival time)
  Source:                 U5/counter_reg[1]/C
                            (rising edge-triggered cell FDRE clocked by sys_clk_pin  {rise@0.000ns fall@5.000ns period=10.000ns})
  Destination:            U5/counter_reg[20]/D
                            (rising edge-triggered cell FDRE clocked by sys_clk_pin  {rise@0.000ns fall@5.000ns period=10.000ns})
  Path Group:             sys_clk_pin
  Path Type:              Setup (Max at Slow Process Corner)
  Requirement:            10.000ns  (sys_clk_pin rise@10.000ns - sys_clk_pin rise@0.000ns)
  Data Path Delay:        2.571ns  (logic 1.809ns (70.365%)  route 0.762ns (29.635%))
  Logic Levels:           6  (CARRY4=6)
  Clock Path Skew:        -0.028ns (DCD - SCD + CPR)
    Destination Clock Delay (DCD):    4.856ns = ( 14.856 - 10.000 ) 
    Source Clock Delay      (SCD):    5.158ns
    Clock Pessimism Removal (CPR):    0.274ns
  Clock Uncertainty:      0.035ns  ((TSJ^2 + TIJ^2)^1/2 + DJ) / 2 + PE
    Total System Jitter     (TSJ):    0.071ns
    Total Input Jitter      (TIJ):    0.000ns
    Discrete Jitter          (DJ):    0.000ns
    Phase Error              (PE):    0.000ns

    Location             Delay type                Incr(ns)  Path(ns)    Netlist Resource(s)
  -------------------------------------------------------------------    -------------------
                         (clock sys_clk_pin rise edge)
                                                      0.000     0.000 r  
    W5                                                0.000     0.000 r  clk (IN)
                         net (fo=0)                   0.000     0.000    clk
    W5                   IBUF (Prop_ibuf_I_O)         1.458     1.458 r  clk_IBUF_inst/O
                         net (fo=1, routed)           1.967     3.425    clk_IBUF
    BUFGCTRL_X0Y0        BUFG (Prop_bufg_I_O)         0.096     3.521 r  clk_IBUF_BUFG_inst/O
                         net (fo=48, routed)          1.637     5.158    U5/clk_IBUF_BUFG
    SLICE_X0Y7           FDRE                                         r  U5/counter_reg[1]/C
  -------------------------------------------------------------------    -------------------
    SLICE_X0Y7           FDRE (Prop_fdre_C_Q)         0.456     5.614 r  U5/counter_reg[1]/Q
                         net (fo=1, routed)           0.762     6.376    U5/counter_reg_n_0_[1]
    SLICE_X0Y7           CARRY4 (Prop_carry4_S[1]_CO[3])
                                                      0.674     7.050 r  U5/counter_reg[0]_i_1/CO[3]
                         net (fo=1, routed)           0.000     7.050    U5/counter_reg[0]_i_1_n_0
    SLICE_X0Y8           CARRY4 (Prop_carry4_CI_CO[3])
                                                      0.114     7.164 r  U5/counter_reg[4]_i_1/CO[3]
                         net (fo=1, routed)           0.000     7.164    U5/counter_reg[4]_i_1_n_0
    SLICE_X0Y9           CARRY4 (Prop_carry4_CI_CO[3])
                                                      0.114     7.278 r  U5/counter_reg[8]_i_1/CO[3]
                         net (fo=1, routed)           0.000     7.278    U5/counter_reg[8]_i_1_n_0
    SLICE_X0Y10          CARRY4 (Prop_carry4_CI_CO[3])
                                                      0.114     7.392 r  U5/counter_reg[12]_i_1/CO[3]
                         net (fo=1, routed)           0.000     7.392    U5/counter_reg[12]_i_1_n_0
    SLICE_X0Y11          CARRY4 (Prop_carry4_CI_CO[3])
                                                      0.114     7.506 r  U5/counter_reg[16]_i_1/CO[3]
                         net (fo=1, routed)           0.000     7.506    U5/counter_reg[16]_i_1_n_0
    SLICE_X0Y12          CARRY4 (Prop_carry4_CI_O[0])
                                                      0.223     7.729 r  U5/counter_reg[20]_i_1/O[0]
                         net (fo=1, routed)           0.000     7.729    U5/counter_reg[20]_i_1_n_7
    SLICE_X0Y12          FDRE                                         r  U5/counter_reg[20]/D
  -------------------------------------------------------------------    -------------------

                         (clock sys_clk_pin rise edge)
                                                     10.000    10.000 r  
    W5                                                0.000    10.000 r  clk (IN)
                         net (fo=0)                   0.000    10.000    clk
    W5                   IBUF (Prop_ibuf_I_O)         1.388    11.388 r  clk_IBUF_inst/O
                         net (fo=1, routed)           1.862    13.250    clk_IBUF
    BUFGCTRL_X0Y0        BUFG (Prop_bufg_I_O)         0.091    13.341 r  clk_IBUF_BUFG_inst/O
                         net (fo=48, routed)          1.515    14.856    U5/clk_IBUF_BUFG
    SLICE_X0Y12          FDRE                                         r  U5/counter_reg[20]/C
                         clock pessimism              0.274    15.130    
                         clock uncertainty           -0.035    15.095    
    SLICE_X0Y12          FDRE (Setup_fdre_C_D)        0.062    15.157    U5/counter_reg[20]
  -------------------------------------------------------------------
                         required time                         15.157    
                         arrival time                          -7.729    
  -------------------------------------------------------------------
                         slack                                  7.428    

Slack (MET) :             7.431ns  (required time - arrival time)
  Source:                 U6/count_reg[1]/C
                            (rising edge-triggered cell FDRE clocked by sys_clk_pin  {rise@0.000ns fall@5.000ns period=10.000ns})
  Destination:            U6/count_reg[17]/D
                            (rising edge-triggered cell FDRE clocked by sys_clk_pin  {rise@0.000ns fall@5.000ns period=10.000ns})
  Path Group:             sys_clk_pin
  Path Type:              Setup (Max at Slow Process Corner)
  Requirement:            10.000ns  (sys_clk_pin rise@10.000ns - sys_clk_pin rise@0.000ns)
  Data Path Delay:        2.568ns  (logic 1.806ns (70.331%)  route 0.762ns (29.669%))
  Logic Levels:           5  (CARRY4=5)
  Clock Path Skew:        -0.028ns (DCD - SCD + CPR)
    Destination Clock Delay (DCD):    4.848ns = ( 14.848 - 10.000 ) 
    Source Clock Delay      (SCD):    5.150ns
    Clock Pessimism Removal (CPR):    0.274ns
  Clock Uncertainty:      0.035ns  ((TSJ^2 + TIJ^2)^1/2 + DJ) / 2 + PE
    Total System Jitter     (TSJ):    0.071ns
    Total Input Jitter      (TIJ):    0.000ns
    Discrete Jitter          (DJ):    0.000ns
    Phase Error              (PE):    0.000ns

    Location             Delay type                Incr(ns)  Path(ns)    Netlist Resource(s)
  -------------------------------------------------------------------    -------------------
                         (clock sys_clk_pin rise edge)
                                                      0.000     0.000 r  
    W5                                                0.000     0.000 r  clk (IN)
                         net (fo=0)                   0.000     0.000    clk
    W5                   IBUF (Prop_ibuf_I_O)         1.458     1.458 r  clk_IBUF_inst/O
                         net (fo=1, routed)           1.967     3.425    clk_IBUF
    BUFGCTRL_X0Y0        BUFG (Prop_bufg_I_O)         0.096     3.521 r  clk_IBUF_BUFG_inst/O
                         net (fo=48, routed)          1.629     5.150    U6/clk_IBUF_BUFG
    SLICE_X0Y17          FDRE                                         r  U6/count_reg[1]/C
  -------------------------------------------------------------------    -------------------
    SLICE_X0Y17          FDRE (Prop_fdre_C_Q)         0.456     5.606 r  U6/count_reg[1]/Q
                         net (fo=1, routed)           0.762     6.368    U6/count_reg_n_0_[1]
    SLICE_X0Y17          CARRY4 (Prop_carry4_S[1]_CO[3])
                                                      0.674     7.042 r  U6/count_reg[0]_i_1/CO[3]
                         net (fo=1, routed)           0.000     7.042    U6/count_reg[0]_i_1_n_0
    SLICE_X0Y18          CARRY4 (Prop_carry4_CI_CO[3])
                                                      0.114     7.156 r  U6/count_reg[4]_i_1/CO[3]
                         net (fo=1, routed)           0.000     7.156    U6/count_reg[4]_i_1_n_0
    SLICE_X0Y19          CARRY4 (Prop_carry4_CI_CO[3])
                                                      0.114     7.270 r  U6/count_reg[8]_i_1/CO[3]
                         net (fo=1, routed)           0.000     7.270    U6/count_reg[8]_i_1_n_0
    SLICE_X0Y20          CARRY4 (Prop_carry4_CI_CO[3])
                                                      0.114     7.384 r  U6/count_reg[12]_i_1/CO[3]
                         net (fo=1, routed)           0.000     7.384    U6/count_reg[12]_i_1_n_0
    SLICE_X0Y21          CARRY4 (Prop_carry4_CI_O[1])
                                                      0.334     7.718 r  U6/count_reg[16]_i_1/O[1]
                         net (fo=1, routed)           0.000     7.718    U6/count_reg[16]_i_1_n_6
    SLICE_X0Y21          FDRE                                         r  U6/count_reg[17]/D
  -------------------------------------------------------------------    -------------------

                         (clock sys_clk_pin rise edge)
                                                     10.000    10.000 r  
    W5                                                0.000    10.000 r  clk (IN)
                         net (fo=0)                   0.000    10.000    clk
    W5                   IBUF (Prop_ibuf_I_O)         1.388    11.388 r  clk_IBUF_inst/O
                         net (fo=1, routed)           1.862    13.250    clk_IBUF
    BUFGCTRL_X0Y0        BUFG (Prop_bufg_I_O)         0.091    13.341 r  clk_IBUF_BUFG_inst/O
                         net (fo=48, routed)          1.507    14.848    U6/clk_IBUF_BUFG
    SLICE_X0Y21          FDRE                                         r  U6/count_reg[17]/C
                         clock pessimism              0.274    15.122    
                         clock uncertainty           -0.035    15.087    
    SLICE_X0Y21          FDRE (Setup_fdre_C_D)        0.062    15.149    U6/count_reg[17]
  -------------------------------------------------------------------
                         required time                         15.149    
                         arrival time                          -7.718    
  -------------------------------------------------------------------
                         slack                                  7.431    

Slack (MET) :             7.432ns  (required time - arrival time)
  Source:                 U5/counter_reg[1]/C
                            (rising edge-triggered cell FDRE clocked by sys_clk_pin  {rise@0.000ns fall@5.000ns period=10.000ns})
  Destination:            U5/counter_reg[17]/D
                            (rising edge-triggered cell FDRE clocked by sys_clk_pin  {rise@0.000ns fall@5.000ns period=10.000ns})
  Path Group:             sys_clk_pin
  Path Type:              Setup (Max at Slow Process Corner)
  Requirement:            10.000ns  (sys_clk_pin rise@10.000ns - sys_clk_pin rise@0.000ns)
  Data Path Delay:        2.568ns  (logic 1.806ns (70.331%)  route 0.762ns (29.669%))
  Logic Levels:           5  (CARRY4=5)
  Clock Path Skew:        -0.027ns (DCD - SCD + CPR)
    Destination Clock Delay (DCD):    4.857ns = ( 14.857 - 10.000 ) 
    Source Clock Delay      (SCD):    5.158ns
    Clock Pessimism Removal (CPR):    0.274ns
  Clock Uncertainty:      0.035ns  ((TSJ^2 + TIJ^2)^1/2 + DJ) / 2 + PE
    Total System Jitter     (TSJ):    0.071ns
    Total Input Jitter      (TIJ):    0.000ns
    Discrete Jitter          (DJ):    0.000ns
    Phase Error              (PE):    0.000ns

    Location             Delay type                Incr(ns)  Path(ns)    Netlist Resource(s)
  -------------------------------------------------------------------    -------------------
                         (clock sys_clk_pin rise edge)
                                                      0.000     0.000 r  
    W5                                                0.000     0.000 r  clk (IN)
                         net (fo=0)                   0.000     0.000    clk
    W5                   IBUF (Prop_ibuf_I_O)         1.458     1.458 r  clk_IBUF_inst/O
                         net (fo=1, routed)           1.967     3.425    clk_IBUF
    BUFGCTRL_X0Y0        BUFG (Prop_bufg_I_O)         0.096     3.521 r  clk_IBUF_BUFG_inst/O
                         net (fo=48, routed)          1.637     5.158    U5/clk_IBUF_BUFG
    SLICE_X0Y7           FDRE                                         r  U5/counter_reg[1]/C
  -------------------------------------------------------------------    -------------------
    SLICE_X0Y7           FDRE (Prop_fdre_C_Q)         0.456     5.614 r  U5/counter_reg[1]/Q
                         net (fo=1, routed)           0.762     6.376    U5/counter_reg_n_0_[1]
    SLICE_X0Y7           CARRY4 (Prop_carry4_S[1]_CO[3])
                                                      0.674     7.050 r  U5/counter_reg[0]_i_1/CO[3]
                         net (fo=1, routed)           0.000     7.050    U5/counter_reg[0]_i_1_n_0
    SLICE_X0Y8           CARRY4 (Prop_carry4_CI_CO[3])
                                                      0.114     7.164 r  U5/counter_reg[4]_i_1/CO[3]
                         net (fo=1, routed)           0.000     7.164    U5/counter_reg[4]_i_1_n_0
    SLICE_X0Y9           CARRY4 (Prop_carry4_CI_CO[3])
                                                      0.114     7.278 r  U5/counter_reg[8]_i_1/CO[3]
                         net (fo=1, routed)           0.000     7.278    U5/counter_reg[8]_i_1_n_0
    SLICE_X0Y10          CARRY4 (Prop_carry4_CI_CO[3])
                                                      0.114     7.392 r  U5/counter_reg[12]_i_1/CO[3]
                         net (fo=1, routed)           0.000     7.392    U5/counter_reg[12]_i_1_n_0
    SLICE_X0Y11          CARRY4 (Prop_carry4_CI_O[1])
                                                      0.334     7.726 r  U5/counter_reg[16]_i_1/O[1]
                         net (fo=1, routed)           0.000     7.726    U5/counter_reg[16]_i_1_n_6
    SLICE_X0Y11          FDRE                                         r  U5/counter_reg[17]/D
  -------------------------------------------------------------------    -------------------

                         (clock sys_clk_pin rise edge)
                                                     10.000    10.000 r  
    W5                                                0.000    10.000 r  clk (IN)
                         net (fo=0)                   0.000    10.000    clk
    W5                   IBUF (Prop_ibuf_I_O)         1.388    11.388 r  clk_IBUF_inst/O
                         net (fo=1, routed)           1.862    13.250    clk_IBUF
    BUFGCTRL_X0Y0        BUFG (Prop_bufg_I_O)         0.091    13.341 r  clk_IBUF_BUFG_inst/O
                         net (fo=48, routed)          1.516    14.857    U5/clk_IBUF_BUFG
    SLICE_X0Y11          FDRE                                         r  U5/counter_reg[17]/C
                         clock pessimism              0.274    15.131    
                         clock uncertainty           -0.035    15.096    
    SLICE_X0Y11          FDRE (Setup_fdre_C_D)        0.062    15.158    U5/counter_reg[17]
  -------------------------------------------------------------------
                         required time                         15.158    
                         arrival time                          -7.726    
  -------------------------------------------------------------------
                         slack                                  7.432    





Min Delay Paths
--------------------------------------------------------------------------------------
Slack (MET) :             0.324ns  (arrival time - required time)
  Source:                 U5/counter_reg[0]/C
                            (rising edge-triggered cell FDRE clocked by sys_clk_pin  {rise@0.000ns fall@5.000ns period=10.000ns})
  Destination:            U5/counter_reg[0]/D
                            (rising edge-triggered cell FDRE clocked by sys_clk_pin  {rise@0.000ns fall@5.000ns period=10.000ns})
  Path Group:             sys_clk_pin
  Path Type:              Hold (Min at Fast Process Corner)
  Requirement:            0.000ns  (sys_clk_pin rise@0.000ns - sys_clk_pin rise@0.000ns)
  Data Path Delay:        0.429ns  (logic 0.256ns (59.730%)  route 0.173ns (40.270%))
  Logic Levels:           2  (CARRY4=1 LUT1=1)
  Clock Path Skew:        0.000ns (DCD - SCD - CPR)
    Destination Clock Delay (DCD):    1.992ns
    Source Clock Delay      (SCD):    1.477ns
    Clock Pessimism Removal (CPR):    0.515ns

    Location             Delay type                Incr(ns)  Path(ns)    Netlist Resource(s)
  -------------------------------------------------------------------    -------------------
                         (clock sys_clk_pin rise edge)
                                                      0.000     0.000 r  
    W5                                                0.000     0.000 r  clk (IN)
                         net (fo=0)                   0.000     0.000    clk
    W5                   IBUF (Prop_ibuf_I_O)         0.226     0.226 r  clk_IBUF_inst/O
                         net (fo=1, routed)           0.631     0.858    clk_IBUF
    BUFGCTRL_X0Y0        BUFG (Prop_bufg_I_O)         0.026     0.884 r  clk_IBUF_BUFG_inst/O
                         net (fo=48, routed)          0.594     1.477    U5/clk_IBUF_BUFG
    SLICE_X0Y7           FDRE                                         r  U5/counter_reg[0]/C
  -------------------------------------------------------------------    -------------------
    SLICE_X0Y7           FDRE (Prop_fdre_C_Q)         0.141     1.618 f  U5/counter_reg[0]/Q
                         net (fo=1, routed)           0.173     1.791    U5/counter_reg_n_0_[0]
    SLICE_X0Y7           LUT1 (Prop_lut1_I0_O)        0.045     1.836 r  U5/counter[0]_i_2/O
                         net (fo=1, routed)           0.000     1.836    U5/counter[0]_i_2_n_0
    SLICE_X0Y7           CARRY4 (Prop_carry4_S[0]_O[0])
                                                      0.070     1.906 r  U5/counter_reg[0]_i_1/O[0]
                         net (fo=1, routed)           0.000     1.906    U5/counter_reg[0]_i_1_n_7
    SLICE_X0Y7           FDRE                                         r  U5/counter_reg[0]/D
  -------------------------------------------------------------------    -------------------

                         (clock sys_clk_pin rise edge)
                                                      0.000     0.000 r  
    W5                                                0.000     0.000 r  clk (IN)
                         net (fo=0)                   0.000     0.000    clk
    W5                   IBUF (Prop_ibuf_I_O)         0.414     0.414 r  clk_IBUF_inst/O
                         net (fo=1, routed)           0.685     1.099    clk_IBUF
    BUFGCTRL_X0Y0        BUFG (Prop_bufg_I_O)         0.029     1.128 r  clk_IBUF_BUFG_inst/O
                         net (fo=48, routed)          0.865     1.992    U5/clk_IBUF_BUFG
    SLICE_X0Y7           FDRE                                         r  U5/counter_reg[0]/C
                         clock pessimism             -0.515     1.477    
    SLICE_X0Y7           FDRE (Hold_fdre_C_D)         0.105     1.582    U5/counter_reg[0]
  -------------------------------------------------------------------
                         required time                         -1.582    
                         arrival time                           1.906    
  -------------------------------------------------------------------
                         slack                                  0.324    

Slack (MET) :             0.324ns  (arrival time - required time)
  Source:                 U6/count_reg[0]/C
                            (rising edge-triggered cell FDRE clocked by sys_clk_pin  {rise@0.000ns fall@5.000ns period=10.000ns})
  Destination:            U6/count_reg[0]/D
                            (rising edge-triggered cell FDRE clocked by sys_clk_pin  {rise@0.000ns fall@5.000ns period=10.000ns})
  Path Group:             sys_clk_pin
  Path Type:              Hold (Min at Fast Process Corner)
  Requirement:            0.000ns  (sys_clk_pin rise@0.000ns - sys_clk_pin rise@0.000ns)
  Data Path Delay:        0.429ns  (logic 0.256ns (59.730%)  route 0.173ns (40.270%))
  Logic Levels:           2  (CARRY4=1 LUT1=1)
  Clock Path Skew:        0.000ns (DCD - SCD - CPR)
    Destination Clock Delay (DCD):    1.985ns
    Source Clock Delay      (SCD):    1.472ns
    Clock Pessimism Removal (CPR):    0.513ns

    Location             Delay type                Incr(ns)  Path(ns)    Netlist Resource(s)
  -------------------------------------------------------------------    -------------------
                         (clock sys_clk_pin rise edge)
                                                      0.000     0.000 r  
    W5                                                0.000     0.000 r  clk (IN)
                         net (fo=0)                   0.000     0.000    clk
    W5                   IBUF (Prop_ibuf_I_O)         0.226     0.226 r  clk_IBUF_inst/O
                         net (fo=1, routed)           0.631     0.858    clk_IBUF
    BUFGCTRL_X0Y0        BUFG (Prop_bufg_I_O)         0.026     0.884 r  clk_IBUF_BUFG_inst/O
                         net (fo=48, routed)          0.589     1.472    U6/clk_IBUF_BUFG
    SLICE_X0Y17          FDRE                                         r  U6/count_reg[0]/C
  -------------------------------------------------------------------    -------------------
    SLICE_X0Y17          FDRE (Prop_fdre_C_Q)         0.141     1.613 f  U6/count_reg[0]/Q
                         net (fo=1, routed)           0.173     1.786    U6/count_reg_n_0_[0]
    SLICE_X0Y17          LUT1 (Prop_lut1_I0_O)        0.045     1.831 r  U6/count[0]_i_2/O
                         net (fo=1, routed)           0.000     1.831    U6/count[0]_i_2_n_0
    SLICE_X0Y17          CARRY4 (Prop_carry4_S[0]_O[0])
                                                      0.070     1.901 r  U6/count_reg[0]_i_1/O[0]
                         net (fo=1, routed)           0.000     1.901    U6/count_reg[0]_i_1_n_7
    SLICE_X0Y17          FDRE                                         r  U6/count_reg[0]/D
  -------------------------------------------------------------------    -------------------

                         (clock sys_clk_pin rise edge)
                                                      0.000     0.000 r  
    W5                                                0.000     0.000 r  clk (IN)
                         net (fo=0)                   0.000     0.000    clk
    W5                   IBUF (Prop_ibuf_I_O)         0.414     0.414 r  clk_IBUF_inst/O
                         net (fo=1, routed)           0.685     1.099    clk_IBUF
    BUFGCTRL_X0Y0        BUFG (Prop_bufg_I_O)         0.029     1.128 r  clk_IBUF_BUFG_inst/O
                         net (fo=48, routed)          0.858     1.985    U6/clk_IBUF_BUFG
    SLICE_X0Y17          FDRE                                         r  U6/count_reg[0]/C
                         clock pessimism             -0.513     1.472    
    SLICE_X0Y17          FDRE (Hold_fdre_C_D)         0.105     1.577    U6/count_reg[0]
  -------------------------------------------------------------------
                         required time                         -1.577    
                         arrival time                           1.901    
  -------------------------------------------------------------------
                         slack                                  0.324    

Slack (MET) :             0.327ns  (arrival time - required time)
  Source:                 U5/counter_reg[20]/C
                            (rising edge-triggered cell FDRE clocked by sys_clk_pin  {rise@0.000ns fall@5.000ns period=10.000ns})
  Destination:            U5/counter_reg[20]/D
                            (rising edge-triggered cell FDRE clocked by sys_clk_pin  {rise@0.000ns fall@5.000ns period=10.000ns})
  Path Group:             sys_clk_pin
  Path Type:              Hold (Min at Fast Process Corner)
  Requirement:            0.000ns  (sys_clk_pin rise@0.000ns - sys_clk_pin rise@0.000ns)
  Data Path Delay:        0.432ns  (logic 0.256ns (59.199%)  route 0.176ns (40.801%))
  Logic Levels:           1  (CARRY4=1)
  Clock Path Skew:        0.000ns (DCD - SCD - CPR)
    Destination Clock Delay (DCD):    1.989ns
    Source Clock Delay      (SCD):    1.475ns
    Clock Pessimism Removal (CPR):    0.514ns

    Location             Delay type                Incr(ns)  Path(ns)    Netlist Resource(s)
  -------------------------------------------------------------------    -------------------
                         (clock sys_clk_pin rise edge)
                                                      0.000     0.000 r  
    W5                                                0.000     0.000 r  clk (IN)
                         net (fo=0)                   0.000     0.000    clk
    W5                   IBUF (Prop_ibuf_I_O)         0.226     0.226 r  clk_IBUF_inst/O
                         net (fo=1, routed)           0.631     0.858    clk_IBUF
    BUFGCTRL_X0Y0        BUFG (Prop_bufg_I_O)         0.026     0.884 r  clk_IBUF_BUFG_inst/O
                         net (fo=48, routed)          0.592     1.475    U5/clk_IBUF_BUFG
    SLICE_X0Y12          FDRE                                         r  U5/counter_reg[20]/C
  -------------------------------------------------------------------    -------------------
    SLICE_X0Y12          FDRE (Prop_fdre_C_Q)         0.141     1.616 r  U5/counter_reg[20]/Q
                         net (fo=1, routed)           0.176     1.793    U5/counter_reg_n_0_[20]
    SLICE_X0Y12          CARRY4 (Prop_carry4_S[0]_O[0])
                                                      0.115     1.908 r  U5/counter_reg[20]_i_1/O[0]
                         net (fo=1, routed)           0.000     1.908    U5/counter_reg[20]_i_1_n_7
    SLICE_X0Y12          FDRE                                         r  U5/counter_reg[20]/D
  -------------------------------------------------------------------    -------------------

                         (clock sys_clk_pin rise edge)
                                                      0.000     0.000 r  
    W5                                                0.000     0.000 r  clk (IN)
                         net (fo=0)                   0.000     0.000    clk
    W5                   IBUF (Prop_ibuf_I_O)         0.414     0.414 r  clk_IBUF_inst/O
                         net (fo=1, routed)           0.685     1.099    clk_IBUF
    BUFGCTRL_X0Y0        BUFG (Prop_bufg_I_O)         0.029     1.128 r  clk_IBUF_BUFG_inst/O
                         net (fo=48, routed)          0.862     1.989    U5/clk_IBUF_BUFG
    SLICE_X0Y12          FDRE                                         r  U5/counter_reg[20]/C
                         clock pessimism             -0.514     1.475    
    SLICE_X0Y12          FDRE (Hold_fdre_C_D)         0.105     1.580    U5/counter_reg[20]
  -------------------------------------------------------------------
                         required time                         -1.580    
                         arrival time                           1.908    
  -------------------------------------------------------------------
                         slack                                  0.327    

Slack (MET) :             0.327ns  (arrival time - required time)
  Source:                 U5/counter_reg[12]/C
                            (rising edge-triggered cell FDRE clocked by sys_clk_pin  {rise@0.000ns fall@5.000ns period=10.000ns})
  Destination:            U5/counter_reg[12]/D
                            (rising edge-triggered cell FDRE clocked by sys_clk_pin  {rise@0.000ns fall@5.000ns period=10.000ns})
  Path Group:             sys_clk_pin
  Path Type:              Hold (Min at Fast Process Corner)
  Requirement:            0.000ns  (sys_clk_pin rise@0.000ns - sys_clk_pin rise@0.000ns)
  Data Path Delay:        0.432ns  (logic 0.256ns (59.199%)  route 0.176ns (40.801%))
  Logic Levels:           1  (CARRY4=1)
  Clock Path Skew:        0.000ns (DCD - SCD - CPR)
    Destination Clock Delay (DCD):    1.991ns
    Source Clock Delay      (SCD):    1.476ns
    Clock Pessimism Removal (CPR):    0.515ns

    Location             Delay type                Incr(ns)  Path(ns)    Netlist Resource(s)
  -------------------------------------------------------------------    -------------------
                         (clock sys_clk_pin rise edge)
                                                      0.000     0.000 r  
    W5                                                0.000     0.000 r  clk (IN)
                         net (fo=0)                   0.000     0.000    clk
    W5                   IBUF (Prop_ibuf_I_O)         0.226     0.226 r  clk_IBUF_inst/O
                         net (fo=1, routed)           0.631     0.858    clk_IBUF
    BUFGCTRL_X0Y0        BUFG (Prop_bufg_I_O)         0.026     0.884 r  clk_IBUF_BUFG_inst/O
                         net (fo=48, routed)          0.593     1.476    U5/clk_IBUF_BUFG
    SLICE_X0Y10          FDRE                                         r  U5/counter_reg[12]/C
  -------------------------------------------------------------------    -------------------
    SLICE_X0Y10          FDRE (Prop_fdre_C_Q)         0.141     1.617 r  U5/counter_reg[12]/Q
                         net (fo=1, routed)           0.176     1.794    U5/counter_reg_n_0_[12]
    SLICE_X0Y10          CARRY4 (Prop_carry4_S[0]_O[0])
                                                      0.115     1.909 r  U5/counter_reg[12]_i_1/O[0]
                         net (fo=1, routed)           0.000     1.909    U5/counter_reg[12]_i_1_n_7
    SLICE_X0Y10          FDRE                                         r  U5/counter_reg[12]/D
  -------------------------------------------------------------------    -------------------

                         (clock sys_clk_pin rise edge)
                                                      0.000     0.000 r  
    W5                                                0.000     0.000 r  clk (IN)
                         net (fo=0)                   0.000     0.000    clk
    W5                   IBUF (Prop_ibuf_I_O)         0.414     0.414 r  clk_IBUF_inst/O
                         net (fo=1, routed)           0.685     1.099    clk_IBUF
    BUFGCTRL_X0Y0        BUFG (Prop_bufg_I_O)         0.029     1.128 r  clk_IBUF_BUFG_inst/O
                         net (fo=48, routed)          0.864     1.991    U5/clk_IBUF_BUFG
    SLICE_X0Y10          FDRE                                         r  U5/counter_reg[12]/C
                         clock pessimism             -0.515     1.476    
    SLICE_X0Y10          FDRE (Hold_fdre_C_D)         0.105     1.581    U5/counter_reg[12]
  -------------------------------------------------------------------
                         required time                         -1.581    
                         arrival time                           1.909    
  -------------------------------------------------------------------
                         slack                                  0.327    

Slack (MET) :             0.327ns  (arrival time - required time)
  Source:                 U5/counter_reg[16]/C
                            (rising edge-triggered cell FDRE clocked by sys_clk_pin  {rise@0.000ns fall@5.000ns period=10.000ns})
  Destination:            U5/counter_reg[16]/D
                            (rising edge-triggered cell FDRE clocked by sys_clk_pin  {rise@0.000ns fall@5.000ns period=10.000ns})
  Path Group:             sys_clk_pin
  Path Type:              Hold (Min at Fast Process Corner)
  Requirement:            0.000ns  (sys_clk_pin rise@0.000ns - sys_clk_pin rise@0.000ns)
  Data Path Delay:        0.432ns  (logic 0.256ns (59.199%)  route 0.176ns (40.801%))
  Logic Levels:           1  (CARRY4=1)
  Clock Path Skew:        0.000ns (DCD - SCD - CPR)
    Destination Clock Delay (DCD):    1.991ns
    Source Clock Delay      (SCD):    1.476ns
    Clock Pessimism Removal (CPR):    0.515ns

    Location             Delay type                Incr(ns)  Path(ns)    Netlist Resource(s)
  -------------------------------------------------------------------    -------------------
                         (clock sys_clk_pin rise edge)
                                                      0.000     0.000 r  
    W5                                                0.000     0.000 r  clk (IN)
                         net (fo=0)                   0.000     0.000    clk
    W5                   IBUF (Prop_ibuf_I_O)         0.226     0.226 r  clk_IBUF_inst/O
                         net (fo=1, routed)           0.631     0.858    clk_IBUF
    BUFGCTRL_X0Y0        BUFG (Prop_bufg_I_O)         0.026     0.884 r  clk_IBUF_BUFG_inst/O
                         net (fo=48, routed)          0.593     1.476    U5/clk_IBUF_BUFG
    SLICE_X0Y11          FDRE                                         r  U5/counter_reg[16]/C
  -------------------------------------------------------------------    -------------------
    SLICE_X0Y11          FDRE (Prop_fdre_C_Q)         0.141     1.617 r  U5/counter_reg[16]/Q
                         net (fo=1, routed)           0.176     1.794    U5/counter_reg_n_0_[16]
    SLICE_X0Y11          CARRY4 (Prop_carry4_S[0]_O[0])
                                                      0.115     1.909 r  U5/counter_reg[16]_i_1/O[0]
                         net (fo=1, routed)           0.000     1.909    U5/counter_reg[16]_i_1_n_7
    SLICE_X0Y11          FDRE                                         r  U5/counter_reg[16]/D
  -------------------------------------------------------------------    -------------------

                         (clock sys_clk_pin rise edge)
                                                      0.000     0.000 r  
    W5                                                0.000     0.000 r  clk (IN)
                         net (fo=0)                   0.000     0.000    clk
    W5                   IBUF (Prop_ibuf_I_O)         0.414     0.414 r  clk_IBUF_inst/O
                         net (fo=1, routed)           0.685     1.099    clk_IBUF
    BUFGCTRL_X0Y0        BUFG (Prop_bufg_I_O)         0.029     1.128 r  clk_IBUF_BUFG_inst/O
                         net (fo=48, routed)          0.864     1.991    U5/clk_IBUF_BUFG
    SLICE_X0Y11          FDRE                                         r  U5/counter_reg[16]/C
                         clock pessimism             -0.515     1.476    
    SLICE_X0Y11          FDRE (Hold_fdre_C_D)         0.105     1.581    U5/counter_reg[16]
  -------------------------------------------------------------------
                         required time                         -1.581    
                         arrival time                           1.909    
  -------------------------------------------------------------------
                         slack                                  0.327    

Slack (MET) :             0.327ns  (arrival time - required time)
  Source:                 U5/counter_reg[24]/C
                            (rising edge-triggered cell FDRE clocked by sys_clk_pin  {rise@0.000ns fall@5.000ns period=10.000ns})
  Destination:            U5/counter_reg[24]/D
                            (rising edge-triggered cell FDRE clocked by sys_clk_pin  {rise@0.000ns fall@5.000ns period=10.000ns})
  Path Group:             sys_clk_pin
  Path Type:              Hold (Min at Fast Process Corner)
  Requirement:            0.000ns  (sys_clk_pin rise@0.000ns - sys_clk_pin rise@0.000ns)
  Data Path Delay:        0.432ns  (logic 0.256ns (59.199%)  route 0.176ns (40.801%))
  Logic Levels:           1  (CARRY4=1)
  Clock Path Skew:        0.000ns (DCD - SCD - CPR)
    Destination Clock Delay (DCD):    1.988ns
    Source Clock Delay      (SCD):    1.474ns
    Clock Pessimism Removal (CPR):    0.514ns

    Location             Delay type                Incr(ns)  Path(ns)    Netlist Resource(s)
  -------------------------------------------------------------------    -------------------
                         (clock sys_clk_pin rise edge)
                                                      0.000     0.000 r  
    W5                                                0.000     0.000 r  clk (IN)
                         net (fo=0)                   0.000     0.000    clk
    W5                   IBUF (Prop_ibuf_I_O)         0.226     0.226 r  clk_IBUF_inst/O
                         net (fo=1, routed)           0.631     0.858    clk_IBUF
    BUFGCTRL_X0Y0        BUFG (Prop_bufg_I_O)         0.026     0.884 r  clk_IBUF_BUFG_inst/O
                         net (fo=48, routed)          0.591     1.474    U5/clk_IBUF_BUFG
    SLICE_X0Y13          FDRE                                         r  U5/counter_reg[24]/C
  -------------------------------------------------------------------    -------------------
    SLICE_X0Y13          FDRE (Prop_fdre_C_Q)         0.141     1.615 r  U5/counter_reg[24]/Q
                         net (fo=1, routed)           0.176     1.792    U5/counter_reg_n_0_[24]
    SLICE_X0Y13          CARRY4 (Prop_carry4_S[0]_O[0])
                                                      0.115     1.907 r  U5/counter_reg[24]_i_1/O[0]
                         net (fo=1, routed)           0.000     1.907    U5/counter_reg[24]_i_1_n_7
    SLICE_X0Y13          FDRE                                         r  U5/counter_reg[24]/D
  -------------------------------------------------------------------    -------------------

                         (clock sys_clk_pin rise edge)
                                                      0.000     0.000 r  
    W5                                                0.000     0.000 r  clk (IN)
                         net (fo=0)                   0.000     0.000    clk
    W5                   IBUF (Prop_ibuf_I_O)         0.414     0.414 r  clk_IBUF_inst/O
                         net (fo=1, routed)           0.685     1.099    clk_IBUF
    BUFGCTRL_X0Y0        BUFG (Prop_bufg_I_O)         0.029     1.128 r  clk_IBUF_BUFG_inst/O
                         net (fo=48, routed)          0.861     1.988    U5/clk_IBUF_BUFG
    SLICE_X0Y13          FDRE                                         r  U5/counter_reg[24]/C
                         clock pessimism             -0.514     1.474    
    SLICE_X0Y13          FDRE (Hold_fdre_C_D)         0.105     1.579    U5/counter_reg[24]
  -------------------------------------------------------------------
                         required time                         -1.579    
                         arrival time                           1.907    
  -------------------------------------------------------------------
                         slack                                  0.327    

Slack (MET) :             0.327ns  (arrival time - required time)
  Source:                 U5/counter_reg[4]/C
                            (rising edge-triggered cell FDRE clocked by sys_clk_pin  {rise@0.000ns fall@5.000ns period=10.000ns})
  Destination:            U5/counter_reg[4]/D
                            (rising edge-triggered cell FDRE clocked by sys_clk_pin  {rise@0.000ns fall@5.000ns period=10.000ns})
  Path Group:             sys_clk_pin
  Path Type:              Hold (Min at Fast Process Corner)
  Requirement:            0.000ns  (sys_clk_pin rise@0.000ns - sys_clk_pin rise@0.000ns)
  Data Path Delay:        0.432ns  (logic 0.256ns (59.199%)  route 0.176ns (40.801%))
  Logic Levels:           1  (CARRY4=1)
  Clock Path Skew:        0.000ns (DCD - SCD - CPR)
    Destination Clock Delay (DCD):    1.992ns
    Source Clock Delay      (SCD):    1.477ns
    Clock Pessimism Removal (CPR):    0.515ns

    Location             Delay type                Incr(ns)  Path(ns)    Netlist Resource(s)
  -------------------------------------------------------------------    -------------------
                         (clock sys_clk_pin rise edge)
                                                      0.000     0.000 r  
    W5                                                0.000     0.000 r  clk (IN)
                         net (fo=0)                   0.000     0.000    clk
    W5                   IBUF (Prop_ibuf_I_O)         0.226     0.226 r  clk_IBUF_inst/O
                         net (fo=1, routed)           0.631     0.858    clk_IBUF
    BUFGCTRL_X0Y0        BUFG (Prop_bufg_I_O)         0.026     0.884 r  clk_IBUF_BUFG_inst/O
                         net (fo=48, routed)          0.594     1.477    U5/clk_IBUF_BUFG
    SLICE_X0Y8           FDRE                                         r  U5/counter_reg[4]/C
  -------------------------------------------------------------------    -------------------
    SLICE_X0Y8           FDRE (Prop_fdre_C_Q)         0.141     1.618 r  U5/counter_reg[4]/Q
                         net (fo=1, routed)           0.176     1.795    U5/counter_reg_n_0_[4]
    SLICE_X0Y8           CARRY4 (Prop_carry4_S[0]_O[0])
                                                      0.115     1.910 r  U5/counter_reg[4]_i_1/O[0]
                         net (fo=1, routed)           0.000     1.910    U5/counter_reg[4]_i_1_n_7
    SLICE_X0Y8           FDRE                                         r  U5/counter_reg[4]/D
  -------------------------------------------------------------------    -------------------

                         (clock sys_clk_pin rise edge)
                                                      0.000     0.000 r  
    W5                                                0.000     0.000 r  clk (IN)
                         net (fo=0)                   0.000     0.000    clk
    W5                   IBUF (Prop_ibuf_I_O)         0.414     0.414 r  clk_IBUF_inst/O
                         net (fo=1, routed)           0.685     1.099    clk_IBUF
    BUFGCTRL_X0Y0        BUFG (Prop_bufg_I_O)         0.029     1.128 r  clk_IBUF_BUFG_inst/O
                         net (fo=48, routed)          0.865     1.992    U5/clk_IBUF_BUFG
    SLICE_X0Y8           FDRE                                         r  U5/counter_reg[4]/C
                         clock pessimism             -0.515     1.477    
    SLICE_X0Y8           FDRE (Hold_fdre_C_D)         0.105     1.582    U5/counter_reg[4]
  -------------------------------------------------------------------
                         required time                         -1.582    
                         arrival time                           1.910    
  -------------------------------------------------------------------
                         slack                                  0.327    

Slack (MET) :             0.327ns  (arrival time - required time)
  Source:                 U5/counter_reg[8]/C
                            (rising edge-triggered cell FDRE clocked by sys_clk_pin  {rise@0.000ns fall@5.000ns period=10.000ns})
  Destination:            U5/counter_reg[8]/D
                            (rising edge-triggered cell FDRE clocked by sys_clk_pin  {rise@0.000ns fall@5.000ns period=10.000ns})
  Path Group:             sys_clk_pin
  Path Type:              Hold (Min at Fast Process Corner)
  Requirement:            0.000ns  (sys_clk_pin rise@0.000ns - sys_clk_pin rise@0.000ns)
  Data Path Delay:        0.432ns  (logic 0.256ns (59.199%)  route 0.176ns (40.801%))
  Logic Levels:           1  (CARRY4=1)
  Clock Path Skew:        0.000ns (DCD - SCD - CPR)
    Destination Clock Delay (DCD):    1.992ns
    Source Clock Delay      (SCD):    1.477ns
    Clock Pessimism Removal (CPR):    0.515ns

    Location             Delay type                Incr(ns)  Path(ns)    Netlist Resource(s)
  -------------------------------------------------------------------    -------------------
                         (clock sys_clk_pin rise edge)
                                                      0.000     0.000 r  
    W5                                                0.000     0.000 r  clk (IN)
                         net (fo=0)                   0.000     0.000    clk
    W5                   IBUF (Prop_ibuf_I_O)         0.226     0.226 r  clk_IBUF_inst/O
                         net (fo=1, routed)           0.631     0.858    clk_IBUF
    BUFGCTRL_X0Y0        BUFG (Prop_bufg_I_O)         0.026     0.884 r  clk_IBUF_BUFG_inst/O
                         net (fo=48, routed)          0.594     1.477    U5/clk_IBUF_BUFG
    SLICE_X0Y9           FDRE                                         r  U5/counter_reg[8]/C
  -------------------------------------------------------------------    -------------------
    SLICE_X0Y9           FDRE (Prop_fdre_C_Q)         0.141     1.618 r  U5/counter_reg[8]/Q
                         net (fo=1, routed)           0.176     1.795    U5/counter_reg_n_0_[8]
    SLICE_X0Y9           CARRY4 (Prop_carry4_S[0]_O[0])
                                                      0.115     1.910 r  U5/counter_reg[8]_i_1/O[0]
                         net (fo=1, routed)           0.000     1.910    U5/counter_reg[8]_i_1_n_7
    SLICE_X0Y9           FDRE                                         r  U5/counter_reg[8]/D
  -------------------------------------------------------------------    -------------------

                         (clock sys_clk_pin rise edge)
                                                      0.000     0.000 r  
    W5                                                0.000     0.000 r  clk (IN)
                         net (fo=0)                   0.000     0.000    clk
    W5                   IBUF (Prop_ibuf_I_O)         0.414     0.414 r  clk_IBUF_inst/O
                         net (fo=1, routed)           0.685     1.099    clk_IBUF
    BUFGCTRL_X0Y0        BUFG (Prop_bufg_I_O)         0.029     1.128 r  clk_IBUF_BUFG_inst/O
                         net (fo=48, routed)          0.865     1.992    U5/clk_IBUF_BUFG
    SLICE_X0Y9           FDRE                                         r  U5/counter_reg[8]/C
                         clock pessimism             -0.515     1.477    
    SLICE_X0Y9           FDRE (Hold_fdre_C_D)         0.105     1.582    U5/counter_reg[8]
  -------------------------------------------------------------------
                         required time                         -1.582    
                         arrival time                           1.910    
  -------------------------------------------------------------------
                         slack                                  0.327    

Slack (MET) :             0.327ns  (arrival time - required time)
  Source:                 U6/count_reg[16]/C
                            (rising edge-triggered cell FDRE clocked by sys_clk_pin  {rise@0.000ns fall@5.000ns period=10.000ns})
  Destination:            U6/count_reg[16]/D
                            (rising edge-triggered cell FDRE clocked by sys_clk_pin  {rise@0.000ns fall@5.000ns period=10.000ns})
  Path Group:             sys_clk_pin
  Path Type:              Hold (Min at Fast Process Corner)
  Requirement:            0.000ns  (sys_clk_pin rise@0.000ns - sys_clk_pin rise@0.000ns)
  Data Path Delay:        0.432ns  (logic 0.256ns (59.199%)  route 0.176ns (40.801%))
  Logic Levels:           1  (CARRY4=1)
  Clock Path Skew:        0.000ns (DCD - SCD - CPR)
    Destination Clock Delay (DCD):    1.981ns
    Source Clock Delay      (SCD):    1.468ns
    Clock Pessimism Removal (CPR):    0.513ns

    Location             Delay type                Incr(ns)  Path(ns)    Netlist Resource(s)
  -------------------------------------------------------------------    -------------------
                         (clock sys_clk_pin rise edge)
                                                      0.000     0.000 r  
    W5                                                0.000     0.000 r  clk (IN)
                         net (fo=0)                   0.000     0.000    clk
    W5                   IBUF (Prop_ibuf_I_O)         0.226     0.226 r  clk_IBUF_inst/O
                         net (fo=1, routed)           0.631     0.858    clk_IBUF
    BUFGCTRL_X0Y0        BUFG (Prop_bufg_I_O)         0.026     0.884 r  clk_IBUF_BUFG_inst/O
                         net (fo=48, routed)          0.585     1.468    U6/clk_IBUF_BUFG
    SLICE_X0Y21          FDRE                                         r  U6/count_reg[16]/C
  -------------------------------------------------------------------    -------------------
    SLICE_X0Y21          FDRE (Prop_fdre_C_Q)         0.141     1.609 r  U6/count_reg[16]/Q
                         net (fo=1, routed)           0.176     1.786    U6/count_reg_n_0_[16]
    SLICE_X0Y21          CARRY4 (Prop_carry4_S[0]_O[0])
                                                      0.115     1.901 r  U6/count_reg[16]_i_1/O[0]
                         net (fo=1, routed)           0.000     1.901    U6/count_reg[16]_i_1_n_7
    SLICE_X0Y21          FDRE                                         r  U6/count_reg[16]/D
  -------------------------------------------------------------------    -------------------

                         (clock sys_clk_pin rise edge)
                                                      0.000     0.000 r  
    W5                                                0.000     0.000 r  clk (IN)
                         net (fo=0)                   0.000     0.000    clk
    W5                   IBUF (Prop_ibuf_I_O)         0.414     0.414 r  clk_IBUF_inst/O
                         net (fo=1, routed)           0.685     1.099    clk_IBUF
    BUFGCTRL_X0Y0        BUFG (Prop_bufg_I_O)         0.029     1.128 r  clk_IBUF_BUFG_inst/O
                         net (fo=48, routed)          0.854     1.981    U6/clk_IBUF_BUFG
    SLICE_X0Y21          FDRE                                         r  U6/count_reg[16]/C
                         clock pessimism             -0.513     1.468    
    SLICE_X0Y21          FDRE (Hold_fdre_C_D)         0.105     1.573    U6/count_reg[16]
  -------------------------------------------------------------------
                         required time                         -1.573    
                         arrival time                           1.901    
  -------------------------------------------------------------------
                         slack                                  0.327    

Slack (MET) :             0.327ns  (arrival time - required time)
  Source:                 U6/count_reg[8]/C
                            (rising edge-triggered cell FDRE clocked by sys_clk_pin  {rise@0.000ns fall@5.000ns period=10.000ns})
  Destination:            U6/count_reg[8]/D
                            (rising edge-triggered cell FDRE clocked by sys_clk_pin  {rise@0.000ns fall@5.000ns period=10.000ns})
  Path Group:             sys_clk_pin
  Path Type:              Hold (Min at Fast Process Corner)
  Requirement:            0.000ns  (sys_clk_pin rise@0.000ns - sys_clk_pin rise@0.000ns)
  Data Path Delay:        0.432ns  (logic 0.256ns (59.199%)  route 0.176ns (40.801%))
  Logic Levels:           1  (CARRY4=1)
  Clock Path Skew:        0.000ns (DCD - SCD - CPR)
    Destination Clock Delay (DCD):    1.983ns
    Source Clock Delay      (SCD):    1.470ns
    Clock Pessimism Removal (CPR):    0.513ns

    Location             Delay type                Incr(ns)  Path(ns)    Netlist Resource(s)
  -------------------------------------------------------------------    -------------------
                         (clock sys_clk_pin rise edge)
                                                      0.000     0.000 r  
    W5                                                0.000     0.000 r  clk (IN)
                         net (fo=0)                   0.000     0.000    clk
    W5                   IBUF (Prop_ibuf_I_O)         0.226     0.226 r  clk_IBUF_inst/O
                         net (fo=1, routed)           0.631     0.858    clk_IBUF
    BUFGCTRL_X0Y0        BUFG (Prop_bufg_I_O)         0.026     0.884 r  clk_IBUF_BUFG_inst/O
                         net (fo=48, routed)          0.587     1.470    U6/clk_IBUF_BUFG
    SLICE_X0Y19          FDRE                                         r  U6/count_reg[8]/C
  -------------------------------------------------------------------    -------------------
    SLICE_X0Y19          FDRE (Prop_fdre_C_Q)         0.141     1.611 r  U6/count_reg[8]/Q
                         net (fo=1, routed)           0.176     1.788    U6/count_reg_n_0_[8]
    SLICE_X0Y19          CARRY4 (Prop_carry4_S[0]_O[0])
                                                      0.115     1.903 r  U6/count_reg[8]_i_1/O[0]
                         net (fo=1, routed)           0.000     1.903    U6/count_reg[8]_i_1_n_7
    SLICE_X0Y19          FDRE                                         r  U6/count_reg[8]/D
  -------------------------------------------------------------------    -------------------

                         (clock sys_clk_pin rise edge)
                                                      0.000     0.000 r  
    W5                                                0.000     0.000 r  clk (IN)
                         net (fo=0)                   0.000     0.000    clk
    W5                   IBUF (Prop_ibuf_I_O)         0.414     0.414 r  clk_IBUF_inst/O
                         net (fo=1, routed)           0.685     1.099    clk_IBUF
    BUFGCTRL_X0Y0        BUFG (Prop_bufg_I_O)         0.029     1.128 r  clk_IBUF_BUFG_inst/O
                         net (fo=48, routed)          0.856     1.983    U6/clk_IBUF_BUFG
    SLICE_X0Y19          FDRE                                         r  U6/count_reg[8]/C
                         clock pessimism             -0.513     1.470    
    SLICE_X0Y19          FDRE (Hold_fdre_C_D)         0.105     1.575    U6/count_reg[8]
  -------------------------------------------------------------------
                         required time                         -1.575    
                         arrival time                           1.903    
  -------------------------------------------------------------------
                         slack                                  0.327    





Pulse Width Checks
--------------------------------------------------------------------------------------
Clock Name:         sys_clk_pin
Waveform(ns):       { 0.000 5.000 }
Period(ns):         10.000
Sources:            { clk }

Check Type        Corner  Lib Pin  Reference Pin  Required(ns)  Actual(ns)  Slack(ns)  Location       Pin
Min Period        n/a     BUFG/I   n/a            2.155         10.000      7.845      BUFGCTRL_X0Y0  clk_IBUF_BUFG_inst/I
Min Period        n/a     FDRE/C   n/a            1.000         10.000      9.000      SLICE_X0Y7     U5/counter_reg[0]/C
Min Period        n/a     FDRE/C   n/a            1.000         10.000      9.000      SLICE_X0Y9     U5/counter_reg[10]/C
Min Period        n/a     FDRE/C   n/a            1.000         10.000      9.000      SLICE_X0Y9     U5/counter_reg[11]/C
Min Period        n/a     FDRE/C   n/a            1.000         10.000      9.000      SLICE_X0Y10    U5/counter_reg[12]/C
Min Period        n/a     FDRE/C   n/a            1.000         10.000      9.000      SLICE_X0Y10    U5/counter_reg[13]/C
Min Period        n/a     FDRE/C   n/a            1.000         10.000      9.000      SLICE_X0Y10    U5/counter_reg[14]/C
Min Period        n/a     FDRE/C   n/a            1.000         10.000      9.000      SLICE_X0Y10    U5/counter_reg[15]/C
Min Period        n/a     FDRE/C   n/a            1.000         10.000      9.000      SLICE_X0Y11    U5/counter_reg[16]/C
Min Period        n/a     FDRE/C   n/a            1.000         10.000      9.000      SLICE_X0Y11    U5/counter_reg[17]/C
Low Pulse Width   Slow    FDRE/C   n/a            0.500         5.000       4.500      SLICE_X0Y7     U5/counter_reg[0]/C
Low Pulse Width   Fast    FDRE/C   n/a            0.500         5.000       4.500      SLICE_X0Y7     U5/counter_reg[0]/C
Low Pulse Width   Slow    FDRE/C   n/a            0.500         5.000       4.500      SLICE_X0Y9     U5/counter_reg[10]/C
Low Pulse Width   Fast    FDRE/C   n/a            0.500         5.000       4.500      SLICE_X0Y9     U5/counter_reg[10]/C
Low Pulse Width   Slow    FDRE/C   n/a            0.500         5.000       4.500      SLICE_X0Y9     U5/counter_reg[11]/C
Low Pulse Width   Fast    FDRE/C   n/a            0.500         5.000       4.500      SLICE_X0Y9     U5/counter_reg[11]/C
Low Pulse Width   Slow    FDRE/C   n/a            0.500         5.000       4.500      SLICE_X0Y10    U5/counter_reg[12]/C
Low Pulse Width   Fast    FDRE/C   n/a            0.500         5.000       4.500      SLICE_X0Y10    U5/counter_reg[12]/C
Low Pulse Width   Slow    FDRE/C   n/a            0.500         5.000       4.500      SLICE_X0Y10    U5/counter_reg[13]/C
Low Pulse Width   Fast    FDRE/C   n/a            0.500         5.000       4.500      SLICE_X0Y10    U5/counter_reg[13]/C
High Pulse Width  Slow    FDRE/C   n/a            0.500         5.000       4.500      SLICE_X0Y7     U5/counter_reg[0]/C
High Pulse Width  Fast    FDRE/C   n/a            0.500         5.000       4.500      SLICE_X0Y7     U5/counter_reg[0]/C
High Pulse Width  Slow    FDRE/C   n/a            0.500         5.000       4.500      SLICE_X0Y9     U5/counter_reg[10]/C
High Pulse Width  Fast    FDRE/C   n/a            0.500         5.000       4.500      SLICE_X0Y9     U5/counter_reg[10]/C
High Pulse Width  Slow    FDRE/C   n/a            0.500         5.000       4.500      SLICE_X0Y9     U5/counter_reg[11]/C
High Pulse Width  Fast    FDRE/C   n/a            0.500         5.000       4.500      SLICE_X0Y9     U5/counter_reg[11]/C
High Pulse Width  Slow    FDRE/C   n/a            0.500         5.000       4.500      SLICE_X0Y10    U5/counter_reg[12]/C
High Pulse Width  Fast    FDRE/C   n/a            0.500         5.000       4.500      SLICE_X0Y10    U5/counter_reg[12]/C
High Pulse Width  Slow    FDRE/C   n/a            0.500         5.000       4.500      SLICE_X0Y10    U5/counter_reg[13]/C
High Pulse Width  Fast    FDRE/C   n/a            0.500         5.000       4.500      SLICE_X0Y10    U5/counter_reg[13]/C



--------------------------------------------------------------------------------------
Path Group:  (none)
From Clock:  
  To Clock:  

Max Delay            11 Endpoints
Min Delay            11 Endpoints
--------------------------------------------------------------------------------------


Max Delay Paths
--------------------------------------------------------------------------------------
Slack:                    inf
  Source:                 sel
                            (input port)
  Destination:            seg_L[6]
                            (output port)
  Path Group:             (none)
  Path Type:              Max at Slow Process Corner
  Data Path Delay:        10.171ns  (logic 5.108ns (50.218%)  route 5.064ns (49.782%))
  Logic Levels:           3  (IBUF=1 LUT4=1 OBUF=1)

    Location             Delay type                Incr(ns)  Path(ns)    Netlist Resource(s)
  -------------------------------------------------------------------    -------------------
    U17                                               0.000     0.000 r  sel (IN)
                         net (fo=0)                   0.000     0.000    sel
    U17                  IBUF (Prop_ibuf_I_O)         1.452     1.452 r  sel_IBUF_inst/O
                         net (fo=5, routed)           3.158     4.611    U6/sel_IBUF
    SLICE_X65Y17         LUT4 (Prop_lut4_I3_O)        0.124     4.735 r  U6/seg_L_OBUF[6]_inst_i_1/O
                         net (fo=1, routed)           1.905     6.640    seg_L_OBUF[6]
    U7                   OBUF (Prop_obuf_I_O)         3.531    10.171 r  seg_L_OBUF[6]_inst/O
                         net (fo=0)                   0.000    10.171    seg_L[6]
    U7                                                                r  seg_L[6] (OUT)
  -------------------------------------------------------------------    -------------------

Slack:                    inf
  Source:                 sel
                            (input port)
  Destination:            seg_L[0]
                            (output port)
  Path Group:             (none)
  Path Type:              Max at Slow Process Corner
  Data Path Delay:        10.103ns  (logic 5.283ns (52.292%)  route 4.820ns (47.708%))
  Logic Levels:           3  (IBUF=1 LUT5=1 OBUF=1)

    Location             Delay type                Incr(ns)  Path(ns)    Netlist Resource(s)
  -------------------------------------------------------------------    -------------------
    U17                                               0.000     0.000 r  sel (IN)
                         net (fo=0)                   0.000     0.000    sel
    U17                  IBUF (Prop_ibuf_I_O)         1.452     1.452 r  sel_IBUF_inst/O
                         net (fo=5, routed)           2.944     4.396    U1/sel_IBUF
    SLICE_X65Y17         LUT5 (Prop_lut5_I4_O)        0.118     4.514 r  U1/seg_L_OBUF[3]_inst_i_1/O
                         net (fo=2, routed)           1.876     6.390    seg_L_OBUF[0]
    W7                   OBUF (Prop_obuf_I_O)         3.713    10.103 r  seg_L_OBUF[0]_inst/O
                         net (fo=0)                   0.000    10.103    seg_L[0]
    W7                                                                r  seg_L[0] (OUT)
  -------------------------------------------------------------------    -------------------

Slack:                    inf
  Source:                 sel
                            (input port)
  Destination:            seg_L[3]
                            (output port)
  Path Group:             (none)
  Path Type:              Max at Slow Process Corner
  Data Path Delay:        9.985ns  (logic 5.308ns (53.157%)  route 4.677ns (46.843%))
  Logic Levels:           3  (IBUF=1 LUT5=1 OBUF=1)

    Location             Delay type                Incr(ns)  Path(ns)    Netlist Resource(s)
  -------------------------------------------------------------------    -------------------
    U17                                               0.000     0.000 r  sel (IN)
                         net (fo=0)                   0.000     0.000    sel
    U17                  IBUF (Prop_ibuf_I_O)         1.452     1.452 r  sel_IBUF_inst/O
                         net (fo=5, routed)           2.944     4.396    U1/sel_IBUF
    SLICE_X65Y17         LUT5 (Prop_lut5_I4_O)        0.118     4.514 r  U1/seg_L_OBUF[3]_inst_i_1/O
                         net (fo=2, routed)           1.734     6.248    seg_L_OBUF[0]
    V8                   OBUF (Prop_obuf_I_O)         3.738     9.985 r  seg_L_OBUF[3]_inst/O
                         net (fo=0)                   0.000     9.985    seg_L[3]
    V8                                                                r  seg_L[3] (OUT)
  -------------------------------------------------------------------    -------------------

Slack:                    inf
  Source:                 sel
                            (input port)
  Destination:            seg_L[5]
                            (output port)
  Path Group:             (none)
  Path Type:              Max at Slow Process Corner
  Data Path Delay:        9.894ns  (logic 5.284ns (53.403%)  route 4.610ns (46.597%))
  Logic Levels:           3  (IBUF=1 LUT5=1 OBUF=1)

    Location             Delay type                Incr(ns)  Path(ns)    Netlist Resource(s)
  -------------------------------------------------------------------    -------------------
    U17                                               0.000     0.000 r  sel (IN)
                         net (fo=0)                   0.000     0.000    sel
    U17                  IBUF (Prop_ibuf_I_O)         1.452     1.452 r  sel_IBUF_inst/O
                         net (fo=5, routed)           2.948     4.400    U6/sel_IBUF
    SLICE_X65Y17         LUT5 (Prop_lut5_I2_O)        0.119     4.519 r  U6/seg_L_OBUF[5]_inst_i_1/O
                         net (fo=1, routed)           1.663     6.182    seg_L_OBUF[5]
    V5                   OBUF (Prop_obuf_I_O)         3.712     9.894 r  seg_L_OBUF[5]_inst/O
                         net (fo=0)                   0.000     9.894    seg_L[5]
    V5                                                                r  seg_L[5] (OUT)
  -------------------------------------------------------------------    -------------------

Slack:                    inf
  Source:                 sel
                            (input port)
  Destination:            seg_L[2]
                            (output port)
  Path Group:             (none)
  Path Type:              Max at Slow Process Corner
  Data Path Delay:        9.773ns  (logic 5.112ns (52.305%)  route 4.661ns (47.695%))
  Logic Levels:           3  (IBUF=1 LUT5=1 OBUF=1)

    Location             Delay type                Incr(ns)  Path(ns)    Netlist Resource(s)
  -------------------------------------------------------------------    -------------------
    U17                                               0.000     0.000 f  sel (IN)
                         net (fo=0)                   0.000     0.000    sel
    U17                  IBUF (Prop_ibuf_I_O)         1.452     1.452 f  sel_IBUF_inst/O
                         net (fo=5, routed)           2.948     4.400    U6/sel_IBUF
    SLICE_X65Y17         LUT5 (Prop_lut5_I2_O)        0.124     4.524 r  U6/seg_L_OBUF[2]_inst_i_1/O
                         net (fo=1, routed)           1.713     6.238    seg_L_OBUF[2]
    U8                   OBUF (Prop_obuf_I_O)         3.535     9.773 r  seg_L_OBUF[2]_inst/O
                         net (fo=0)                   0.000     9.773    seg_L[2]
    U8                                                                r  seg_L[2] (OUT)
  -------------------------------------------------------------------    -------------------

Slack:                    inf
  Source:                 sel
                            (input port)
  Destination:            seg_L[4]
                            (output port)
  Path Group:             (none)
  Path Type:              Max at Slow Process Corner
  Data Path Delay:        9.712ns  (logic 5.096ns (52.473%)  route 4.616ns (47.527%))
  Logic Levels:           3  (IBUF=1 LUT5=1 OBUF=1)

    Location             Delay type                Incr(ns)  Path(ns)    Netlist Resource(s)
  -------------------------------------------------------------------    -------------------
    U17                                               0.000     0.000 r  sel (IN)
                         net (fo=0)                   0.000     0.000    sel
    U17                  IBUF (Prop_ibuf_I_O)         1.452     1.452 r  sel_IBUF_inst/O
                         net (fo=5, routed)           2.944     4.396    U1/sel_IBUF
    SLICE_X65Y17         LUT5 (Prop_lut5_I2_O)        0.124     4.520 r  U1/seg_L_OBUF[4]_inst_i_1/O
                         net (fo=1, routed)           1.672     6.192    seg_L_OBUF[4]
    U5                   OBUF (Prop_obuf_I_O)         3.520     9.712 r  seg_L_OBUF[4]_inst/O
                         net (fo=0)                   0.000     9.712    seg_L[4]
    U5                                                                r  seg_L[4] (OUT)
  -------------------------------------------------------------------    -------------------

Slack:                    inf
  Source:                 U1/FSM_sequential_st_reg[1]/C
                            (rising edge-triggered cell FDRE)
  Destination:            dispense
                            (output port)
  Path Group:             (none)
  Path Type:              Max at Slow Process Corner
  Data Path Delay:        7.634ns  (logic 4.343ns (56.884%)  route 3.292ns (43.116%))
  Logic Levels:           3  (FDRE=1 LUT2=1 OBUF=1)

    Location             Delay type                Incr(ns)  Path(ns)    Netlist Resource(s)
  -------------------------------------------------------------------    -------------------
    SLICE_X0Y16          FDRE                         0.000     0.000 r  U1/FSM_sequential_st_reg[1]/C
    SLICE_X0Y16          FDRE (Prop_fdre_C_Q)         0.456     0.456 r  U1/FSM_sequential_st_reg[1]/Q
                         net (fo=10, routed)          0.854     1.310    U1/st__0[1]
    SLICE_X0Y16          LUT2 (Prop_lut2_I1_O)        0.154     1.464 r  U1/dispense_OBUF_inst_i_1/O
                         net (fo=1, routed)           2.438     3.902    dispense_OBUF
    E19                  OBUF (Prop_obuf_I_O)         3.733     7.634 r  dispense_OBUF_inst/O
                         net (fo=0)                   0.000     7.634    dispense
    E19                                                               r  dispense (OUT)
  -------------------------------------------------------------------    -------------------

Slack:                    inf
  Source:                 U1/FSM_sequential_st_reg[1]/C
                            (rising edge-triggered cell FDRE)
  Destination:            money_return
                            (output port)
  Path Group:             (none)
  Path Type:              Max at Slow Process Corner
  Data Path Delay:        6.798ns  (logic 4.081ns (60.029%)  route 2.717ns (39.971%))
  Logic Levels:           3  (FDRE=1 LUT2=1 OBUF=1)

    Location             Delay type                Incr(ns)  Path(ns)    Netlist Resource(s)
  -------------------------------------------------------------------    -------------------
    SLICE_X0Y16          FDRE                         0.000     0.000 r  U1/FSM_sequential_st_reg[1]/C
    SLICE_X0Y16          FDRE (Prop_fdre_C_Q)         0.456     0.456 r  U1/FSM_sequential_st_reg[1]/Q
                         net (fo=10, routed)          0.854     1.310    U1/st__0[1]
    SLICE_X0Y16          LUT2 (Prop_lut2_I0_O)        0.124     1.434 r  U1/money_return_OBUF_inst_i_1/O
                         net (fo=1, routed)           1.864     3.297    money_return_OBUF
    U19                  OBUF (Prop_obuf_I_O)         3.501     6.798 r  money_return_OBUF_inst/O
                         net (fo=0)                   0.000     6.798    money_return
    U19                                                               r  money_return (OUT)
  -------------------------------------------------------------------    -------------------

Slack:                    inf
  Source:                 U1/FSM_sequential_st_reg[1]/C
                            (rising edge-triggered cell FDRE)
  Destination:            insert_coin
                            (output port)
  Path Group:             (none)
  Path Type:              Max at Slow Process Corner
  Data Path Delay:        6.776ns  (logic 4.085ns (60.284%)  route 2.691ns (39.716%))
  Logic Levels:           3  (FDRE=1 LUT1=1 OBUF=1)

    Location             Delay type                Incr(ns)  Path(ns)    Netlist Resource(s)
  -------------------------------------------------------------------    -------------------
    SLICE_X0Y16          FDRE                         0.000     0.000 r  U1/FSM_sequential_st_reg[1]/C
    SLICE_X0Y16          FDRE (Prop_fdre_C_Q)         0.456     0.456 f  U1/FSM_sequential_st_reg[1]/Q
                         net (fo=10, routed)          0.762     1.218    U1/st__0[1]
    SLICE_X1Y12          LUT1 (Prop_lut1_I0_O)        0.124     1.342 r  U1/insert_coin_OBUF_inst_i_1/O
                         net (fo=1, routed)           1.929     3.271    insert_coin_OBUF
    U16                  OBUF (Prop_obuf_I_O)         3.505     6.776 r  insert_coin_OBUF_inst/O
                         net (fo=0)                   0.000     6.776    insert_coin
    U16                                                               r  insert_coin (OUT)
  -------------------------------------------------------------------    -------------------

Slack:                    inf
  Source:                 dollar
                            (input port)
  Destination:            U1/FSM_sequential_st_reg[1]/D
  Path Group:             (none)
  Path Type:              Max at Slow Process Corner
  Data Path Delay:        3.013ns  (logic 1.565ns (51.944%)  route 1.448ns (48.056%))
  Logic Levels:           2  (IBUF=1 LUT6=1)

    Location             Delay type                Incr(ns)  Path(ns)    Netlist Resource(s)
  -------------------------------------------------------------------    -------------------
    U18                                               0.000     0.000 r  dollar (IN)
                         net (fo=0)                   0.000     0.000    dollar
    U18                  IBUF (Prop_ibuf_I_O)         1.441     1.441 r  dollar_IBUF_inst/O
                         net (fo=2, routed)           1.448     2.889    U1/dollar_IBUF
    SLICE_X0Y16          LUT6 (Prop_lut6_I2_O)        0.124     3.013 r  U1/FSM_sequential_st[1]_i_1/O
                         net (fo=1, routed)           0.000     3.013    U1/FSM_sequential_st[1]_i_1_n_0
    SLICE_X0Y16          FDRE                                         r  U1/FSM_sequential_st_reg[1]/D
  -------------------------------------------------------------------    -------------------





Min Delay Paths
--------------------------------------------------------------------------------------
Slack:                    inf
  Source:                 U1/FSM_sequential_st_reg[1]/C
                            (rising edge-triggered cell FDRE)
  Destination:            U1/FSM_sequential_st_reg[0]/D
  Path Group:             (none)
  Path Type:              Min at Fast Process Corner
  Data Path Delay:        0.407ns  (logic 0.186ns (45.687%)  route 0.221ns (54.313%))
  Logic Levels:           2  (FDRE=1 LUT6=1)

    Location             Delay type                Incr(ns)  Path(ns)    Netlist Resource(s)
  -------------------------------------------------------------------    -------------------
    SLICE_X0Y16          FDRE                         0.000     0.000 r  U1/FSM_sequential_st_reg[1]/C
    SLICE_X0Y16          FDRE (Prop_fdre_C_Q)         0.141     0.141 f  U1/FSM_sequential_st_reg[1]/Q
                         net (fo=10, routed)          0.221     0.362    U1/st__0[1]
    SLICE_X0Y16          LUT6 (Prop_lut6_I4_O)        0.045     0.407 r  U1/FSM_sequential_st[0]_i_1/O
                         net (fo=1, routed)           0.000     0.407    U1/FSM_sequential_st[0]_i_1_n_0
    SLICE_X0Y16          FDRE                                         r  U1/FSM_sequential_st_reg[0]/D
  -------------------------------------------------------------------    -------------------

Slack:                    inf
  Source:                 U1/FSM_sequential_st_reg[1]/C
                            (rising edge-triggered cell FDRE)
  Destination:            U1/FSM_sequential_st_reg[1]/D
  Path Group:             (none)
  Path Type:              Min at Fast Process Corner
  Data Path Delay:        0.434ns  (logic 0.186ns (42.867%)  route 0.248ns (57.133%))
  Logic Levels:           2  (FDRE=1 LUT6=1)

    Location             Delay type                Incr(ns)  Path(ns)    Netlist Resource(s)
  -------------------------------------------------------------------    -------------------
    SLICE_X0Y16          FDRE                         0.000     0.000 r  U1/FSM_sequential_st_reg[1]/C
    SLICE_X0Y16          FDRE (Prop_fdre_C_Q)         0.141     0.141 f  U1/FSM_sequential_st_reg[1]/Q
                         net (fo=10, routed)          0.248     0.389    U1/st__0[1]
    SLICE_X0Y16          LUT6 (Prop_lut6_I4_O)        0.045     0.434 r  U1/FSM_sequential_st[1]_i_1/O
                         net (fo=1, routed)           0.000     0.434    U1/FSM_sequential_st[1]_i_1_n_0
    SLICE_X0Y16          FDRE                                         r  U1/FSM_sequential_st_reg[1]/D
  -------------------------------------------------------------------    -------------------

Slack:                    inf
  Source:                 U1/FSM_sequential_st_reg[0]/C
                            (rising edge-triggered cell FDRE)
  Destination:            money_return
                            (output port)
  Path Group:             (none)
  Path Type:              Min at Fast Process Corner
  Data Path Delay:        2.056ns  (logic 1.388ns (67.528%)  route 0.668ns (32.472%))
  Logic Levels:           3  (FDRE=1 LUT2=1 OBUF=1)

    Location             Delay type                Incr(ns)  Path(ns)    Netlist Resource(s)
  -------------------------------------------------------------------    -------------------
    SLICE_X0Y16          FDRE                         0.000     0.000 r  U1/FSM_sequential_st_reg[0]/C
    SLICE_X0Y16          FDRE (Prop_fdre_C_Q)         0.141     0.141 f  U1/FSM_sequential_st_reg[0]/Q
                         net (fo=8, routed)           0.259     0.400    U1/st__0[0]
    SLICE_X0Y16          LUT2 (Prop_lut2_I1_O)        0.045     0.445 r  U1/money_return_OBUF_inst_i_1/O
                         net (fo=1, routed)           0.409     0.854    money_return_OBUF
    U19                  OBUF (Prop_obuf_I_O)         1.202     2.056 r  money_return_OBUF_inst/O
                         net (fo=0)                   0.000     2.056    money_return
    U19                                                               r  money_return (OUT)
  -------------------------------------------------------------------    -------------------

Slack:                    inf
  Source:                 U1/FSM_sequential_st_reg[1]/C
                            (rising edge-triggered cell FDRE)
  Destination:            insert_coin
                            (output port)
  Path Group:             (none)
  Path Type:              Min at Fast Process Corner
  Data Path Delay:        2.125ns  (logic 1.392ns (65.500%)  route 0.733ns (34.500%))
  Logic Levels:           3  (FDRE=1 LUT1=1 OBUF=1)

    Location             Delay type                Incr(ns)  Path(ns)    Netlist Resource(s)
  -------------------------------------------------------------------    -------------------
    SLICE_X0Y16          FDRE                         0.000     0.000 r  U1/FSM_sequential_st_reg[1]/C
    SLICE_X0Y16          FDRE (Prop_fdre_C_Q)         0.141     0.141 f  U1/FSM_sequential_st_reg[1]/Q
                         net (fo=10, routed)          0.296     0.437    U1/st__0[1]
    SLICE_X1Y12          LUT1 (Prop_lut1_I0_O)        0.045     0.482 r  U1/insert_coin_OBUF_inst_i_1/O
                         net (fo=1, routed)           0.437     0.919    insert_coin_OBUF
    U16                  OBUF (Prop_obuf_I_O)         1.206     2.125 r  insert_coin_OBUF_inst/O
                         net (fo=0)                   0.000     2.125    insert_coin
    U16                                                               r  insert_coin (OUT)
  -------------------------------------------------------------------    -------------------

Slack:                    inf
  Source:                 U1/FSM_sequential_st_reg[0]/C
                            (rising edge-triggered cell FDRE)
  Destination:            dispense
                            (output port)
  Path Group:             (none)
  Path Type:              Min at Fast Process Corner
  Data Path Delay:        2.379ns  (logic 1.479ns (62.141%)  route 0.901ns (37.859%))
  Logic Levels:           3  (FDRE=1 LUT2=1 OBUF=1)

    Location             Delay type                Incr(ns)  Path(ns)    Netlist Resource(s)
  -------------------------------------------------------------------    -------------------
    SLICE_X0Y16          FDRE                         0.000     0.000 r  U1/FSM_sequential_st_reg[0]/C
    SLICE_X0Y16          FDRE (Prop_fdre_C_Q)         0.141     0.141 r  U1/FSM_sequential_st_reg[0]/Q
                         net (fo=8, routed)           0.259     0.400    U1/st__0[0]
    SLICE_X0Y16          LUT2 (Prop_lut2_I0_O)        0.042     0.442 r  U1/dispense_OBUF_inst_i_1/O
                         net (fo=1, routed)           0.642     1.084    dispense_OBUF
    E19                  OBUF (Prop_obuf_I_O)         1.296     2.379 r  dispense_OBUF_inst/O
                         net (fo=0)                   0.000     2.379    dispense
    E19                                                               r  dispense (OUT)
  -------------------------------------------------------------------    -------------------

Slack:                    inf
  Source:                 U1/FSM_sequential_st_reg[0]/C
                            (rising edge-triggered cell FDRE)
  Destination:            seg_L[4]
                            (output port)
  Path Group:             (none)
  Path Type:              Min at Fast Process Corner
  Data Path Delay:        2.960ns  (logic 1.407ns (47.524%)  route 1.554ns (52.476%))
  Logic Levels:           3  (FDRE=1 LUT5=1 OBUF=1)

    Location             Delay type                Incr(ns)  Path(ns)    Netlist Resource(s)
  -------------------------------------------------------------------    -------------------
    SLICE_X0Y16          FDRE                         0.000     0.000 r  U1/FSM_sequential_st_reg[0]/C
    SLICE_X0Y16          FDRE (Prop_fdre_C_Q)         0.141     0.141 r  U1/FSM_sequential_st_reg[0]/Q
                         net (fo=8, routed)           1.226     1.367    U1/st__0[0]
    SLICE_X65Y17         LUT5 (Prop_lut5_I0_O)        0.045     1.412 r  U1/seg_L_OBUF[4]_inst_i_1/O
                         net (fo=1, routed)           0.327     1.740    seg_L_OBUF[4]
    U5                   OBUF (Prop_obuf_I_O)         1.221     2.960 r  seg_L_OBUF[4]_inst/O
                         net (fo=0)                   0.000     2.960    seg_L[4]
    U5                                                                r  seg_L[4] (OUT)
  -------------------------------------------------------------------    -------------------

Slack:                    inf
  Source:                 U1/FSM_sequential_st_reg[0]/C
                            (rising edge-triggered cell FDRE)
  Destination:            seg_L[2]
                            (output port)
  Path Group:             (none)
  Path Type:              Min at Fast Process Corner
  Data Path Delay:        3.006ns  (logic 1.422ns (47.309%)  route 1.584ns (52.691%))
  Logic Levels:           3  (FDRE=1 LUT5=1 OBUF=1)

    Location             Delay type                Incr(ns)  Path(ns)    Netlist Resource(s)
  -------------------------------------------------------------------    -------------------
    SLICE_X0Y16          FDRE                         0.000     0.000 r  U1/FSM_sequential_st_reg[0]/C
    SLICE_X0Y16          FDRE (Prop_fdre_C_Q)         0.141     0.141 r  U1/FSM_sequential_st_reg[0]/Q
                         net (fo=8, routed)           1.226     1.367    U6/st__0[0]
    SLICE_X65Y17         LUT5 (Prop_lut5_I4_O)        0.045     1.412 r  U6/seg_L_OBUF[2]_inst_i_1/O
                         net (fo=1, routed)           0.357     1.770    seg_L_OBUF[2]
    U8                   OBUF (Prop_obuf_I_O)         1.236     3.006 r  seg_L_OBUF[2]_inst/O
                         net (fo=0)                   0.000     3.006    seg_L[2]
    U8                                                                r  seg_L[2] (OUT)
  -------------------------------------------------------------------    -------------------

Slack:                    inf
  Source:                 U1/FSM_sequential_st_reg[0]/C
                            (rising edge-triggered cell FDRE)
  Destination:            seg_L[5]
                            (output port)
  Path Group:             (none)
  Path Type:              Min at Fast Process Corner
  Data Path Delay:        3.015ns  (logic 1.459ns (48.382%)  route 1.556ns (51.618%))
  Logic Levels:           3  (FDRE=1 LUT5=1 OBUF=1)

    Location             Delay type                Incr(ns)  Path(ns)    Netlist Resource(s)
  -------------------------------------------------------------------    -------------------
    SLICE_X0Y16          FDRE                         0.000     0.000 r  U1/FSM_sequential_st_reg[0]/C
    SLICE_X0Y16          FDRE (Prop_fdre_C_Q)         0.141     0.141 r  U1/FSM_sequential_st_reg[0]/Q
                         net (fo=8, routed)           1.226     1.367    U6/st__0[0]
    SLICE_X65Y17         LUT5 (Prop_lut5_I4_O)        0.045     1.412 r  U6/seg_L_OBUF[5]_inst_i_1/O
                         net (fo=1, routed)           0.330     1.742    seg_L_OBUF[5]
    V5                   OBUF (Prop_obuf_I_O)         1.273     3.015 r  seg_L_OBUF[5]_inst/O
                         net (fo=0)                   0.000     3.015    seg_L[5]
    V5                                                                r  seg_L[5] (OUT)
  -------------------------------------------------------------------    -------------------

Slack:                    inf
  Source:                 U1/FSM_sequential_st_reg[1]/C
                            (rising edge-triggered cell FDRE)
  Destination:            seg_L[6]
                            (output port)
  Path Group:             (none)
  Path Type:              Min at Fast Process Corner
  Data Path Delay:        3.077ns  (logic 1.418ns (46.097%)  route 1.659ns (53.903%))
  Logic Levels:           3  (FDRE=1 LUT4=1 OBUF=1)

    Location             Delay type                Incr(ns)  Path(ns)    Netlist Resource(s)
  -------------------------------------------------------------------    -------------------
    SLICE_X0Y16          FDRE                         0.000     0.000 r  U1/FSM_sequential_st_reg[1]/C
    SLICE_X0Y16          FDRE (Prop_fdre_C_Q)         0.141     0.141 f  U1/FSM_sequential_st_reg[1]/Q
                         net (fo=10, routed)          1.240     1.381    U6/st__0[1]
    SLICE_X65Y17         LUT4 (Prop_lut4_I2_O)        0.045     1.426 r  U6/seg_L_OBUF[6]_inst_i_1/O
                         net (fo=1, routed)           0.418     1.845    seg_L_OBUF[6]
    U7                   OBUF (Prop_obuf_I_O)         1.232     3.077 r  seg_L_OBUF[6]_inst/O
                         net (fo=0)                   0.000     3.077    seg_L[6]
    U7                                                                r  seg_L[6] (OUT)
  -------------------------------------------------------------------    -------------------

Slack:                    inf
  Source:                 U1/FSM_sequential_st_reg[0]/C
                            (rising edge-triggered cell FDRE)
  Destination:            seg_L[3]
                            (output port)
  Path Group:             (none)
  Path Type:              Min at Fast Process Corner
  Data Path Delay:        3.087ns  (logic 1.485ns (48.112%)  route 1.602ns (51.888%))
  Logic Levels:           3  (FDRE=1 LUT5=1 OBUF=1)

    Location             Delay type                Incr(ns)  Path(ns)    Netlist Resource(s)
  -------------------------------------------------------------------    -------------------
    SLICE_X0Y16          FDRE                         0.000     0.000 r  U1/FSM_sequential_st_reg[0]/C
    SLICE_X0Y16          FDRE (Prop_fdre_C_Q)         0.141     0.141 r  U1/FSM_sequential_st_reg[0]/Q
                         net (fo=8, routed)           1.226     1.367    U1/st__0[0]
    SLICE_X65Y17         LUT5 (Prop_lut5_I0_O)        0.046     1.413 r  U1/seg_L_OBUF[3]_inst_i_1/O
                         net (fo=2, routed)           0.376     1.789    seg_L_OBUF[0]
    V8                   OBUF (Prop_obuf_I_O)         1.298     3.087 r  seg_L_OBUF[3]_inst/O
                         net (fo=0)                   0.000     3.087    seg_L[3]
    V8                                                                r  seg_L[3] (OUT)
  -------------------------------------------------------------------    -------------------





--------------------------------------------------------------------------------------
Path Group:  (none)
From Clock:  sys_clk_pin
  To Clock:  

Max Delay             9 Endpoints
Min Delay             9 Endpoints
--------------------------------------------------------------------------------------


Max Delay Paths
--------------------------------------------------------------------------------------
Slack:                    inf
  Source:                 U6/count_reg[18]/C
                            (rising edge-triggered cell FDRE clocked by sys_clk_pin  {rise@0.000ns fall@5.000ns period=10.000ns})
  Destination:            anode_L[0]
                            (output port)
  Path Group:             (none)
  Path Type:              Max at Slow Process Corner
  Data Path Delay:        9.618ns  (logic 4.316ns (44.873%)  route 5.302ns (55.127%))
  Logic Levels:           2  (LUT2=1 OBUF=1)
  Clock Uncertainty:      0.025ns  ((TSJ^2 + TIJ^2)^1/2 + DJ) / 2 + PE
    Total System Jitter     (TSJ):    0.050ns
    Total Input Jitter      (TIJ):    0.000ns
    Discrete Jitter          (DJ):    0.000ns
    Phase Error              (PE):    0.000ns

    Location             Delay type                Incr(ns)  Path(ns)    Netlist Resource(s)
  -------------------------------------------------------------------    -------------------
                         (clock sys_clk_pin rise edge)
                                                      0.000     0.000 r  
    W5                                                0.000     0.000 r  clk (IN)
                         net (fo=0)                   0.000     0.000    clk
    W5                   IBUF (Prop_ibuf_I_O)         1.458     1.458 r  clk_IBUF_inst/O
                         net (fo=1, routed)           1.967     3.425    clk_IBUF
    BUFGCTRL_X0Y0        BUFG (Prop_bufg_I_O)         0.096     3.521 r  clk_IBUF_BUFG_inst/O
                         net (fo=48, routed)          1.624     5.145    U6/clk_IBUF_BUFG
    SLICE_X0Y21          FDRE                                         r  U6/count_reg[18]/C
  -------------------------------------------------------------------    -------------------
    SLICE_X0Y21          FDRE (Prop_fdre_C_Q)         0.456     5.601 r  U6/count_reg[18]/Q
                         net (fo=8, routed)           3.116     8.718    U6/seg7_clk[0]
    SLICE_X65Y17         LUT2 (Prop_lut2_I0_O)        0.154     8.872 r  U6/anode_L_OBUF[0]_inst_i_1/O
                         net (fo=1, routed)           2.186    11.057    anode_L_OBUF[0]
    U2                   OBUF (Prop_obuf_I_O)         3.706    14.763 r  anode_L_OBUF[0]_inst/O
                         net (fo=0)                   0.000    14.763    anode_L[0]
    U2                                                                r  anode_L[0] (OUT)
  -------------------------------------------------------------------    -------------------

Slack:                    inf
  Source:                 U6/count_reg[18]/C
                            (rising edge-triggered cell FDRE clocked by sys_clk_pin  {rise@0.000ns fall@5.000ns period=10.000ns})
  Destination:            seg_L[0]
                            (output port)
  Path Group:             (none)
  Path Type:              Max at Slow Process Corner
  Data Path Delay:        9.313ns  (logic 4.321ns (46.392%)  route 4.993ns (53.608%))
  Logic Levels:           2  (LUT5=1 OBUF=1)
  Clock Uncertainty:      0.025ns  ((TSJ^2 + TIJ^2)^1/2 + DJ) / 2 + PE
    Total System Jitter     (TSJ):    0.050ns
    Total Input Jitter      (TIJ):    0.000ns
    Discrete Jitter          (DJ):    0.000ns
    Phase Error              (PE):    0.000ns

    Location             Delay type                Incr(ns)  Path(ns)    Netlist Resource(s)
  -------------------------------------------------------------------    -------------------
                         (clock sys_clk_pin rise edge)
                                                      0.000     0.000 r  
    W5                                                0.000     0.000 r  clk (IN)
                         net (fo=0)                   0.000     0.000    clk
    W5                   IBUF (Prop_ibuf_I_O)         1.458     1.458 r  clk_IBUF_inst/O
                         net (fo=1, routed)           1.967     3.425    clk_IBUF
    BUFGCTRL_X0Y0        BUFG (Prop_bufg_I_O)         0.096     3.521 r  clk_IBUF_BUFG_inst/O
                         net (fo=48, routed)          1.624     5.145    U6/clk_IBUF_BUFG
    SLICE_X0Y21          FDRE                                         r  U6/count_reg[18]/C
  -------------------------------------------------------------------    -------------------
    SLICE_X0Y21          FDRE (Prop_fdre_C_Q)         0.456     5.601 f  U6/count_reg[18]/Q
                         net (fo=8, routed)           3.116     8.718    U1/seg7_clk[0]
    SLICE_X65Y17         LUT5 (Prop_lut5_I1_O)        0.152     8.870 r  U1/seg_L_OBUF[3]_inst_i_1/O
                         net (fo=2, routed)           1.876    10.746    seg_L_OBUF[0]
    W7                   OBUF (Prop_obuf_I_O)         3.713    14.459 r  seg_L_OBUF[0]_inst/O
                         net (fo=0)                   0.000    14.459    seg_L[0]
    W7                                                                r  seg_L[0] (OUT)
  -------------------------------------------------------------------    -------------------

Slack:                    inf
  Source:                 U6/count_reg[18]/C
                            (rising edge-triggered cell FDRE clocked by sys_clk_pin  {rise@0.000ns fall@5.000ns period=10.000ns})
  Destination:            seg_L[3]
                            (output port)
  Path Group:             (none)
  Path Type:              Max at Slow Process Corner
  Data Path Delay:        9.196ns  (logic 4.346ns (47.257%)  route 4.850ns (52.743%))
  Logic Levels:           2  (LUT5=1 OBUF=1)
  Clock Uncertainty:      0.025ns  ((TSJ^2 + TIJ^2)^1/2 + DJ) / 2 + PE
    Total System Jitter     (TSJ):    0.050ns
    Total Input Jitter      (TIJ):    0.000ns
    Discrete Jitter          (DJ):    0.000ns
    Phase Error              (PE):    0.000ns

    Location             Delay type                Incr(ns)  Path(ns)    Netlist Resource(s)
  -------------------------------------------------------------------    -------------------
                         (clock sys_clk_pin rise edge)
                                                      0.000     0.000 r  
    W5                                                0.000     0.000 r  clk (IN)
                         net (fo=0)                   0.000     0.000    clk
    W5                   IBUF (Prop_ibuf_I_O)         1.458     1.458 r  clk_IBUF_inst/O
                         net (fo=1, routed)           1.967     3.425    clk_IBUF
    BUFGCTRL_X0Y0        BUFG (Prop_bufg_I_O)         0.096     3.521 r  clk_IBUF_BUFG_inst/O
                         net (fo=48, routed)          1.624     5.145    U6/clk_IBUF_BUFG
    SLICE_X0Y21          FDRE                                         r  U6/count_reg[18]/C
  -------------------------------------------------------------------    -------------------
    SLICE_X0Y21          FDRE (Prop_fdre_C_Q)         0.456     5.601 f  U6/count_reg[18]/Q
                         net (fo=8, routed)           3.116     8.718    U1/seg7_clk[0]
    SLICE_X65Y17         LUT5 (Prop_lut5_I1_O)        0.152     8.870 r  U1/seg_L_OBUF[3]_inst_i_1/O
                         net (fo=2, routed)           1.734    10.603    seg_L_OBUF[0]
    V8                   OBUF (Prop_obuf_I_O)         3.738    14.341 r  seg_L_OBUF[3]_inst/O
                         net (fo=0)                   0.000    14.341    seg_L[3]
    V8                                                                r  seg_L[3] (OUT)
  -------------------------------------------------------------------    -------------------

Slack:                    inf
  Source:                 U6/count_reg[18]/C
                            (rising edge-triggered cell FDRE clocked by sys_clk_pin  {rise@0.000ns fall@5.000ns period=10.000ns})
  Destination:            seg_L[6]
                            (output port)
  Path Group:             (none)
  Path Type:              Max at Slow Process Corner
  Data Path Delay:        9.133ns  (logic 4.111ns (45.017%)  route 5.022ns (54.983%))
  Logic Levels:           2  (LUT4=1 OBUF=1)
  Clock Uncertainty:      0.025ns  ((TSJ^2 + TIJ^2)^1/2 + DJ) / 2 + PE
    Total System Jitter     (TSJ):    0.050ns
    Total Input Jitter      (TIJ):    0.000ns
    Discrete Jitter          (DJ):    0.000ns
    Phase Error              (PE):    0.000ns

    Location             Delay type                Incr(ns)  Path(ns)    Netlist Resource(s)
  -------------------------------------------------------------------    -------------------
                         (clock sys_clk_pin rise edge)
                                                      0.000     0.000 r  
    W5                                                0.000     0.000 r  clk (IN)
                         net (fo=0)                   0.000     0.000    clk
    W5                   IBUF (Prop_ibuf_I_O)         1.458     1.458 r  clk_IBUF_inst/O
                         net (fo=1, routed)           1.967     3.425    clk_IBUF
    BUFGCTRL_X0Y0        BUFG (Prop_bufg_I_O)         0.096     3.521 r  clk_IBUF_BUFG_inst/O
                         net (fo=48, routed)          1.624     5.145    U6/clk_IBUF_BUFG
    SLICE_X0Y21          FDRE                                         r  U6/count_reg[18]/C
  -------------------------------------------------------------------    -------------------
    SLICE_X0Y21          FDRE (Prop_fdre_C_Q)         0.456     5.601 r  U6/count_reg[18]/Q
                         net (fo=8, routed)           3.116     8.718    U6/seg7_clk[0]
    SLICE_X65Y17         LUT4 (Prop_lut4_I0_O)        0.124     8.842 r  U6/seg_L_OBUF[6]_inst_i_1/O
                         net (fo=1, routed)           1.905    10.747    seg_L_OBUF[6]
    U7                   OBUF (Prop_obuf_I_O)         3.531    14.278 r  seg_L_OBUF[6]_inst/O
                         net (fo=0)                   0.000    14.278    seg_L[6]
    U7                                                                r  seg_L[6] (OUT)
  -------------------------------------------------------------------    -------------------

Slack:                    inf
  Source:                 U6/count_reg[18]/C
                            (rising edge-triggered cell FDRE clocked by sys_clk_pin  {rise@0.000ns fall@5.000ns period=10.000ns})
  Destination:            seg_L[5]
                            (output port)
  Path Group:             (none)
  Path Type:              Max at Slow Process Corner
  Data Path Delay:        9.099ns  (logic 4.320ns (47.484%)  route 4.778ns (52.516%))
  Logic Levels:           2  (LUT5=1 OBUF=1)
  Clock Uncertainty:      0.025ns  ((TSJ^2 + TIJ^2)^1/2 + DJ) / 2 + PE
    Total System Jitter     (TSJ):    0.050ns
    Total Input Jitter      (TIJ):    0.000ns
    Discrete Jitter          (DJ):    0.000ns
    Phase Error              (PE):    0.000ns

    Location             Delay type                Incr(ns)  Path(ns)    Netlist Resource(s)
  -------------------------------------------------------------------    -------------------
                         (clock sys_clk_pin rise edge)
                                                      0.000     0.000 r  
    W5                                                0.000     0.000 r  clk (IN)
                         net (fo=0)                   0.000     0.000    clk
    W5                   IBUF (Prop_ibuf_I_O)         1.458     1.458 r  clk_IBUF_inst/O
                         net (fo=1, routed)           1.967     3.425    clk_IBUF
    BUFGCTRL_X0Y0        BUFG (Prop_bufg_I_O)         0.096     3.521 r  clk_IBUF_BUFG_inst/O
                         net (fo=48, routed)          1.624     5.145    U6/clk_IBUF_BUFG
    SLICE_X0Y21          FDRE                                         r  U6/count_reg[18]/C
  -------------------------------------------------------------------    -------------------
    SLICE_X0Y21          FDRE (Prop_fdre_C_Q)         0.456     5.601 f  U6/count_reg[18]/Q
                         net (fo=8, routed)           3.115     8.717    U6/seg7_clk[0]
    SLICE_X65Y17         LUT5 (Prop_lut5_I0_O)        0.152     8.869 r  U6/seg_L_OBUF[5]_inst_i_1/O
                         net (fo=1, routed)           1.663    10.531    seg_L_OBUF[5]
    V5                   OBUF (Prop_obuf_I_O)         3.712    14.244 r  seg_L_OBUF[5]_inst/O
                         net (fo=0)                   0.000    14.244    seg_L[5]
    V5                                                                r  seg_L[5] (OUT)
  -------------------------------------------------------------------    -------------------

Slack:                    inf
  Source:                 U6/count_reg[18]/C
                            (rising edge-triggered cell FDRE clocked by sys_clk_pin  {rise@0.000ns fall@5.000ns period=10.000ns})
  Destination:            seg_L[2]
                            (output port)
  Path Group:             (none)
  Path Type:              Max at Slow Process Corner
  Data Path Delay:        8.944ns  (logic 4.115ns (46.010%)  route 4.829ns (53.990%))
  Logic Levels:           2  (LUT5=1 OBUF=1)
  Clock Uncertainty:      0.025ns  ((TSJ^2 + TIJ^2)^1/2 + DJ) / 2 + PE
    Total System Jitter     (TSJ):    0.050ns
    Total Input Jitter      (TIJ):    0.000ns
    Discrete Jitter          (DJ):    0.000ns
    Phase Error              (PE):    0.000ns

    Location             Delay type                Incr(ns)  Path(ns)    Netlist Resource(s)
  -------------------------------------------------------------------    -------------------
                         (clock sys_clk_pin rise edge)
                                                      0.000     0.000 r  
    W5                                                0.000     0.000 r  clk (IN)
                         net (fo=0)                   0.000     0.000    clk
    W5                   IBUF (Prop_ibuf_I_O)         1.458     1.458 r  clk_IBUF_inst/O
                         net (fo=1, routed)           1.967     3.425    clk_IBUF
    BUFGCTRL_X0Y0        BUFG (Prop_bufg_I_O)         0.096     3.521 r  clk_IBUF_BUFG_inst/O
                         net (fo=48, routed)          1.624     5.145    U6/clk_IBUF_BUFG
    SLICE_X0Y21          FDRE                                         r  U6/count_reg[18]/C
  -------------------------------------------------------------------    -------------------
    SLICE_X0Y21          FDRE (Prop_fdre_C_Q)         0.456     5.601 f  U6/count_reg[18]/Q
                         net (fo=8, routed)           3.115     8.717    U6/seg7_clk[0]
    SLICE_X65Y17         LUT5 (Prop_lut5_I0_O)        0.124     8.841 r  U6/seg_L_OBUF[2]_inst_i_1/O
                         net (fo=1, routed)           1.713    10.554    seg_L_OBUF[2]
    U8                   OBUF (Prop_obuf_I_O)         3.535    14.089 r  seg_L_OBUF[2]_inst/O
                         net (fo=0)                   0.000    14.089    seg_L[2]
    U8                                                                r  seg_L[2] (OUT)
  -------------------------------------------------------------------    -------------------

Slack:                    inf
  Source:                 U6/count_reg[18]/C
                            (rising edge-triggered cell FDRE clocked by sys_clk_pin  {rise@0.000ns fall@5.000ns period=10.000ns})
  Destination:            seg_L[4]
                            (output port)
  Path Group:             (none)
  Path Type:              Max at Slow Process Corner
  Data Path Delay:        8.888ns  (logic 4.100ns (46.126%)  route 4.789ns (53.874%))
  Logic Levels:           2  (LUT5=1 OBUF=1)
  Clock Uncertainty:      0.025ns  ((TSJ^2 + TIJ^2)^1/2 + DJ) / 2 + PE
    Total System Jitter     (TSJ):    0.050ns
    Total Input Jitter      (TIJ):    0.000ns
    Discrete Jitter          (DJ):    0.000ns
    Phase Error              (PE):    0.000ns

    Location             Delay type                Incr(ns)  Path(ns)    Netlist Resource(s)
  -------------------------------------------------------------------    -------------------
                         (clock sys_clk_pin rise edge)
                                                      0.000     0.000 r  
    W5                                                0.000     0.000 r  clk (IN)
                         net (fo=0)                   0.000     0.000    clk
    W5                   IBUF (Prop_ibuf_I_O)         1.458     1.458 r  clk_IBUF_inst/O
                         net (fo=1, routed)           1.967     3.425    clk_IBUF
    BUFGCTRL_X0Y0        BUFG (Prop_bufg_I_O)         0.096     3.521 r  clk_IBUF_BUFG_inst/O
                         net (fo=48, routed)          1.624     5.145    U6/clk_IBUF_BUFG
    SLICE_X0Y21          FDRE                                         r  U6/count_reg[18]/C
  -------------------------------------------------------------------    -------------------
    SLICE_X0Y21          FDRE (Prop_fdre_C_Q)         0.456     5.601 f  U6/count_reg[18]/Q
                         net (fo=8, routed)           3.116     8.718    U1/seg7_clk[0]
    SLICE_X65Y17         LUT5 (Prop_lut5_I4_O)        0.124     8.842 r  U1/seg_L_OBUF[4]_inst_i_1/O
                         net (fo=1, routed)           1.672    10.514    seg_L_OBUF[4]
    U5                   OBUF (Prop_obuf_I_O)         3.520    14.034 r  seg_L_OBUF[4]_inst/O
                         net (fo=0)                   0.000    14.034    seg_L[4]
    U5                                                                r  seg_L[4] (OUT)
  -------------------------------------------------------------------    -------------------

Slack:                    inf
  Source:                 U6/count_reg[19]/C
                            (rising edge-triggered cell FDRE clocked by sys_clk_pin  {rise@0.000ns fall@5.000ns period=10.000ns})
  Destination:            anode_L[1]
                            (output port)
  Path Group:             (none)
  Path Type:              Max at Slow Process Corner
  Data Path Delay:        8.361ns  (logic 4.079ns (48.788%)  route 4.282ns (51.212%))
  Logic Levels:           2  (LUT2=1 OBUF=1)
  Clock Uncertainty:      0.025ns  ((TSJ^2 + TIJ^2)^1/2 + DJ) / 2 + PE
    Total System Jitter     (TSJ):    0.050ns
    Total Input Jitter      (TIJ):    0.000ns
    Discrete Jitter          (DJ):    0.000ns
    Phase Error              (PE):    0.000ns

    Location             Delay type                Incr(ns)  Path(ns)    Netlist Resource(s)
  -------------------------------------------------------------------    -------------------
                         (clock sys_clk_pin rise edge)
                                                      0.000     0.000 r  
    W5                                                0.000     0.000 r  clk (IN)
                         net (fo=0)                   0.000     0.000    clk
    W5                   IBUF (Prop_ibuf_I_O)         1.458     1.458 r  clk_IBUF_inst/O
                         net (fo=1, routed)           1.967     3.425    clk_IBUF
    BUFGCTRL_X0Y0        BUFG (Prop_bufg_I_O)         0.096     3.521 r  clk_IBUF_BUFG_inst/O
                         net (fo=48, routed)          1.624     5.145    U6/clk_IBUF_BUFG
    SLICE_X0Y21          FDRE                                         r  U6/count_reg[19]/C
  -------------------------------------------------------------------    -------------------
    SLICE_X0Y21          FDRE (Prop_fdre_C_Q)         0.456     5.601 r  U6/count_reg[19]/Q
                         net (fo=8, routed)           2.335     7.936    U6/seg7_clk[1]
    SLICE_X63Y21         LUT2 (Prop_lut2_I0_O)        0.124     8.060 r  U6/anode_L_OBUF[1]_inst_i_1/O
                         net (fo=1, routed)           1.947    10.007    anode_L_OBUF[1]
    U4                   OBUF (Prop_obuf_I_O)         3.499    13.506 r  anode_L_OBUF[1]_inst/O
                         net (fo=0)                   0.000    13.506    anode_L[1]
    U4                                                                r  anode_L[1] (OUT)
  -------------------------------------------------------------------    -------------------

Slack:                    inf
  Source:                 U5/counter_reg[27]/C
                            (rising edge-triggered cell FDRE clocked by sys_clk_pin  {rise@0.000ns fall@5.000ns period=10.000ns})
  Destination:            sClk
                            (output port)
  Path Group:             (none)
  Path Type:              Max at Slow Process Corner
  Data Path Delay:        6.223ns  (logic 3.957ns (63.584%)  route 2.266ns (36.416%))
  Logic Levels:           1  (OBUF=1)
  Clock Uncertainty:      0.025ns  ((TSJ^2 + TIJ^2)^1/2 + DJ) / 2 + PE
    Total System Jitter     (TSJ):    0.050ns
    Total Input Jitter      (TIJ):    0.000ns
    Discrete Jitter          (DJ):    0.000ns
    Phase Error              (PE):    0.000ns

    Location             Delay type                Incr(ns)  Path(ns)    Netlist Resource(s)
  -------------------------------------------------------------------    -------------------
                         (clock sys_clk_pin rise edge)
                                                      0.000     0.000 r  
    W5                                                0.000     0.000 r  clk (IN)
                         net (fo=0)                   0.000     0.000    clk
    W5                   IBUF (Prop_ibuf_I_O)         1.458     1.458 r  clk_IBUF_inst/O
                         net (fo=1, routed)           1.967     3.425    clk_IBUF
    BUFGCTRL_X0Y0        BUFG (Prop_bufg_I_O)         0.096     3.521 r  clk_IBUF_BUFG_inst/O
                         net (fo=48, routed)          1.633     5.154    U5/clk_IBUF_BUFG
    SLICE_X0Y13          FDRE                                         r  U5/counter_reg[27]/C
  -------------------------------------------------------------------    -------------------
    SLICE_X0Y13          FDRE (Prop_fdre_C_Q)         0.456     5.610 r  U5/counter_reg[27]/Q
                         net (fo=4, routed)           2.266     7.876    sClk_OBUF
    V14                  OBUF (Prop_obuf_I_O)         3.501    11.377 r  sClk_OBUF_inst/O
                         net (fo=0)                   0.000    11.377    sClk
    V14                                                               r  sClk (OUT)
  -------------------------------------------------------------------    -------------------





Min Delay Paths
--------------------------------------------------------------------------------------
Slack:                    inf
  Source:                 U5/counter_reg[27]/C
                            (rising edge-triggered cell FDRE clocked by sys_clk_pin  {rise@0.000ns fall@5.000ns period=10.000ns})
  Destination:            sClk
                            (output port)
  Path Group:             (none)
  Path Type:              Min at Fast Process Corner
  Data Path Delay:        1.930ns  (logic 1.343ns (69.579%)  route 0.587ns (30.421%))
  Logic Levels:           1  (OBUF=1)
  Clock Uncertainty:      0.025ns  ((TSJ^2 + TIJ^2)^1/2 + DJ) / 2 + PE
    Total System Jitter     (TSJ):    0.050ns
    Total Input Jitter      (TIJ):    0.000ns
    Discrete Jitter          (DJ):    0.000ns
    Phase Error              (PE):    0.000ns

    Location             Delay type                Incr(ns)  Path(ns)    Netlist Resource(s)
  -------------------------------------------------------------------    -------------------
                         (clock sys_clk_pin rise edge)
                                                      0.000     0.000 r  
    W5                                                0.000     0.000 r  clk (IN)
                         net (fo=0)                   0.000     0.000    clk
    W5                   IBUF (Prop_ibuf_I_O)         0.226     0.226 r  clk_IBUF_inst/O
                         net (fo=1, routed)           0.631     0.858    clk_IBUF
    BUFGCTRL_X0Y0        BUFG (Prop_bufg_I_O)         0.026     0.884 r  clk_IBUF_BUFG_inst/O
                         net (fo=48, routed)          0.591     1.474    U5/clk_IBUF_BUFG
    SLICE_X0Y13          FDRE                                         r  U5/counter_reg[27]/C
  -------------------------------------------------------------------    -------------------
    SLICE_X0Y13          FDRE (Prop_fdre_C_Q)         0.141     1.615 r  U5/counter_reg[27]/Q
                         net (fo=4, routed)           0.587     2.202    sClk_OBUF
    V14                  OBUF (Prop_obuf_I_O)         1.202     3.404 r  sClk_OBUF_inst/O
                         net (fo=0)                   0.000     3.404    sClk
    V14                                                               r  sClk (OUT)
  -------------------------------------------------------------------    -------------------

Slack:                    inf
  Source:                 U6/count_reg[18]/C
                            (rising edge-triggered cell FDRE clocked by sys_clk_pin  {rise@0.000ns fall@5.000ns period=10.000ns})
  Destination:            anode_L[1]
                            (output port)
  Path Group:             (none)
  Path Type:              Min at Fast Process Corner
  Data Path Delay:        2.938ns  (logic 1.386ns (47.184%)  route 1.552ns (52.816%))
  Logic Levels:           2  (LUT2=1 OBUF=1)
  Clock Uncertainty:      0.025ns  ((TSJ^2 + TIJ^2)^1/2 + DJ) / 2 + PE
    Total System Jitter     (TSJ):    0.050ns
    Total Input Jitter      (TIJ):    0.000ns
    Discrete Jitter          (DJ):    0.000ns
    Phase Error              (PE):    0.000ns

    Location             Delay type                Incr(ns)  Path(ns)    Netlist Resource(s)
  -------------------------------------------------------------------    -------------------
                         (clock sys_clk_pin rise edge)
                                                      0.000     0.000 r  
    W5                                                0.000     0.000 r  clk (IN)
                         net (fo=0)                   0.000     0.000    clk
    W5                   IBUF (Prop_ibuf_I_O)         0.226     0.226 r  clk_IBUF_inst/O
                         net (fo=1, routed)           0.631     0.858    clk_IBUF
    BUFGCTRL_X0Y0        BUFG (Prop_bufg_I_O)         0.026     0.884 r  clk_IBUF_BUFG_inst/O
                         net (fo=48, routed)          0.585     1.468    U6/clk_IBUF_BUFG
    SLICE_X0Y21          FDRE                                         r  U6/count_reg[18]/C
  -------------------------------------------------------------------    -------------------
    SLICE_X0Y21          FDRE (Prop_fdre_C_Q)         0.141     1.609 f  U6/count_reg[18]/Q
                         net (fo=8, routed)           1.075     2.684    U6/seg7_clk[0]
    SLICE_X63Y21         LUT2 (Prop_lut2_I1_O)        0.045     2.729 r  U6/anode_L_OBUF[1]_inst_i_1/O
                         net (fo=1, routed)           0.477     3.206    anode_L_OBUF[1]
    U4                   OBUF (Prop_obuf_I_O)         1.200     4.406 r  anode_L_OBUF[1]_inst/O
                         net (fo=0)                   0.000     4.406    anode_L[1]
    U4                                                                r  anode_L[1] (OUT)
  -------------------------------------------------------------------    -------------------

Slack:                    inf
  Source:                 U6/count_reg[19]/C
                            (rising edge-triggered cell FDRE clocked by sys_clk_pin  {rise@0.000ns fall@5.000ns period=10.000ns})
  Destination:            seg_L[4]
                            (output port)
  Path Group:             (none)
  Path Type:              Min at Fast Process Corner
  Data Path Delay:        3.140ns  (logic 1.407ns (44.800%)  route 1.734ns (55.200%))
  Logic Levels:           2  (LUT5=1 OBUF=1)
  Clock Uncertainty:      0.025ns  ((TSJ^2 + TIJ^2)^1/2 + DJ) / 2 + PE
    Total System Jitter     (TSJ):    0.050ns
    Total Input Jitter      (TIJ):    0.000ns
    Discrete Jitter          (DJ):    0.000ns
    Phase Error              (PE):    0.000ns

    Location             Delay type                Incr(ns)  Path(ns)    Netlist Resource(s)
  -------------------------------------------------------------------    -------------------
                         (clock sys_clk_pin rise edge)
                                                      0.000     0.000 r  
    W5                                                0.000     0.000 r  clk (IN)
                         net (fo=0)                   0.000     0.000    clk
    W5                   IBUF (Prop_ibuf_I_O)         0.226     0.226 r  clk_IBUF_inst/O
                         net (fo=1, routed)           0.631     0.858    clk_IBUF
    BUFGCTRL_X0Y0        BUFG (Prop_bufg_I_O)         0.026     0.884 r  clk_IBUF_BUFG_inst/O
                         net (fo=48, routed)          0.585     1.468    U6/clk_IBUF_BUFG
    SLICE_X0Y21          FDRE                                         r  U6/count_reg[19]/C
  -------------------------------------------------------------------    -------------------
    SLICE_X0Y21          FDRE (Prop_fdre_C_Q)         0.141     1.609 f  U6/count_reg[19]/Q
                         net (fo=8, routed)           1.406     3.015    U1/seg7_clk[1]
    SLICE_X65Y17         LUT5 (Prop_lut5_I3_O)        0.045     3.060 r  U1/seg_L_OBUF[4]_inst_i_1/O
                         net (fo=1, routed)           0.327     3.388    seg_L_OBUF[4]
    U5                   OBUF (Prop_obuf_I_O)         1.221     4.609 r  seg_L_OBUF[4]_inst/O
                         net (fo=0)                   0.000     4.609    seg_L[4]
    U5                                                                r  seg_L[4] (OUT)
  -------------------------------------------------------------------    -------------------

Slack:                    inf
  Source:                 U6/count_reg[19]/C
                            (rising edge-triggered cell FDRE clocked by sys_clk_pin  {rise@0.000ns fall@5.000ns period=10.000ns})
  Destination:            seg_L[6]
                            (output port)
  Path Group:             (none)
  Path Type:              Min at Fast Process Corner
  Data Path Delay:        3.158ns  (logic 1.418ns (44.914%)  route 1.740ns (55.086%))
  Logic Levels:           2  (LUT4=1 OBUF=1)
  Clock Uncertainty:      0.025ns  ((TSJ^2 + TIJ^2)^1/2 + DJ) / 2 + PE
    Total System Jitter     (TSJ):    0.050ns
    Total Input Jitter      (TIJ):    0.000ns
    Discrete Jitter          (DJ):    0.000ns
    Phase Error              (PE):    0.000ns

    Location             Delay type                Incr(ns)  Path(ns)    Netlist Resource(s)
  -------------------------------------------------------------------    -------------------
                         (clock sys_clk_pin rise edge)
                                                      0.000     0.000 r  
    W5                                                0.000     0.000 r  clk (IN)
                         net (fo=0)                   0.000     0.000    clk
    W5                   IBUF (Prop_ibuf_I_O)         0.226     0.226 r  clk_IBUF_inst/O
                         net (fo=1, routed)           0.631     0.858    clk_IBUF
    BUFGCTRL_X0Y0        BUFG (Prop_bufg_I_O)         0.026     0.884 r  clk_IBUF_BUFG_inst/O
                         net (fo=48, routed)          0.585     1.468    U6/clk_IBUF_BUFG
    SLICE_X0Y21          FDRE                                         r  U6/count_reg[19]/C
  -------------------------------------------------------------------    -------------------
    SLICE_X0Y21          FDRE (Prop_fdre_C_Q)         0.141     1.609 r  U6/count_reg[19]/Q
                         net (fo=8, routed)           1.321     2.930    U6/seg7_clk[1]
    SLICE_X65Y17         LUT4 (Prop_lut4_I1_O)        0.045     2.975 r  U6/seg_L_OBUF[6]_inst_i_1/O
                         net (fo=1, routed)           0.418     3.394    seg_L_OBUF[6]
    U7                   OBUF (Prop_obuf_I_O)         1.232     4.626 r  seg_L_OBUF[6]_inst/O
                         net (fo=0)                   0.000     4.626    seg_L[6]
    U7                                                                r  seg_L[6] (OUT)
  -------------------------------------------------------------------    -------------------

Slack:                    inf
  Source:                 U6/count_reg[19]/C
                            (rising edge-triggered cell FDRE clocked by sys_clk_pin  {rise@0.000ns fall@5.000ns period=10.000ns})
  Destination:            seg_L[2]
                            (output port)
  Path Group:             (none)
  Path Type:              Min at Fast Process Corner
  Data Path Delay:        3.185ns  (logic 1.422ns (44.650%)  route 1.763ns (55.350%))
  Logic Levels:           2  (LUT5=1 OBUF=1)
  Clock Uncertainty:      0.025ns  ((TSJ^2 + TIJ^2)^1/2 + DJ) / 2 + PE
    Total System Jitter     (TSJ):    0.050ns
    Total Input Jitter      (TIJ):    0.000ns
    Discrete Jitter          (DJ):    0.000ns
    Phase Error              (PE):    0.000ns

    Location             Delay type                Incr(ns)  Path(ns)    Netlist Resource(s)
  -------------------------------------------------------------------    -------------------
                         (clock sys_clk_pin rise edge)
                                                      0.000     0.000 r  
    W5                                                0.000     0.000 r  clk (IN)
                         net (fo=0)                   0.000     0.000    clk
    W5                   IBUF (Prop_ibuf_I_O)         0.226     0.226 r  clk_IBUF_inst/O
                         net (fo=1, routed)           0.631     0.858    clk_IBUF
    BUFGCTRL_X0Y0        BUFG (Prop_bufg_I_O)         0.026     0.884 r  clk_IBUF_BUFG_inst/O
                         net (fo=48, routed)          0.585     1.468    U6/clk_IBUF_BUFG
    SLICE_X0Y21          FDRE                                         r  U6/count_reg[19]/C
  -------------------------------------------------------------------    -------------------
    SLICE_X0Y21          FDRE (Prop_fdre_C_Q)         0.141     1.609 f  U6/count_reg[19]/Q
                         net (fo=8, routed)           1.405     3.014    U6/seg7_clk[1]
    SLICE_X65Y17         LUT5 (Prop_lut5_I1_O)        0.045     3.059 r  U6/seg_L_OBUF[2]_inst_i_1/O
                         net (fo=1, routed)           0.357     3.417    seg_L_OBUF[2]
    U8                   OBUF (Prop_obuf_I_O)         1.236     4.653 r  seg_L_OBUF[2]_inst/O
                         net (fo=0)                   0.000     4.653    seg_L[2]
    U8                                                                r  seg_L[2] (OUT)
  -------------------------------------------------------------------    -------------------

Slack:                    inf
  Source:                 U6/count_reg[19]/C
                            (rising edge-triggered cell FDRE clocked by sys_clk_pin  {rise@0.000ns fall@5.000ns period=10.000ns})
  Destination:            seg_L[5]
                            (output port)
  Path Group:             (none)
  Path Type:              Min at Fast Process Corner
  Data Path Delay:        3.194ns  (logic 1.459ns (45.670%)  route 1.735ns (54.330%))
  Logic Levels:           2  (LUT5=1 OBUF=1)
  Clock Uncertainty:      0.025ns  ((TSJ^2 + TIJ^2)^1/2 + DJ) / 2 + PE
    Total System Jitter     (TSJ):    0.050ns
    Total Input Jitter      (TIJ):    0.000ns
    Discrete Jitter          (DJ):    0.000ns
    Phase Error              (PE):    0.000ns

    Location             Delay type                Incr(ns)  Path(ns)    Netlist Resource(s)
  -------------------------------------------------------------------    -------------------
                         (clock sys_clk_pin rise edge)
                                                      0.000     0.000 r  
    W5                                                0.000     0.000 r  clk (IN)
                         net (fo=0)                   0.000     0.000    clk
    W5                   IBUF (Prop_ibuf_I_O)         0.226     0.226 r  clk_IBUF_inst/O
                         net (fo=1, routed)           0.631     0.858    clk_IBUF
    BUFGCTRL_X0Y0        BUFG (Prop_bufg_I_O)         0.026     0.884 r  clk_IBUF_BUFG_inst/O
                         net (fo=48, routed)          0.585     1.468    U6/clk_IBUF_BUFG
    SLICE_X0Y21          FDRE                                         r  U6/count_reg[19]/C
  -------------------------------------------------------------------    -------------------
    SLICE_X0Y21          FDRE (Prop_fdre_C_Q)         0.141     1.609 f  U6/count_reg[19]/Q
                         net (fo=8, routed)           1.405     3.014    U6/seg7_clk[1]
    SLICE_X65Y17         LUT5 (Prop_lut5_I1_O)        0.045     3.059 r  U6/seg_L_OBUF[5]_inst_i_1/O
                         net (fo=1, routed)           0.330     3.389    seg_L_OBUF[5]
    V5                   OBUF (Prop_obuf_I_O)         1.273     4.662 r  seg_L_OBUF[5]_inst/O
                         net (fo=0)                   0.000     4.662    seg_L[5]
    V5                                                                r  seg_L[5] (OUT)
  -------------------------------------------------------------------    -------------------

Slack:                    inf
  Source:                 U6/count_reg[19]/C
                            (rising edge-triggered cell FDRE clocked by sys_clk_pin  {rise@0.000ns fall@5.000ns period=10.000ns})
  Destination:            seg_L[3]
                            (output port)
  Path Group:             (none)
  Path Type:              Min at Fast Process Corner
  Data Path Delay:        3.265ns  (logic 1.483ns (45.428%)  route 1.782ns (54.572%))
  Logic Levels:           2  (LUT5=1 OBUF=1)
  Clock Uncertainty:      0.025ns  ((TSJ^2 + TIJ^2)^1/2 + DJ) / 2 + PE
    Total System Jitter     (TSJ):    0.050ns
    Total Input Jitter      (TIJ):    0.000ns
    Discrete Jitter          (DJ):    0.000ns
    Phase Error              (PE):    0.000ns

    Location             Delay type                Incr(ns)  Path(ns)    Netlist Resource(s)
  -------------------------------------------------------------------    -------------------
                         (clock sys_clk_pin rise edge)
                                                      0.000     0.000 r  
    W5                                                0.000     0.000 r  clk (IN)
                         net (fo=0)                   0.000     0.000    clk
    W5                   IBUF (Prop_ibuf_I_O)         0.226     0.226 r  clk_IBUF_inst/O
                         net (fo=1, routed)           0.631     0.858    clk_IBUF
    BUFGCTRL_X0Y0        BUFG (Prop_bufg_I_O)         0.026     0.884 r  clk_IBUF_BUFG_inst/O
                         net (fo=48, routed)          0.585     1.468    U6/clk_IBUF_BUFG
    SLICE_X0Y21          FDRE                                         r  U6/count_reg[19]/C
  -------------------------------------------------------------------    -------------------
    SLICE_X0Y21          FDRE (Prop_fdre_C_Q)         0.141     1.609 f  U6/count_reg[19]/Q
                         net (fo=8, routed)           1.406     3.015    U1/seg7_clk[1]
    SLICE_X65Y17         LUT5 (Prop_lut5_I2_O)        0.044     3.059 r  U1/seg_L_OBUF[3]_inst_i_1/O
                         net (fo=2, routed)           0.376     3.435    seg_L_OBUF[0]
    V8                   OBUF (Prop_obuf_I_O)         1.298     4.734 r  seg_L_OBUF[3]_inst/O
                         net (fo=0)                   0.000     4.734    seg_L[3]
    V8                                                                r  seg_L[3] (OUT)
  -------------------------------------------------------------------    -------------------

Slack:                    inf
  Source:                 U6/count_reg[19]/C
                            (rising edge-triggered cell FDRE clocked by sys_clk_pin  {rise@0.000ns fall@5.000ns period=10.000ns})
  Destination:            seg_L[0]
                            (output port)
  Path Group:             (none)
  Path Type:              Min at Fast Process Corner
  Data Path Delay:        3.304ns  (logic 1.459ns (44.147%)  route 1.846ns (55.853%))
  Logic Levels:           2  (LUT5=1 OBUF=1)
  Clock Uncertainty:      0.025ns  ((TSJ^2 + TIJ^2)^1/2 + DJ) / 2 + PE
    Total System Jitter     (TSJ):    0.050ns
    Total Input Jitter      (TIJ):    0.000ns
    Discrete Jitter          (DJ):    0.000ns
    Phase Error              (PE):    0.000ns

    Location             Delay type                Incr(ns)  Path(ns)    Netlist Resource(s)
  -------------------------------------------------------------------    -------------------
                         (clock sys_clk_pin rise edge)
                                                      0.000     0.000 r  
    W5                                                0.000     0.000 r  clk (IN)
                         net (fo=0)                   0.000     0.000    clk
    W5                   IBUF (Prop_ibuf_I_O)         0.226     0.226 r  clk_IBUF_inst/O
                         net (fo=1, routed)           0.631     0.858    clk_IBUF
    BUFGCTRL_X0Y0        BUFG (Prop_bufg_I_O)         0.026     0.884 r  clk_IBUF_BUFG_inst/O
                         net (fo=48, routed)          0.585     1.468    U6/clk_IBUF_BUFG
    SLICE_X0Y21          FDRE                                         r  U6/count_reg[19]/C
  -------------------------------------------------------------------    -------------------
    SLICE_X0Y21          FDRE (Prop_fdre_C_Q)         0.141     1.609 f  U6/count_reg[19]/Q
                         net (fo=8, routed)           1.406     3.015    U1/seg7_clk[1]
    SLICE_X65Y17         LUT5 (Prop_lut5_I2_O)        0.044     3.059 r  U1/seg_L_OBUF[3]_inst_i_1/O
                         net (fo=2, routed)           0.439     3.499    seg_L_OBUF[0]
    W7                   OBUF (Prop_obuf_I_O)         1.274     4.773 r  seg_L_OBUF[0]_inst/O
                         net (fo=0)                   0.000     4.773    seg_L[0]
    W7                                                                r  seg_L[0] (OUT)
  -------------------------------------------------------------------    -------------------

Slack:                    inf
  Source:                 U6/count_reg[19]/C
                            (rising edge-triggered cell FDRE clocked by sys_clk_pin  {rise@0.000ns fall@5.000ns period=10.000ns})
  Destination:            anode_L[0]
                            (output port)
  Path Group:             (none)
  Path Type:              Min at Fast Process Corner
  Data Path Delay:        3.376ns  (logic 1.455ns (43.099%)  route 1.921ns (56.901%))
  Logic Levels:           2  (LUT2=1 OBUF=1)
  Clock Uncertainty:      0.025ns  ((TSJ^2 + TIJ^2)^1/2 + DJ) / 2 + PE
    Total System Jitter     (TSJ):    0.050ns
    Total Input Jitter      (TIJ):    0.000ns
    Discrete Jitter          (DJ):    0.000ns
    Phase Error              (PE):    0.000ns

    Location             Delay type                Incr(ns)  Path(ns)    Netlist Resource(s)
  -------------------------------------------------------------------    -------------------
                         (clock sys_clk_pin rise edge)
                                                      0.000     0.000 r  
    W5                                                0.000     0.000 r  clk (IN)
                         net (fo=0)                   0.000     0.000    clk
    W5                   IBUF (Prop_ibuf_I_O)         0.226     0.226 r  clk_IBUF_inst/O
                         net (fo=1, routed)           0.631     0.858    clk_IBUF
    BUFGCTRL_X0Y0        BUFG (Prop_bufg_I_O)         0.026     0.884 r  clk_IBUF_BUFG_inst/O
                         net (fo=48, routed)          0.585     1.468    U6/clk_IBUF_BUFG
    SLICE_X0Y21          FDRE                                         r  U6/count_reg[19]/C
  -------------------------------------------------------------------    -------------------
    SLICE_X0Y21          FDRE (Prop_fdre_C_Q)         0.141     1.609 r  U6/count_reg[19]/Q
                         net (fo=8, routed)           1.321     2.930    U6/seg7_clk[1]
    SLICE_X65Y17         LUT2 (Prop_lut2_I1_O)        0.045     2.975 r  U6/anode_L_OBUF[0]_inst_i_1/O
                         net (fo=1, routed)           0.600     3.575    anode_L_OBUF[0]
    U2                   OBUF (Prop_obuf_I_O)         1.269     4.844 r  anode_L_OBUF[0]_inst/O
                         net (fo=0)                   0.000     4.844    anode_L[0]
    U2                                                                r  anode_L[0] (OUT)
  -------------------------------------------------------------------    -------------------





--------------------------------------------------------------------------------------
Path Group:  (none)
From Clock:  
  To Clock:  sys_clk_pin

Max Delay            20 Endpoints
Min Delay            20 Endpoints
--------------------------------------------------------------------------------------


Max Delay Paths
--------------------------------------------------------------------------------------
Slack:                    inf
  Source:                 rst
                            (input port)
  Destination:            U6/count_reg[16]/R
                            (rising edge-triggered cell FDRE clocked by sys_clk_pin  {rise@0.000ns fall@5.000ns period=10.000ns})
  Path Group:             (none)
  Path Type:              Setup (Max at Slow Process Corner)
  Data Path Delay:        3.261ns  (logic 1.454ns (44.586%)  route 1.807ns (55.414%))
  Logic Levels:           1  (IBUF=1)
  Clock Path Skew:        4.848ns (DCD - SCD + CPR)
    Destination Clock Delay (DCD):    4.848ns
    Source Clock Delay      (SCD):    0.000ns
    Clock Pessimism Removal (CPR):    0.000ns
  Clock Uncertainty:      0.025ns  ((TSJ^2 + TIJ^2)^1/2 + DJ) / 2 + PE
    Total System Jitter     (TSJ):    0.050ns
    Total Input Jitter      (TIJ):    0.000ns
    Discrete Jitter          (DJ):    0.000ns
    Phase Error              (PE):    0.000ns

    Location             Delay type                Incr(ns)  Path(ns)    Netlist Resource(s)
  -------------------------------------------------------------------    -------------------
    T18                                               0.000     0.000 r  rst (IN)
                         net (fo=0)                   0.000     0.000    rst
    T18                  IBUF (Prop_ibuf_I_O)         1.454     1.454 r  rst_IBUF_inst/O
                         net (fo=22, routed)          1.807     3.261    U6/rst_IBUF
    SLICE_X0Y21          FDRE                                         r  U6/count_reg[16]/R
  -------------------------------------------------------------------    -------------------

                         (clock sys_clk_pin rise edge)
                                                      0.000     0.000 r  
    W5                                                0.000     0.000 r  clk (IN)
                         net (fo=0)                   0.000     0.000    clk
    W5                   IBUF (Prop_ibuf_I_O)         1.388     1.388 r  clk_IBUF_inst/O
                         net (fo=1, routed)           1.862     3.250    clk_IBUF
    BUFGCTRL_X0Y0        BUFG (Prop_bufg_I_O)         0.091     3.341 r  clk_IBUF_BUFG_inst/O
                         net (fo=48, routed)          1.507     4.848    U6/clk_IBUF_BUFG
    SLICE_X0Y21          FDRE                                         r  U6/count_reg[16]/C

Slack:                    inf
  Source:                 rst
                            (input port)
  Destination:            U6/count_reg[17]/R
                            (rising edge-triggered cell FDRE clocked by sys_clk_pin  {rise@0.000ns fall@5.000ns period=10.000ns})
  Path Group:             (none)
  Path Type:              Setup (Max at Slow Process Corner)
  Data Path Delay:        3.261ns  (logic 1.454ns (44.586%)  route 1.807ns (55.414%))
  Logic Levels:           1  (IBUF=1)
  Clock Path Skew:        4.848ns (DCD - SCD + CPR)
    Destination Clock Delay (DCD):    4.848ns
    Source Clock Delay      (SCD):    0.000ns
    Clock Pessimism Removal (CPR):    0.000ns
  Clock Uncertainty:      0.025ns  ((TSJ^2 + TIJ^2)^1/2 + DJ) / 2 + PE
    Total System Jitter     (TSJ):    0.050ns
    Total Input Jitter      (TIJ):    0.000ns
    Discrete Jitter          (DJ):    0.000ns
    Phase Error              (PE):    0.000ns

    Location             Delay type                Incr(ns)  Path(ns)    Netlist Resource(s)
  -------------------------------------------------------------------    -------------------
    T18                                               0.000     0.000 r  rst (IN)
                         net (fo=0)                   0.000     0.000    rst
    T18                  IBUF (Prop_ibuf_I_O)         1.454     1.454 r  rst_IBUF_inst/O
                         net (fo=22, routed)          1.807     3.261    U6/rst_IBUF
    SLICE_X0Y21          FDRE                                         r  U6/count_reg[17]/R
  -------------------------------------------------------------------    -------------------

                         (clock sys_clk_pin rise edge)
                                                      0.000     0.000 r  
    W5                                                0.000     0.000 r  clk (IN)
                         net (fo=0)                   0.000     0.000    clk
    W5                   IBUF (Prop_ibuf_I_O)         1.388     1.388 r  clk_IBUF_inst/O
                         net (fo=1, routed)           1.862     3.250    clk_IBUF
    BUFGCTRL_X0Y0        BUFG (Prop_bufg_I_O)         0.091     3.341 r  clk_IBUF_BUFG_inst/O
                         net (fo=48, routed)          1.507     4.848    U6/clk_IBUF_BUFG
    SLICE_X0Y21          FDRE                                         r  U6/count_reg[17]/C

Slack:                    inf
  Source:                 rst
                            (input port)
  Destination:            U6/count_reg[18]/R
                            (rising edge-triggered cell FDRE clocked by sys_clk_pin  {rise@0.000ns fall@5.000ns period=10.000ns})
  Path Group:             (none)
  Path Type:              Setup (Max at Slow Process Corner)
  Data Path Delay:        3.261ns  (logic 1.454ns (44.586%)  route 1.807ns (55.414%))
  Logic Levels:           1  (IBUF=1)
  Clock Path Skew:        4.848ns (DCD - SCD + CPR)
    Destination Clock Delay (DCD):    4.848ns
    Source Clock Delay      (SCD):    0.000ns
    Clock Pessimism Removal (CPR):    0.000ns
  Clock Uncertainty:      0.025ns  ((TSJ^2 + TIJ^2)^1/2 + DJ) / 2 + PE
    Total System Jitter     (TSJ):    0.050ns
    Total Input Jitter      (TIJ):    0.000ns
    Discrete Jitter          (DJ):    0.000ns
    Phase Error              (PE):    0.000ns

    Location             Delay type                Incr(ns)  Path(ns)    Netlist Resource(s)
  -------------------------------------------------------------------    -------------------
    T18                                               0.000     0.000 r  rst (IN)
                         net (fo=0)                   0.000     0.000    rst
    T18                  IBUF (Prop_ibuf_I_O)         1.454     1.454 r  rst_IBUF_inst/O
                         net (fo=22, routed)          1.807     3.261    U6/rst_IBUF
    SLICE_X0Y21          FDRE                                         r  U6/count_reg[18]/R
  -------------------------------------------------------------------    -------------------

                         (clock sys_clk_pin rise edge)
                                                      0.000     0.000 r  
    W5                                                0.000     0.000 r  clk (IN)
                         net (fo=0)                   0.000     0.000    clk
    W5                   IBUF (Prop_ibuf_I_O)         1.388     1.388 r  clk_IBUF_inst/O
                         net (fo=1, routed)           1.862     3.250    clk_IBUF
    BUFGCTRL_X0Y0        BUFG (Prop_bufg_I_O)         0.091     3.341 r  clk_IBUF_BUFG_inst/O
                         net (fo=48, routed)          1.507     4.848    U6/clk_IBUF_BUFG
    SLICE_X0Y21          FDRE                                         r  U6/count_reg[18]/C

Slack:                    inf
  Source:                 rst
                            (input port)
  Destination:            U6/count_reg[19]/R
                            (rising edge-triggered cell FDRE clocked by sys_clk_pin  {rise@0.000ns fall@5.000ns period=10.000ns})
  Path Group:             (none)
  Path Type:              Setup (Max at Slow Process Corner)
  Data Path Delay:        3.261ns  (logic 1.454ns (44.586%)  route 1.807ns (55.414%))
  Logic Levels:           1  (IBUF=1)
  Clock Path Skew:        4.848ns (DCD - SCD + CPR)
    Destination Clock Delay (DCD):    4.848ns
    Source Clock Delay      (SCD):    0.000ns
    Clock Pessimism Removal (CPR):    0.000ns
  Clock Uncertainty:      0.025ns  ((TSJ^2 + TIJ^2)^1/2 + DJ) / 2 + PE
    Total System Jitter     (TSJ):    0.050ns
    Total Input Jitter      (TIJ):    0.000ns
    Discrete Jitter          (DJ):    0.000ns
    Phase Error              (PE):    0.000ns

    Location             Delay type                Incr(ns)  Path(ns)    Netlist Resource(s)
  -------------------------------------------------------------------    -------------------
    T18                                               0.000     0.000 r  rst (IN)
                         net (fo=0)                   0.000     0.000    rst
    T18                  IBUF (Prop_ibuf_I_O)         1.454     1.454 r  rst_IBUF_inst/O
                         net (fo=22, routed)          1.807     3.261    U6/rst_IBUF
    SLICE_X0Y21          FDRE                                         r  U6/count_reg[19]/R
  -------------------------------------------------------------------    -------------------

                         (clock sys_clk_pin rise edge)
                                                      0.000     0.000 r  
    W5                                                0.000     0.000 r  clk (IN)
                         net (fo=0)                   0.000     0.000    clk
    W5                   IBUF (Prop_ibuf_I_O)         1.388     1.388 r  clk_IBUF_inst/O
                         net (fo=1, routed)           1.862     3.250    clk_IBUF
    BUFGCTRL_X0Y0        BUFG (Prop_bufg_I_O)         0.091     3.341 r  clk_IBUF_BUFG_inst/O
                         net (fo=48, routed)          1.507     4.848    U6/clk_IBUF_BUFG
    SLICE_X0Y21          FDRE                                         r  U6/count_reg[19]/C

Slack:                    inf
  Source:                 rst
                            (input port)
  Destination:            U6/count_reg[12]/R
                            (rising edge-triggered cell FDRE clocked by sys_clk_pin  {rise@0.000ns fall@5.000ns period=10.000ns})
  Path Group:             (none)
  Path Type:              Setup (Max at Slow Process Corner)
  Data Path Delay:        3.122ns  (logic 1.454ns (46.563%)  route 1.668ns (53.437%))
  Logic Levels:           1  (IBUF=1)
  Clock Path Skew:        4.849ns (DCD - SCD + CPR)
    Destination Clock Delay (DCD):    4.849ns
    Source Clock Delay      (SCD):    0.000ns
    Clock Pessimism Removal (CPR):    0.000ns
  Clock Uncertainty:      0.025ns  ((TSJ^2 + TIJ^2)^1/2 + DJ) / 2 + PE
    Total System Jitter     (TSJ):    0.050ns
    Total Input Jitter      (TIJ):    0.000ns
    Discrete Jitter          (DJ):    0.000ns
    Phase Error              (PE):    0.000ns

    Location             Delay type                Incr(ns)  Path(ns)    Netlist Resource(s)
  -------------------------------------------------------------------    -------------------
    T18                                               0.000     0.000 r  rst (IN)
                         net (fo=0)                   0.000     0.000    rst
    T18                  IBUF (Prop_ibuf_I_O)         1.454     1.454 r  rst_IBUF_inst/O
                         net (fo=22, routed)          1.668     3.122    U6/rst_IBUF
    SLICE_X0Y20          FDRE                                         r  U6/count_reg[12]/R
  -------------------------------------------------------------------    -------------------

                         (clock sys_clk_pin rise edge)
                                                      0.000     0.000 r  
    W5                                                0.000     0.000 r  clk (IN)
                         net (fo=0)                   0.000     0.000    clk
    W5                   IBUF (Prop_ibuf_I_O)         1.388     1.388 r  clk_IBUF_inst/O
                         net (fo=1, routed)           1.862     3.250    clk_IBUF
    BUFGCTRL_X0Y0        BUFG (Prop_bufg_I_O)         0.091     3.341 r  clk_IBUF_BUFG_inst/O
                         net (fo=48, routed)          1.508     4.849    U6/clk_IBUF_BUFG
    SLICE_X0Y20          FDRE                                         r  U6/count_reg[12]/C

Slack:                    inf
  Source:                 rst
                            (input port)
  Destination:            U6/count_reg[13]/R
                            (rising edge-triggered cell FDRE clocked by sys_clk_pin  {rise@0.000ns fall@5.000ns period=10.000ns})
  Path Group:             (none)
  Path Type:              Setup (Max at Slow Process Corner)
  Data Path Delay:        3.122ns  (logic 1.454ns (46.563%)  route 1.668ns (53.437%))
  Logic Levels:           1  (IBUF=1)
  Clock Path Skew:        4.849ns (DCD - SCD + CPR)
    Destination Clock Delay (DCD):    4.849ns
    Source Clock Delay      (SCD):    0.000ns
    Clock Pessimism Removal (CPR):    0.000ns
  Clock Uncertainty:      0.025ns  ((TSJ^2 + TIJ^2)^1/2 + DJ) / 2 + PE
    Total System Jitter     (TSJ):    0.050ns
    Total Input Jitter      (TIJ):    0.000ns
    Discrete Jitter          (DJ):    0.000ns
    Phase Error              (PE):    0.000ns

    Location             Delay type                Incr(ns)  Path(ns)    Netlist Resource(s)
  -------------------------------------------------------------------    -------------------
    T18                                               0.000     0.000 r  rst (IN)
                         net (fo=0)                   0.000     0.000    rst
    T18                  IBUF (Prop_ibuf_I_O)         1.454     1.454 r  rst_IBUF_inst/O
                         net (fo=22, routed)          1.668     3.122    U6/rst_IBUF
    SLICE_X0Y20          FDRE                                         r  U6/count_reg[13]/R
  -------------------------------------------------------------------    -------------------

                         (clock sys_clk_pin rise edge)
                                                      0.000     0.000 r  
    W5                                                0.000     0.000 r  clk (IN)
                         net (fo=0)                   0.000     0.000    clk
    W5                   IBUF (Prop_ibuf_I_O)         1.388     1.388 r  clk_IBUF_inst/O
                         net (fo=1, routed)           1.862     3.250    clk_IBUF
    BUFGCTRL_X0Y0        BUFG (Prop_bufg_I_O)         0.091     3.341 r  clk_IBUF_BUFG_inst/O
                         net (fo=48, routed)          1.508     4.849    U6/clk_IBUF_BUFG
    SLICE_X0Y20          FDRE                                         r  U6/count_reg[13]/C

Slack:                    inf
  Source:                 rst
                            (input port)
  Destination:            U6/count_reg[14]/R
                            (rising edge-triggered cell FDRE clocked by sys_clk_pin  {rise@0.000ns fall@5.000ns period=10.000ns})
  Path Group:             (none)
  Path Type:              Setup (Max at Slow Process Corner)
  Data Path Delay:        3.122ns  (logic 1.454ns (46.563%)  route 1.668ns (53.437%))
  Logic Levels:           1  (IBUF=1)
  Clock Path Skew:        4.849ns (DCD - SCD + CPR)
    Destination Clock Delay (DCD):    4.849ns
    Source Clock Delay      (SCD):    0.000ns
    Clock Pessimism Removal (CPR):    0.000ns
  Clock Uncertainty:      0.025ns  ((TSJ^2 + TIJ^2)^1/2 + DJ) / 2 + PE
    Total System Jitter     (TSJ):    0.050ns
    Total Input Jitter      (TIJ):    0.000ns
    Discrete Jitter          (DJ):    0.000ns
    Phase Error              (PE):    0.000ns

    Location             Delay type                Incr(ns)  Path(ns)    Netlist Resource(s)
  -------------------------------------------------------------------    -------------------
    T18                                               0.000     0.000 r  rst (IN)
                         net (fo=0)                   0.000     0.000    rst
    T18                  IBUF (Prop_ibuf_I_O)         1.454     1.454 r  rst_IBUF_inst/O
                         net (fo=22, routed)          1.668     3.122    U6/rst_IBUF
    SLICE_X0Y20          FDRE                                         r  U6/count_reg[14]/R
  -------------------------------------------------------------------    -------------------

                         (clock sys_clk_pin rise edge)
                                                      0.000     0.000 r  
    W5                                                0.000     0.000 r  clk (IN)
                         net (fo=0)                   0.000     0.000    clk
    W5                   IBUF (Prop_ibuf_I_O)         1.388     1.388 r  clk_IBUF_inst/O
                         net (fo=1, routed)           1.862     3.250    clk_IBUF
    BUFGCTRL_X0Y0        BUFG (Prop_bufg_I_O)         0.091     3.341 r  clk_IBUF_BUFG_inst/O
                         net (fo=48, routed)          1.508     4.849    U6/clk_IBUF_BUFG
    SLICE_X0Y20          FDRE                                         r  U6/count_reg[14]/C

Slack:                    inf
  Source:                 rst
                            (input port)
  Destination:            U6/count_reg[15]/R
                            (rising edge-triggered cell FDRE clocked by sys_clk_pin  {rise@0.000ns fall@5.000ns period=10.000ns})
  Path Group:             (none)
  Path Type:              Setup (Max at Slow Process Corner)
  Data Path Delay:        3.122ns  (logic 1.454ns (46.563%)  route 1.668ns (53.437%))
  Logic Levels:           1  (IBUF=1)
  Clock Path Skew:        4.849ns (DCD - SCD + CPR)
    Destination Clock Delay (DCD):    4.849ns
    Source Clock Delay      (SCD):    0.000ns
    Clock Pessimism Removal (CPR):    0.000ns
  Clock Uncertainty:      0.025ns  ((TSJ^2 + TIJ^2)^1/2 + DJ) / 2 + PE
    Total System Jitter     (TSJ):    0.050ns
    Total Input Jitter      (TIJ):    0.000ns
    Discrete Jitter          (DJ):    0.000ns
    Phase Error              (PE):    0.000ns

    Location             Delay type                Incr(ns)  Path(ns)    Netlist Resource(s)
  -------------------------------------------------------------------    -------------------
    T18                                               0.000     0.000 r  rst (IN)
                         net (fo=0)                   0.000     0.000    rst
    T18                  IBUF (Prop_ibuf_I_O)         1.454     1.454 r  rst_IBUF_inst/O
                         net (fo=22, routed)          1.668     3.122    U6/rst_IBUF
    SLICE_X0Y20          FDRE                                         r  U6/count_reg[15]/R
  -------------------------------------------------------------------    -------------------

                         (clock sys_clk_pin rise edge)
                                                      0.000     0.000 r  
    W5                                                0.000     0.000 r  clk (IN)
                         net (fo=0)                   0.000     0.000    clk
    W5                   IBUF (Prop_ibuf_I_O)         1.388     1.388 r  clk_IBUF_inst/O
                         net (fo=1, routed)           1.862     3.250    clk_IBUF
    BUFGCTRL_X0Y0        BUFG (Prop_bufg_I_O)         0.091     3.341 r  clk_IBUF_BUFG_inst/O
                         net (fo=48, routed)          1.508     4.849    U6/clk_IBUF_BUFG
    SLICE_X0Y20          FDRE                                         r  U6/count_reg[15]/C

Slack:                    inf
  Source:                 rst
                            (input port)
  Destination:            U6/count_reg[4]/R
                            (rising edge-triggered cell FDRE clocked by sys_clk_pin  {rise@0.000ns fall@5.000ns period=10.000ns})
  Path Group:             (none)
  Path Type:              Setup (Max at Slow Process Corner)
  Data Path Delay:        3.012ns  (logic 1.454ns (48.266%)  route 1.558ns (51.734%))
  Logic Levels:           1  (IBUF=1)
  Clock Path Skew:        4.850ns (DCD - SCD + CPR)
    Destination Clock Delay (DCD):    4.850ns
    Source Clock Delay      (SCD):    0.000ns
    Clock Pessimism Removal (CPR):    0.000ns
  Clock Uncertainty:      0.025ns  ((TSJ^2 + TIJ^2)^1/2 + DJ) / 2 + PE
    Total System Jitter     (TSJ):    0.050ns
    Total Input Jitter      (TIJ):    0.000ns
    Discrete Jitter          (DJ):    0.000ns
    Phase Error              (PE):    0.000ns

    Location             Delay type                Incr(ns)  Path(ns)    Netlist Resource(s)
  -------------------------------------------------------------------    -------------------
    T18                                               0.000     0.000 r  rst (IN)
                         net (fo=0)                   0.000     0.000    rst
    T18                  IBUF (Prop_ibuf_I_O)         1.454     1.454 r  rst_IBUF_inst/O
                         net (fo=22, routed)          1.558     3.012    U6/rst_IBUF
    SLICE_X0Y18          FDRE                                         r  U6/count_reg[4]/R
  -------------------------------------------------------------------    -------------------

                         (clock sys_clk_pin rise edge)
                                                      0.000     0.000 r  
    W5                                                0.000     0.000 r  clk (IN)
                         net (fo=0)                   0.000     0.000    clk
    W5                   IBUF (Prop_ibuf_I_O)         1.388     1.388 r  clk_IBUF_inst/O
                         net (fo=1, routed)           1.862     3.250    clk_IBUF
    BUFGCTRL_X0Y0        BUFG (Prop_bufg_I_O)         0.091     3.341 r  clk_IBUF_BUFG_inst/O
                         net (fo=48, routed)          1.509     4.850    U6/clk_IBUF_BUFG
    SLICE_X0Y18          FDRE                                         r  U6/count_reg[4]/C

Slack:                    inf
  Source:                 rst
                            (input port)
  Destination:            U6/count_reg[5]/R
                            (rising edge-triggered cell FDRE clocked by sys_clk_pin  {rise@0.000ns fall@5.000ns period=10.000ns})
  Path Group:             (none)
  Path Type:              Setup (Max at Slow Process Corner)
  Data Path Delay:        3.012ns  (logic 1.454ns (48.266%)  route 1.558ns (51.734%))
  Logic Levels:           1  (IBUF=1)
  Clock Path Skew:        4.850ns (DCD - SCD + CPR)
    Destination Clock Delay (DCD):    4.850ns
    Source Clock Delay      (SCD):    0.000ns
    Clock Pessimism Removal (CPR):    0.000ns
  Clock Uncertainty:      0.025ns  ((TSJ^2 + TIJ^2)^1/2 + DJ) / 2 + PE
    Total System Jitter     (TSJ):    0.050ns
    Total Input Jitter      (TIJ):    0.000ns
    Discrete Jitter          (DJ):    0.000ns
    Phase Error              (PE):    0.000ns

    Location             Delay type                Incr(ns)  Path(ns)    Netlist Resource(s)
  -------------------------------------------------------------------    -------------------
    T18                                               0.000     0.000 r  rst (IN)
                         net (fo=0)                   0.000     0.000    rst
    T18                  IBUF (Prop_ibuf_I_O)         1.454     1.454 r  rst_IBUF_inst/O
                         net (fo=22, routed)          1.558     3.012    U6/rst_IBUF
    SLICE_X0Y18          FDRE                                         r  U6/count_reg[5]/R
  -------------------------------------------------------------------    -------------------

                         (clock sys_clk_pin rise edge)
                                                      0.000     0.000 r  
    W5                                                0.000     0.000 r  clk (IN)
                         net (fo=0)                   0.000     0.000    clk
    W5                   IBUF (Prop_ibuf_I_O)         1.388     1.388 r  clk_IBUF_inst/O
                         net (fo=1, routed)           1.862     3.250    clk_IBUF
    BUFGCTRL_X0Y0        BUFG (Prop_bufg_I_O)         0.091     3.341 r  clk_IBUF_BUFG_inst/O
                         net (fo=48, routed)          1.509     4.850    U6/clk_IBUF_BUFG
    SLICE_X0Y18          FDRE                                         r  U6/count_reg[5]/C





Min Delay Paths
--------------------------------------------------------------------------------------
Slack:                    inf
  Source:                 rst
                            (input port)
  Destination:            U6/count_reg[0]/R
                            (rising edge-triggered cell FDRE clocked by sys_clk_pin  {rise@0.000ns fall@5.000ns period=10.000ns})
  Path Group:             (none)
  Path Type:              Hold (Min at Fast Process Corner)
  Data Path Delay:        0.787ns  (logic 0.222ns (28.184%)  route 0.565ns (71.816%))
  Logic Levels:           1  (IBUF=1)
  Clock Path Skew:        1.985ns (DCD - SCD - CPR)
    Destination Clock Delay (DCD):    1.985ns
    Source Clock Delay      (SCD):    0.000ns
    Clock Pessimism Removal (CPR):    -0.000ns

    Location             Delay type                Incr(ns)  Path(ns)    Netlist Resource(s)
  -------------------------------------------------------------------    -------------------
    T18                                               0.000     0.000 r  rst (IN)
                         net (fo=0)                   0.000     0.000    rst
    T18                  IBUF (Prop_ibuf_I_O)         0.222     0.222 r  rst_IBUF_inst/O
                         net (fo=22, routed)          0.565     0.787    U6/rst_IBUF
    SLICE_X0Y17          FDRE                                         r  U6/count_reg[0]/R
  -------------------------------------------------------------------    -------------------

                         (clock sys_clk_pin rise edge)
                                                      0.000     0.000 r  
    W5                                                0.000     0.000 r  clk (IN)
                         net (fo=0)                   0.000     0.000    clk
    W5                   IBUF (Prop_ibuf_I_O)         0.414     0.414 r  clk_IBUF_inst/O
                         net (fo=1, routed)           0.685     1.099    clk_IBUF
    BUFGCTRL_X0Y0        BUFG (Prop_bufg_I_O)         0.029     1.128 r  clk_IBUF_BUFG_inst/O
                         net (fo=48, routed)          0.858     1.985    U6/clk_IBUF_BUFG
    SLICE_X0Y17          FDRE                                         r  U6/count_reg[0]/C

Slack:                    inf
  Source:                 rst
                            (input port)
  Destination:            U6/count_reg[1]/R
                            (rising edge-triggered cell FDRE clocked by sys_clk_pin  {rise@0.000ns fall@5.000ns period=10.000ns})
  Path Group:             (none)
  Path Type:              Hold (Min at Fast Process Corner)
  Data Path Delay:        0.787ns  (logic 0.222ns (28.184%)  route 0.565ns (71.816%))
  Logic Levels:           1  (IBUF=1)
  Clock Path Skew:        1.985ns (DCD - SCD - CPR)
    Destination Clock Delay (DCD):    1.985ns
    Source Clock Delay      (SCD):    0.000ns
    Clock Pessimism Removal (CPR):    -0.000ns

    Location             Delay type                Incr(ns)  Path(ns)    Netlist Resource(s)
  -------------------------------------------------------------------    -------------------
    T18                                               0.000     0.000 r  rst (IN)
                         net (fo=0)                   0.000     0.000    rst
    T18                  IBUF (Prop_ibuf_I_O)         0.222     0.222 r  rst_IBUF_inst/O
                         net (fo=22, routed)          0.565     0.787    U6/rst_IBUF
    SLICE_X0Y17          FDRE                                         r  U6/count_reg[1]/R
  -------------------------------------------------------------------    -------------------

                         (clock sys_clk_pin rise edge)
                                                      0.000     0.000 r  
    W5                                                0.000     0.000 r  clk (IN)
                         net (fo=0)                   0.000     0.000    clk
    W5                   IBUF (Prop_ibuf_I_O)         0.414     0.414 r  clk_IBUF_inst/O
                         net (fo=1, routed)           0.685     1.099    clk_IBUF
    BUFGCTRL_X0Y0        BUFG (Prop_bufg_I_O)         0.029     1.128 r  clk_IBUF_BUFG_inst/O
                         net (fo=48, routed)          0.858     1.985    U6/clk_IBUF_BUFG
    SLICE_X0Y17          FDRE                                         r  U6/count_reg[1]/C

Slack:                    inf
  Source:                 rst
                            (input port)
  Destination:            U6/count_reg[2]/R
                            (rising edge-triggered cell FDRE clocked by sys_clk_pin  {rise@0.000ns fall@5.000ns period=10.000ns})
  Path Group:             (none)
  Path Type:              Hold (Min at Fast Process Corner)
  Data Path Delay:        0.787ns  (logic 0.222ns (28.184%)  route 0.565ns (71.816%))
  Logic Levels:           1  (IBUF=1)
  Clock Path Skew:        1.985ns (DCD - SCD - CPR)
    Destination Clock Delay (DCD):    1.985ns
    Source Clock Delay      (SCD):    0.000ns
    Clock Pessimism Removal (CPR):    -0.000ns

    Location             Delay type                Incr(ns)  Path(ns)    Netlist Resource(s)
  -------------------------------------------------------------------    -------------------
    T18                                               0.000     0.000 r  rst (IN)
                         net (fo=0)                   0.000     0.000    rst
    T18                  IBUF (Prop_ibuf_I_O)         0.222     0.222 r  rst_IBUF_inst/O
                         net (fo=22, routed)          0.565     0.787    U6/rst_IBUF
    SLICE_X0Y17          FDRE                                         r  U6/count_reg[2]/R
  -------------------------------------------------------------------    -------------------

                         (clock sys_clk_pin rise edge)
                                                      0.000     0.000 r  
    W5                                                0.000     0.000 r  clk (IN)
                         net (fo=0)                   0.000     0.000    clk
    W5                   IBUF (Prop_ibuf_I_O)         0.414     0.414 r  clk_IBUF_inst/O
                         net (fo=1, routed)           0.685     1.099    clk_IBUF
    BUFGCTRL_X0Y0        BUFG (Prop_bufg_I_O)         0.029     1.128 r  clk_IBUF_BUFG_inst/O
                         net (fo=48, routed)          0.858     1.985    U6/clk_IBUF_BUFG
    SLICE_X0Y17          FDRE                                         r  U6/count_reg[2]/C

Slack:                    inf
  Source:                 rst
                            (input port)
  Destination:            U6/count_reg[3]/R
                            (rising edge-triggered cell FDRE clocked by sys_clk_pin  {rise@0.000ns fall@5.000ns period=10.000ns})
  Path Group:             (none)
  Path Type:              Hold (Min at Fast Process Corner)
  Data Path Delay:        0.787ns  (logic 0.222ns (28.184%)  route 0.565ns (71.816%))
  Logic Levels:           1  (IBUF=1)
  Clock Path Skew:        1.985ns (DCD - SCD - CPR)
    Destination Clock Delay (DCD):    1.985ns
    Source Clock Delay      (SCD):    0.000ns
    Clock Pessimism Removal (CPR):    -0.000ns

    Location             Delay type                Incr(ns)  Path(ns)    Netlist Resource(s)
  -------------------------------------------------------------------    -------------------
    T18                                               0.000     0.000 r  rst (IN)
                         net (fo=0)                   0.000     0.000    rst
    T18                  IBUF (Prop_ibuf_I_O)         0.222     0.222 r  rst_IBUF_inst/O
                         net (fo=22, routed)          0.565     0.787    U6/rst_IBUF
    SLICE_X0Y17          FDRE                                         r  U6/count_reg[3]/R
  -------------------------------------------------------------------    -------------------

                         (clock sys_clk_pin rise edge)
                                                      0.000     0.000 r  
    W5                                                0.000     0.000 r  clk (IN)
                         net (fo=0)                   0.000     0.000    clk
    W5                   IBUF (Prop_ibuf_I_O)         0.414     0.414 r  clk_IBUF_inst/O
                         net (fo=1, routed)           0.685     1.099    clk_IBUF
    BUFGCTRL_X0Y0        BUFG (Prop_bufg_I_O)         0.029     1.128 r  clk_IBUF_BUFG_inst/O
                         net (fo=48, routed)          0.858     1.985    U6/clk_IBUF_BUFG
    SLICE_X0Y17          FDRE                                         r  U6/count_reg[3]/C

Slack:                    inf
  Source:                 rst
                            (input port)
  Destination:            U6/count_reg[4]/R
                            (rising edge-triggered cell FDRE clocked by sys_clk_pin  {rise@0.000ns fall@5.000ns period=10.000ns})
  Path Group:             (none)
  Path Type:              Hold (Min at Fast Process Corner)
  Data Path Delay:        0.842ns  (logic 0.222ns (26.348%)  route 0.620ns (73.652%))
  Logic Levels:           1  (IBUF=1)
  Clock Path Skew:        1.984ns (DCD - SCD - CPR)
    Destination Clock Delay (DCD):    1.984ns
    Source Clock Delay      (SCD):    0.000ns
    Clock Pessimism Removal (CPR):    -0.000ns

    Location             Delay type                Incr(ns)  Path(ns)    Netlist Resource(s)
  -------------------------------------------------------------------    -------------------
    T18                                               0.000     0.000 r  rst (IN)
                         net (fo=0)                   0.000     0.000    rst
    T18                  IBUF (Prop_ibuf_I_O)         0.222     0.222 r  rst_IBUF_inst/O
                         net (fo=22, routed)          0.620     0.842    U6/rst_IBUF
    SLICE_X0Y18          FDRE                                         r  U6/count_reg[4]/R
  -------------------------------------------------------------------    -------------------

                         (clock sys_clk_pin rise edge)
                                                      0.000     0.000 r  
    W5                                                0.000     0.000 r  clk (IN)
                         net (fo=0)                   0.000     0.000    clk
    W5                   IBUF (Prop_ibuf_I_O)         0.414     0.414 r  clk_IBUF_inst/O
                         net (fo=1, routed)           0.685     1.099    clk_IBUF
    BUFGCTRL_X0Y0        BUFG (Prop_bufg_I_O)         0.029     1.128 r  clk_IBUF_BUFG_inst/O
                         net (fo=48, routed)          0.857     1.984    U6/clk_IBUF_BUFG
    SLICE_X0Y18          FDRE                                         r  U6/count_reg[4]/C

Slack:                    inf
  Source:                 rst
                            (input port)
  Destination:            U6/count_reg[5]/R
                            (rising edge-triggered cell FDRE clocked by sys_clk_pin  {rise@0.000ns fall@5.000ns period=10.000ns})
  Path Group:             (none)
  Path Type:              Hold (Min at Fast Process Corner)
  Data Path Delay:        0.842ns  (logic 0.222ns (26.348%)  route 0.620ns (73.652%))
  Logic Levels:           1  (IBUF=1)
  Clock Path Skew:        1.984ns (DCD - SCD - CPR)
    Destination Clock Delay (DCD):    1.984ns
    Source Clock Delay      (SCD):    0.000ns
    Clock Pessimism Removal (CPR):    -0.000ns

    Location             Delay type                Incr(ns)  Path(ns)    Netlist Resource(s)
  -------------------------------------------------------------------    -------------------
    T18                                               0.000     0.000 r  rst (IN)
                         net (fo=0)                   0.000     0.000    rst
    T18                  IBUF (Prop_ibuf_I_O)         0.222     0.222 r  rst_IBUF_inst/O
                         net (fo=22, routed)          0.620     0.842    U6/rst_IBUF
    SLICE_X0Y18          FDRE                                         r  U6/count_reg[5]/R
  -------------------------------------------------------------------    -------------------

                         (clock sys_clk_pin rise edge)
                                                      0.000     0.000 r  
    W5                                                0.000     0.000 r  clk (IN)
                         net (fo=0)                   0.000     0.000    clk
    W5                   IBUF (Prop_ibuf_I_O)         0.414     0.414 r  clk_IBUF_inst/O
                         net (fo=1, routed)           0.685     1.099    clk_IBUF
    BUFGCTRL_X0Y0        BUFG (Prop_bufg_I_O)         0.029     1.128 r  clk_IBUF_BUFG_inst/O
                         net (fo=48, routed)          0.857     1.984    U6/clk_IBUF_BUFG
    SLICE_X0Y18          FDRE                                         r  U6/count_reg[5]/C

Slack:                    inf
  Source:                 rst
                            (input port)
  Destination:            U6/count_reg[6]/R
                            (rising edge-triggered cell FDRE clocked by sys_clk_pin  {rise@0.000ns fall@5.000ns period=10.000ns})
  Path Group:             (none)
  Path Type:              Hold (Min at Fast Process Corner)
  Data Path Delay:        0.842ns  (logic 0.222ns (26.348%)  route 0.620ns (73.652%))
  Logic Levels:           1  (IBUF=1)
  Clock Path Skew:        1.984ns (DCD - SCD - CPR)
    Destination Clock Delay (DCD):    1.984ns
    Source Clock Delay      (SCD):    0.000ns
    Clock Pessimism Removal (CPR):    -0.000ns

    Location             Delay type                Incr(ns)  Path(ns)    Netlist Resource(s)
  -------------------------------------------------------------------    -------------------
    T18                                               0.000     0.000 r  rst (IN)
                         net (fo=0)                   0.000     0.000    rst
    T18                  IBUF (Prop_ibuf_I_O)         0.222     0.222 r  rst_IBUF_inst/O
                         net (fo=22, routed)          0.620     0.842    U6/rst_IBUF
    SLICE_X0Y18          FDRE                                         r  U6/count_reg[6]/R
  -------------------------------------------------------------------    -------------------

                         (clock sys_clk_pin rise edge)
                                                      0.000     0.000 r  
    W5                                                0.000     0.000 r  clk (IN)
                         net (fo=0)                   0.000     0.000    clk
    W5                   IBUF (Prop_ibuf_I_O)         0.414     0.414 r  clk_IBUF_inst/O
                         net (fo=1, routed)           0.685     1.099    clk_IBUF
    BUFGCTRL_X0Y0        BUFG (Prop_bufg_I_O)         0.029     1.128 r  clk_IBUF_BUFG_inst/O
                         net (fo=48, routed)          0.857     1.984    U6/clk_IBUF_BUFG
    SLICE_X0Y18          FDRE                                         r  U6/count_reg[6]/C

Slack:                    inf
  Source:                 rst
                            (input port)
  Destination:            U6/count_reg[7]/R
                            (rising edge-triggered cell FDRE clocked by sys_clk_pin  {rise@0.000ns fall@5.000ns period=10.000ns})
  Path Group:             (none)
  Path Type:              Hold (Min at Fast Process Corner)
  Data Path Delay:        0.842ns  (logic 0.222ns (26.348%)  route 0.620ns (73.652%))
  Logic Levels:           1  (IBUF=1)
  Clock Path Skew:        1.984ns (DCD - SCD - CPR)
    Destination Clock Delay (DCD):    1.984ns
    Source Clock Delay      (SCD):    0.000ns
    Clock Pessimism Removal (CPR):    -0.000ns

    Location             Delay type                Incr(ns)  Path(ns)    Netlist Resource(s)
  -------------------------------------------------------------------    -------------------
    T18                                               0.000     0.000 r  rst (IN)
                         net (fo=0)                   0.000     0.000    rst
    T18                  IBUF (Prop_ibuf_I_O)         0.222     0.222 r  rst_IBUF_inst/O
                         net (fo=22, routed)          0.620     0.842    U6/rst_IBUF
    SLICE_X0Y18          FDRE                                         r  U6/count_reg[7]/R
  -------------------------------------------------------------------    -------------------

                         (clock sys_clk_pin rise edge)
                                                      0.000     0.000 r  
    W5                                                0.000     0.000 r  clk (IN)
                         net (fo=0)                   0.000     0.000    clk
    W5                   IBUF (Prop_ibuf_I_O)         0.414     0.414 r  clk_IBUF_inst/O
                         net (fo=1, routed)           0.685     1.099    clk_IBUF
    BUFGCTRL_X0Y0        BUFG (Prop_bufg_I_O)         0.029     1.128 r  clk_IBUF_BUFG_inst/O
                         net (fo=48, routed)          0.857     1.984    U6/clk_IBUF_BUFG
    SLICE_X0Y18          FDRE                                         r  U6/count_reg[7]/C

Slack:                    inf
  Source:                 rst
                            (input port)
  Destination:            U6/count_reg[10]/R
                            (rising edge-triggered cell FDRE clocked by sys_clk_pin  {rise@0.000ns fall@5.000ns period=10.000ns})
  Path Group:             (none)
  Path Type:              Hold (Min at Fast Process Corner)
  Data Path Delay:        0.846ns  (logic 0.222ns (26.227%)  route 0.624ns (73.773%))
  Logic Levels:           1  (IBUF=1)
  Clock Path Skew:        1.983ns (DCD - SCD - CPR)
    Destination Clock Delay (DCD):    1.983ns
    Source Clock Delay      (SCD):    0.000ns
    Clock Pessimism Removal (CPR):    -0.000ns

    Location             Delay type                Incr(ns)  Path(ns)    Netlist Resource(s)
  -------------------------------------------------------------------    -------------------
    T18                                               0.000     0.000 r  rst (IN)
                         net (fo=0)                   0.000     0.000    rst
    T18                  IBUF (Prop_ibuf_I_O)         0.222     0.222 r  rst_IBUF_inst/O
                         net (fo=22, routed)          0.624     0.846    U6/rst_IBUF
    SLICE_X0Y19          FDRE                                         r  U6/count_reg[10]/R
  -------------------------------------------------------------------    -------------------

                         (clock sys_clk_pin rise edge)
                                                      0.000     0.000 r  
    W5                                                0.000     0.000 r  clk (IN)
                         net (fo=0)                   0.000     0.000    clk
    W5                   IBUF (Prop_ibuf_I_O)         0.414     0.414 r  clk_IBUF_inst/O
                         net (fo=1, routed)           0.685     1.099    clk_IBUF
    BUFGCTRL_X0Y0        BUFG (Prop_bufg_I_O)         0.029     1.128 r  clk_IBUF_BUFG_inst/O
                         net (fo=48, routed)          0.856     1.983    U6/clk_IBUF_BUFG
    SLICE_X0Y19          FDRE                                         r  U6/count_reg[10]/C

Slack:                    inf
  Source:                 rst
                            (input port)
  Destination:            U6/count_reg[11]/R
                            (rising edge-triggered cell FDRE clocked by sys_clk_pin  {rise@0.000ns fall@5.000ns period=10.000ns})
  Path Group:             (none)
  Path Type:              Hold (Min at Fast Process Corner)
  Data Path Delay:        0.846ns  (logic 0.222ns (26.227%)  route 0.624ns (73.773%))
  Logic Levels:           1  (IBUF=1)
  Clock Path Skew:        1.983ns (DCD - SCD - CPR)
    Destination Clock Delay (DCD):    1.983ns
    Source Clock Delay      (SCD):    0.000ns
    Clock Pessimism Removal (CPR):    -0.000ns

    Location             Delay type                Incr(ns)  Path(ns)    Netlist Resource(s)
  -------------------------------------------------------------------    -------------------
    T18                                               0.000     0.000 r  rst (IN)
                         net (fo=0)                   0.000     0.000    rst
    T18                  IBUF (Prop_ibuf_I_O)         0.222     0.222 r  rst_IBUF_inst/O
                         net (fo=22, routed)          0.624     0.846    U6/rst_IBUF
    SLICE_X0Y19          FDRE                                         r  U6/count_reg[11]/R
  -------------------------------------------------------------------    -------------------

                         (clock sys_clk_pin rise edge)
                                                      0.000     0.000 r  
    W5                                                0.000     0.000 r  clk (IN)
                         net (fo=0)                   0.000     0.000    clk
    W5                   IBUF (Prop_ibuf_I_O)         0.414     0.414 r  clk_IBUF_inst/O
                         net (fo=1, routed)           0.685     1.099    clk_IBUF
    BUFGCTRL_X0Y0        BUFG (Prop_bufg_I_O)         0.029     1.128 r  clk_IBUF_BUFG_inst/O
                         net (fo=48, routed)          0.856     1.983    U6/clk_IBUF_BUFG
    SLICE_X0Y19          FDRE                                         r  U6/count_reg[11]/C





