Copyright 1986-2022 Xilinx, Inc. All Rights Reserved.
---------------------------------------------------------------------------------------------------------------------------------------------------------------------------------------------------------------------
| Tool Version : Vivado v.2022.2 (win64) Build 3671981 Fri Oct 14 05:00:03 MDT 2022
| Date         : Wed Feb 11 13:50:08 2026
| Host         : hw3-r2-v01 running 64-bit major release  (build 9200)
| Command      : report_timing_summary -max_paths 10 -report_unconstrained -file Lab2_imp_timing_summary_routed.rpt -pb Lab2_imp_timing_summary_routed.pb -rpx Lab2_imp_timing_summary_routed.rpx -warn_on_violation
| Design       : Lab2_imp
| Device       : 7a35t-cpg236
| Speed File   : -1  PRODUCTION 1.23 2018-06-13
---------------------------------------------------------------------------------------------------------------------------------------------------------------------------------------------------------------------

Timing Summary Report

------------------------------------------------------------------------------------------------
| Timer Settings
| --------------
------------------------------------------------------------------------------------------------

  Enable Multi Corner Analysis               :  Yes
  Enable Pessimism Removal                   :  Yes
  Pessimism Removal Resolution               :  Nearest Common Node
  Enable Input Delay Default Clock           :  No
  Enable Preset / Clear Arcs                 :  No
  Disable Flight Delays                      :  No
  Ignore I/O Paths                           :  No
  Timing Early Launch at Borrowing Latches   :  No
  Borrow Time for Max Delay Exceptions       :  Yes
  Merge Timing Exceptions                    :  Yes

  Corner  Analyze    Analyze    
  Name    Max Paths  Min Paths  
  ------  ---------  ---------  
  Slow    Yes        Yes        
  Fast    Yes        Yes        


------------------------------------------------------------------------------------------------
| Report Methodology
| ------------------
------------------------------------------------------------------------------------------------

Rule       Severity  Description                    Violations  
---------  --------  -----------------------------  ----------  
TIMING-18  Warning   Missing input or output delay  23          

Note: This report is based on the most recent report_methodology run and may not be up-to-date. Run report_methodology on the current design for the latest report.



check_timing report

Table of Contents
-----------------
1. checking no_clock (0)
2. checking constant_clock (0)
3. checking pulse_width_clock (0)
4. checking unconstrained_internal_endpoints (0)
5. checking no_input_delay (11)
6. checking no_output_delay (10)
7. checking multiple_clock (0)
8. checking generated_clocks (0)
9. checking loops (0)
10. checking partial_input_delay (0)
11. checking partial_output_delay (0)
12. checking latch_loops (0)

1. checking no_clock (0)
------------------------
 There are 0 register/latch pins with no clock.


2. checking constant_clock (0)
------------------------------
 There are 0 register/latch pins with constant_clock.


3. checking pulse_width_clock (0)
---------------------------------
 There are 0 register/latch pins which need pulse_width check


4. checking unconstrained_internal_endpoints (0)
------------------------------------------------
 There are 0 pins that are not constrained for maximum delay.

 There are 0 pins that are not constrained for maximum delay due to constant clock.


5. checking no_input_delay (11)
-------------------------------
 There are 11 input ports with no input delay specified. (HIGH)

 There are 0 input ports with no input delay but user has a false path constraint.


6. checking no_output_delay (10)
--------------------------------
 There are 10 ports with no output delay specified. (HIGH)

 There are 0 ports with no output delay but user has a false path constraint

 There are 0 ports with no output delay but with a timing clock defined on it or propagating through it


7. checking multiple_clock (0)
------------------------------
 There are 0 register/latch pins with multiple clocks.


8. checking generated_clocks (0)
--------------------------------
 There are 0 generated clocks that are not connected to a clock source.


9. checking loops (0)
---------------------
 There are 0 combinational loops in the design.


10. checking partial_input_delay (0)
------------------------------------
 There are 0 input ports with partial input delay specified.


11. checking partial_output_delay (0)
-------------------------------------
 There are 0 ports with partial output delay specified.


12. checking latch_loops (0)
----------------------------
 There are 0 combinational latch loops in the design through latch input



------------------------------------------------------------------------------------------------
| Design Timing Summary
| ---------------------
------------------------------------------------------------------------------------------------

    WNS(ns)      TNS(ns)  TNS Failing Endpoints  TNS Total Endpoints      WHS(ns)      THS(ns)  THS Failing Endpoints  THS Total Endpoints     WPWS(ns)     TPWS(ns)  TPWS Failing Endpoints  TPWS Total Endpoints  
    -------      -------  ---------------------  -------------------      -------      -------  ---------------------  -------------------     --------     --------  ----------------------  --------------------  
      7.425        0.000                      0                   56        0.099        0.000                      0                   56        3.750        0.000                       0                    65  


All user specified timing constraints are met.


------------------------------------------------------------------------------------------------
| Clock Summary
| -------------
------------------------------------------------------------------------------------------------

Clock        Waveform(ns)       Period(ns)      Frequency(MHz)
-----        ------------       ----------      --------------
sys_clk_pin  {0.000 5.000}      10.000          100.000         


------------------------------------------------------------------------------------------------
| Intra Clock Table
| -----------------
------------------------------------------------------------------------------------------------

Clock             WNS(ns)      TNS(ns)  TNS Failing Endpoints  TNS Total Endpoints      WHS(ns)      THS(ns)  THS Failing Endpoints  THS Total Endpoints     WPWS(ns)     TPWS(ns)  TPWS Failing Endpoints  TPWS Total Endpoints  
-----             -------      -------  ---------------------  -------------------      -------      -------  ---------------------  -------------------     --------     --------  ----------------------  --------------------  
sys_clk_pin         7.425        0.000                      0                   56        0.099        0.000                      0                   56        3.750        0.000                       0                    65  


------------------------------------------------------------------------------------------------
| Inter Clock Table
| -----------------
------------------------------------------------------------------------------------------------

From Clock    To Clock          WNS(ns)      TNS(ns)  TNS Failing Endpoints  TNS Total Endpoints      WHS(ns)      THS(ns)  THS Failing Endpoints  THS Total Endpoints  
----------    --------          -------      -------  ---------------------  -------------------      -------      -------  ---------------------  -------------------  


------------------------------------------------------------------------------------------------
| Other Path Groups Table
| -----------------------
------------------------------------------------------------------------------------------------

Path Group    From Clock    To Clock          WNS(ns)      TNS(ns)  TNS Failing Endpoints  TNS Total Endpoints      WHS(ns)      THS(ns)  THS Failing Endpoints  THS Total Endpoints  
----------    ----------    --------          -------      -------  ---------------------  -------------------      -------      -------  ---------------------  -------------------  


------------------------------------------------------------------------------------------------
| User Ignored Path Table
| -----------------------
------------------------------------------------------------------------------------------------

Path Group    From Clock    To Clock    
----------    ----------    --------    


------------------------------------------------------------------------------------------------
| Unconstrained Path Table
| ------------------------
------------------------------------------------------------------------------------------------

Path Group    From Clock    To Clock    
----------    ----------    --------    
(none)                                    
(none)        sys_clk_pin                 
(none)                      sys_clk_pin   


------------------------------------------------------------------------------------------------
| Timing Details
| --------------
------------------------------------------------------------------------------------------------


---------------------------------------------------------------------------------------------------
From Clock:  sys_clk_pin
  To Clock:  sys_clk_pin

Setup :            0  Failing Endpoints,  Worst Slack        7.425ns,  Total Violation        0.000ns
Hold  :            0  Failing Endpoints,  Worst Slack        0.099ns,  Total Violation        0.000ns
PW    :            0  Failing Endpoints,  Worst Slack        3.750ns,  Total Violation        0.000ns
---------------------------------------------------------------------------------------------------


Max Delay Paths
--------------------------------------------------------------------------------------
Slack (MET) :             7.425ns  (required time - arrival time)
  Source:                 U5/counter_reg[1]/C
                            (rising edge-triggered cell FDRE clocked by sys_clk_pin  {rise@0.000ns fall@5.000ns period=10.000ns})
  Destination:            U5/counter_reg[25]/D
                            (rising edge-triggered cell FDRE clocked by sys_clk_pin  {rise@0.000ns fall@5.000ns period=10.000ns})
  Path Group:             sys_clk_pin
  Path Type:              Setup (Max at Slow Process Corner)
  Requirement:            10.000ns  (sys_clk_pin rise@10.000ns - sys_clk_pin rise@0.000ns)
  Data Path Delay:        2.573ns  (logic 2.034ns (79.056%)  route 0.539ns (20.944%))
  Logic Levels:           7  (CARRY4=7)
  Clock Path Skew:        -0.029ns (DCD - SCD + CPR)
    Destination Clock Delay (DCD):    4.855ns = ( 14.855 - 10.000 ) 
    Source Clock Delay      (SCD):    5.158ns
    Clock Pessimism Removal (CPR):    0.274ns
  Clock Uncertainty:      0.035ns  ((TSJ^2 + TIJ^2)^1/2 + DJ) / 2 + PE
    Total System Jitter     (TSJ):    0.071ns
    Total Input Jitter      (TIJ):    0.000ns
    Discrete Jitter          (DJ):    0.000ns
    Phase Error              (PE):    0.000ns

    Location             Delay type                Incr(ns)  Path(ns)    Netlist Resource(s)
  -------------------------------------------------------------------    -------------------
                         (clock sys_clk_pin rise edge)
                                                      0.000     0.000 r  
    W5                                                0.000     0.000 r  clk (IN)
                         net (fo=0)                   0.000     0.000    clk
    W5                   IBUF (Prop_ibuf_I_O)         1.458     1.458 r  clk_IBUF_inst/O
                         net (fo=1, routed)           1.967     3.425    clk_IBUF
    BUFGCTRL_X0Y0        BUFG (Prop_bufg_I_O)         0.096     3.521 r  clk_IBUF_BUFG_inst/O
                         net (fo=64, routed)          1.637     5.158    U5/CLK
    SLICE_X0Y7           FDRE                                         r  U5/counter_reg[1]/C
  -------------------------------------------------------------------    -------------------
    SLICE_X0Y7           FDRE (Prop_fdre_C_Q)         0.456     5.614 r  U5/counter_reg[1]/Q
                         net (fo=1, routed)           0.539     6.153    U5/counter_reg_n_0_[1]
    SLICE_X0Y7           CARRY4 (Prop_carry4_S[1]_CO[3])
                                                      0.674     6.827 r  U5/counter_reg[0]_i_1/CO[3]
                         net (fo=1, routed)           0.000     6.827    U5/counter_reg[0]_i_1_n_0
    SLICE_X0Y8           CARRY4 (Prop_carry4_CI_CO[3])
                                                      0.114     6.941 r  U5/counter_reg[4]_i_1/CO[3]
                         net (fo=1, routed)           0.000     6.941    U5/counter_reg[4]_i_1_n_0
    SLICE_X0Y9           CARRY4 (Prop_carry4_CI_CO[3])
                                                      0.114     7.055 r  U5/counter_reg[8]_i_1/CO[3]
                         net (fo=1, routed)           0.000     7.055    U5/counter_reg[8]_i_1_n_0
    SLICE_X0Y10          CARRY4 (Prop_carry4_CI_CO[3])
                                                      0.114     7.169 r  U5/counter_reg[12]_i_1/CO[3]
                         net (fo=1, routed)           0.000     7.169    U5/counter_reg[12]_i_1_n_0
    SLICE_X0Y11          CARRY4 (Prop_carry4_CI_CO[3])
                                                      0.114     7.283 r  U5/counter_reg[16]_i_1/CO[3]
                         net (fo=1, routed)           0.000     7.283    U5/counter_reg[16]_i_1_n_0
    SLICE_X0Y12          CARRY4 (Prop_carry4_CI_CO[3])
                                                      0.114     7.397 r  U5/counter_reg[20]_i_1/CO[3]
                         net (fo=1, routed)           0.000     7.397    U5/counter_reg[20]_i_1_n_0
    SLICE_X0Y13          CARRY4 (Prop_carry4_CI_O[1])
                                                      0.334     7.731 r  U5/counter_reg[24]_i_1/O[1]
                         net (fo=1, routed)           0.000     7.731    U5/counter_reg[24]_i_1_n_6
    SLICE_X0Y13          FDRE                                         r  U5/counter_reg[25]/D
  -------------------------------------------------------------------    -------------------

                         (clock sys_clk_pin rise edge)
                                                     10.000    10.000 r  
    W5                                                0.000    10.000 r  clk (IN)
                         net (fo=0)                   0.000    10.000    clk
    W5                   IBUF (Prop_ibuf_I_O)         1.388    11.388 r  clk_IBUF_inst/O
                         net (fo=1, routed)           1.862    13.250    clk_IBUF
    BUFGCTRL_X0Y0        BUFG (Prop_bufg_I_O)         0.091    13.341 r  clk_IBUF_BUFG_inst/O
                         net (fo=64, routed)          1.514    14.855    U5/CLK
    SLICE_X0Y13          FDRE                                         r  U5/counter_reg[25]/C
                         clock pessimism              0.274    15.129    
                         clock uncertainty           -0.035    15.094    
    SLICE_X0Y13          FDRE (Setup_fdre_C_D)        0.062    15.156    U5/counter_reg[25]
  -------------------------------------------------------------------
                         required time                         15.156    
                         arrival time                          -7.731    
  -------------------------------------------------------------------
                         slack                                  7.425    

Slack (MET) :             7.446ns  (required time - arrival time)
  Source:                 U5/counter_reg[1]/C
                            (rising edge-triggered cell FDRE clocked by sys_clk_pin  {rise@0.000ns fall@5.000ns period=10.000ns})
  Destination:            U5/counter_reg[27]/D
                            (rising edge-triggered cell FDRE clocked by sys_clk_pin  {rise@0.000ns fall@5.000ns period=10.000ns})
  Path Group:             sys_clk_pin
  Path Type:              Setup (Max at Slow Process Corner)
  Requirement:            10.000ns  (sys_clk_pin rise@10.000ns - sys_clk_pin rise@0.000ns)
  Data Path Delay:        2.552ns  (logic 2.013ns (78.884%)  route 0.539ns (21.116%))
  Logic Levels:           7  (CARRY4=7)
  Clock Path Skew:        -0.029ns (DCD - SCD + CPR)
    Destination Clock Delay (DCD):    4.855ns = ( 14.855 - 10.000 ) 
    Source Clock Delay      (SCD):    5.158ns
    Clock Pessimism Removal (CPR):    0.274ns
  Clock Uncertainty:      0.035ns  ((TSJ^2 + TIJ^2)^1/2 + DJ) / 2 + PE
    Total System Jitter     (TSJ):    0.071ns
    Total Input Jitter      (TIJ):    0.000ns
    Discrete Jitter          (DJ):    0.000ns
    Phase Error              (PE):    0.000ns

    Location             Delay type                Incr(ns)  Path(ns)    Netlist Resource(s)
  -------------------------------------------------------------------    -------------------
                         (clock sys_clk_pin rise edge)
                                                      0.000     0.000 r  
    W5                                                0.000     0.000 r  clk (IN)
                         net (fo=0)                   0.000     0.000    clk
    W5                   IBUF (Prop_ibuf_I_O)         1.458     1.458 r  clk_IBUF_inst/O
                         net (fo=1, routed)           1.967     3.425    clk_IBUF
    BUFGCTRL_X0Y0        BUFG (Prop_bufg_I_O)         0.096     3.521 r  clk_IBUF_BUFG_inst/O
                         net (fo=64, routed)          1.637     5.158    U5/CLK
    SLICE_X0Y7           FDRE                                         r  U5/counter_reg[1]/C
  -------------------------------------------------------------------    -------------------
    SLICE_X0Y7           FDRE (Prop_fdre_C_Q)         0.456     5.614 r  U5/counter_reg[1]/Q
                         net (fo=1, routed)           0.539     6.153    U5/counter_reg_n_0_[1]
    SLICE_X0Y7           CARRY4 (Prop_carry4_S[1]_CO[3])
                                                      0.674     6.827 r  U5/counter_reg[0]_i_1/CO[3]
                         net (fo=1, routed)           0.000     6.827    U5/counter_reg[0]_i_1_n_0
    SLICE_X0Y8           CARRY4 (Prop_carry4_CI_CO[3])
                                                      0.114     6.941 r  U5/counter_reg[4]_i_1/CO[3]
                         net (fo=1, routed)           0.000     6.941    U5/counter_reg[4]_i_1_n_0
    SLICE_X0Y9           CARRY4 (Prop_carry4_CI_CO[3])
                                                      0.114     7.055 r  U5/counter_reg[8]_i_1/CO[3]
                         net (fo=1, routed)           0.000     7.055    U5/counter_reg[8]_i_1_n_0
    SLICE_X0Y10          CARRY4 (Prop_carry4_CI_CO[3])
                                                      0.114     7.169 r  U5/counter_reg[12]_i_1/CO[3]
                         net (fo=1, routed)           0.000     7.169    U5/counter_reg[12]_i_1_n_0
    SLICE_X0Y11          CARRY4 (Prop_carry4_CI_CO[3])
                                                      0.114     7.283 r  U5/counter_reg[16]_i_1/CO[3]
                         net (fo=1, routed)           0.000     7.283    U5/counter_reg[16]_i_1_n_0
    SLICE_X0Y12          CARRY4 (Prop_carry4_CI_CO[3])
                                                      0.114     7.397 r  U5/counter_reg[20]_i_1/CO[3]
                         net (fo=1, routed)           0.000     7.397    U5/counter_reg[20]_i_1_n_0
    SLICE_X0Y13          CARRY4 (Prop_carry4_CI_O[3])
                                                      0.313     7.710 r  U5/counter_reg[24]_i_1/O[3]
                         net (fo=1, routed)           0.000     7.710    U5/counter_reg[24]_i_1_n_4
    SLICE_X0Y13          FDRE                                         r  U5/counter_reg[27]/D
  -------------------------------------------------------------------    -------------------

                         (clock sys_clk_pin rise edge)
                                                     10.000    10.000 r  
    W5                                                0.000    10.000 r  clk (IN)
                         net (fo=0)                   0.000    10.000    clk
    W5                   IBUF (Prop_ibuf_I_O)         1.388    11.388 r  clk_IBUF_inst/O
                         net (fo=1, routed)           1.862    13.250    clk_IBUF
    BUFGCTRL_X0Y0        BUFG (Prop_bufg_I_O)         0.091    13.341 r  clk_IBUF_BUFG_inst/O
                         net (fo=64, routed)          1.514    14.855    U5/CLK
    SLICE_X0Y13          FDRE                                         r  U5/counter_reg[27]/C
                         clock pessimism              0.274    15.129    
                         clock uncertainty           -0.035    15.094    
    SLICE_X0Y13          FDRE (Setup_fdre_C_D)        0.062    15.156    U5/counter_reg[27]
  -------------------------------------------------------------------
                         required time                         15.156    
                         arrival time                          -7.710    
  -------------------------------------------------------------------
                         slack                                  7.446    

Slack (MET) :             7.520ns  (required time - arrival time)
  Source:                 U5/counter_reg[1]/C
                            (rising edge-triggered cell FDRE clocked by sys_clk_pin  {rise@0.000ns fall@5.000ns period=10.000ns})
  Destination:            U5/counter_reg[26]/D
                            (rising edge-triggered cell FDRE clocked by sys_clk_pin  {rise@0.000ns fall@5.000ns period=10.000ns})
  Path Group:             sys_clk_pin
  Path Type:              Setup (Max at Slow Process Corner)
  Requirement:            10.000ns  (sys_clk_pin rise@10.000ns - sys_clk_pin rise@0.000ns)
  Data Path Delay:        2.478ns  (logic 1.939ns (78.253%)  route 0.539ns (21.747%))
  Logic Levels:           7  (CARRY4=7)
  Clock Path Skew:        -0.029ns (DCD - SCD + CPR)
    Destination Clock Delay (DCD):    4.855ns = ( 14.855 - 10.000 ) 
    Source Clock Delay      (SCD):    5.158ns
    Clock Pessimism Removal (CPR):    0.274ns
  Clock Uncertainty:      0.035ns  ((TSJ^2 + TIJ^2)^1/2 + DJ) / 2 + PE
    Total System Jitter     (TSJ):    0.071ns
    Total Input Jitter      (TIJ):    0.000ns
    Discrete Jitter          (DJ):    0.000ns
    Phase Error              (PE):    0.000ns

    Location             Delay type                Incr(ns)  Path(ns)    Netlist Resource(s)
  -------------------------------------------------------------------    -------------------
                         (clock sys_clk_pin rise edge)
                                                      0.000     0.000 r  
    W5                                                0.000     0.000 r  clk (IN)
                         net (fo=0)                   0.000     0.000    clk
    W5                   IBUF (Prop_ibuf_I_O)         1.458     1.458 r  clk_IBUF_inst/O
                         net (fo=1, routed)           1.967     3.425    clk_IBUF
    BUFGCTRL_X0Y0        BUFG (Prop_bufg_I_O)         0.096     3.521 r  clk_IBUF_BUFG_inst/O
                         net (fo=64, routed)          1.637     5.158    U5/CLK
    SLICE_X0Y7           FDRE                                         r  U5/counter_reg[1]/C
  -------------------------------------------------------------------    -------------------
    SLICE_X0Y7           FDRE (Prop_fdre_C_Q)         0.456     5.614 r  U5/counter_reg[1]/Q
                         net (fo=1, routed)           0.539     6.153    U5/counter_reg_n_0_[1]
    SLICE_X0Y7           CARRY4 (Prop_carry4_S[1]_CO[3])
                                                      0.674     6.827 r  U5/counter_reg[0]_i_1/CO[3]
                         net (fo=1, routed)           0.000     6.827    U5/counter_reg[0]_i_1_n_0
    SLICE_X0Y8           CARRY4 (Prop_carry4_CI_CO[3])
                                                      0.114     6.941 r  U5/counter_reg[4]_i_1/CO[3]
                         net (fo=1, routed)           0.000     6.941    U5/counter_reg[4]_i_1_n_0
    SLICE_X0Y9           CARRY4 (Prop_carry4_CI_CO[3])
                                                      0.114     7.055 r  U5/counter_reg[8]_i_1/CO[3]
                         net (fo=1, routed)           0.000     7.055    U5/counter_reg[8]_i_1_n_0
    SLICE_X0Y10          CARRY4 (Prop_carry4_CI_CO[3])
                                                      0.114     7.169 r  U5/counter_reg[12]_i_1/CO[3]
                         net (fo=1, routed)           0.000     7.169    U5/counter_reg[12]_i_1_n_0
    SLICE_X0Y11          CARRY4 (Prop_carry4_CI_CO[3])
                                                      0.114     7.283 r  U5/counter_reg[16]_i_1/CO[3]
                         net (fo=1, routed)           0.000     7.283    U5/counter_reg[16]_i_1_n_0
    SLICE_X0Y12          CARRY4 (Prop_carry4_CI_CO[3])
                                                      0.114     7.397 r  U5/counter_reg[20]_i_1/CO[3]
                         net (fo=1, routed)           0.000     7.397    U5/counter_reg[20]_i_1_n_0
    SLICE_X0Y13          CARRY4 (Prop_carry4_CI_O[2])
                                                      0.239     7.636 r  U5/counter_reg[24]_i_1/O[2]
                         net (fo=1, routed)           0.000     7.636    U5/counter_reg[24]_i_1_n_5
    SLICE_X0Y13          FDRE                                         r  U5/counter_reg[26]/D
  -------------------------------------------------------------------    -------------------

                         (clock sys_clk_pin rise edge)
                                                     10.000    10.000 r  
    W5                                                0.000    10.000 r  clk (IN)
                         net (fo=0)                   0.000    10.000    clk
    W5                   IBUF (Prop_ibuf_I_O)         1.388    11.388 r  clk_IBUF_inst/O
                         net (fo=1, routed)           1.862    13.250    clk_IBUF
    BUFGCTRL_X0Y0        BUFG (Prop_bufg_I_O)         0.091    13.341 r  clk_IBUF_BUFG_inst/O
                         net (fo=64, routed)          1.514    14.855    U5/CLK
    SLICE_X0Y13          FDRE                                         r  U5/counter_reg[26]/C
                         clock pessimism              0.274    15.129    
                         clock uncertainty           -0.035    15.094    
    SLICE_X0Y13          FDRE (Setup_fdre_C_D)        0.062    15.156    U5/counter_reg[26]
  -------------------------------------------------------------------
                         required time                         15.156    
                         arrival time                          -7.636    
  -------------------------------------------------------------------
                         slack                                  7.520    

Slack (MET) :             7.536ns  (required time - arrival time)
  Source:                 U5/counter_reg[1]/C
                            (rising edge-triggered cell FDRE clocked by sys_clk_pin  {rise@0.000ns fall@5.000ns period=10.000ns})
  Destination:            U5/counter_reg[24]/D
                            (rising edge-triggered cell FDRE clocked by sys_clk_pin  {rise@0.000ns fall@5.000ns period=10.000ns})
  Path Group:             sys_clk_pin
  Path Type:              Setup (Max at Slow Process Corner)
  Requirement:            10.000ns  (sys_clk_pin rise@10.000ns - sys_clk_pin rise@0.000ns)
  Data Path Delay:        2.462ns  (logic 1.923ns (78.112%)  route 0.539ns (21.888%))
  Logic Levels:           7  (CARRY4=7)
  Clock Path Skew:        -0.029ns (DCD - SCD + CPR)
    Destination Clock Delay (DCD):    4.855ns = ( 14.855 - 10.000 ) 
    Source Clock Delay      (SCD):    5.158ns
    Clock Pessimism Removal (CPR):    0.274ns
  Clock Uncertainty:      0.035ns  ((TSJ^2 + TIJ^2)^1/2 + DJ) / 2 + PE
    Total System Jitter     (TSJ):    0.071ns
    Total Input Jitter      (TIJ):    0.000ns
    Discrete Jitter          (DJ):    0.000ns
    Phase Error              (PE):    0.000ns

    Location             Delay type                Incr(ns)  Path(ns)    Netlist Resource(s)
  -------------------------------------------------------------------    -------------------
                         (clock sys_clk_pin rise edge)
                                                      0.000     0.000 r  
    W5                                                0.000     0.000 r  clk (IN)
                         net (fo=0)                   0.000     0.000    clk
    W5                   IBUF (Prop_ibuf_I_O)         1.458     1.458 r  clk_IBUF_inst/O
                         net (fo=1, routed)           1.967     3.425    clk_IBUF
    BUFGCTRL_X0Y0        BUFG (Prop_bufg_I_O)         0.096     3.521 r  clk_IBUF_BUFG_inst/O
                         net (fo=64, routed)          1.637     5.158    U5/CLK
    SLICE_X0Y7           FDRE                                         r  U5/counter_reg[1]/C
  -------------------------------------------------------------------    -------------------
    SLICE_X0Y7           FDRE (Prop_fdre_C_Q)         0.456     5.614 r  U5/counter_reg[1]/Q
                         net (fo=1, routed)           0.539     6.153    U5/counter_reg_n_0_[1]
    SLICE_X0Y7           CARRY4 (Prop_carry4_S[1]_CO[3])
                                                      0.674     6.827 r  U5/counter_reg[0]_i_1/CO[3]
                         net (fo=1, routed)           0.000     6.827    U5/counter_reg[0]_i_1_n_0
    SLICE_X0Y8           CARRY4 (Prop_carry4_CI_CO[3])
                                                      0.114     6.941 r  U5/counter_reg[4]_i_1/CO[3]
                         net (fo=1, routed)           0.000     6.941    U5/counter_reg[4]_i_1_n_0
    SLICE_X0Y9           CARRY4 (Prop_carry4_CI_CO[3])
                                                      0.114     7.055 r  U5/counter_reg[8]_i_1/CO[3]
                         net (fo=1, routed)           0.000     7.055    U5/counter_reg[8]_i_1_n_0
    SLICE_X0Y10          CARRY4 (Prop_carry4_CI_CO[3])
                                                      0.114     7.169 r  U5/counter_reg[12]_i_1/CO[3]
                         net (fo=1, routed)           0.000     7.169    U5/counter_reg[12]_i_1_n_0
    SLICE_X0Y11          CARRY4 (Prop_carry4_CI_CO[3])
                                                      0.114     7.283 r  U5/counter_reg[16]_i_1/CO[3]
                         net (fo=1, routed)           0.000     7.283    U5/counter_reg[16]_i_1_n_0
    SLICE_X0Y12          CARRY4 (Prop_carry4_CI_CO[3])
                                                      0.114     7.397 r  U5/counter_reg[20]_i_1/CO[3]
                         net (fo=1, routed)           0.000     7.397    U5/counter_reg[20]_i_1_n_0
    SLICE_X0Y13          CARRY4 (Prop_carry4_CI_O[0])
                                                      0.223     7.620 r  U5/counter_reg[24]_i_1/O[0]
                         net (fo=1, routed)           0.000     7.620    U5/counter_reg[24]_i_1_n_7
    SLICE_X0Y13          FDRE                                         r  U5/counter_reg[24]/D
  -------------------------------------------------------------------    -------------------

                         (clock sys_clk_pin rise edge)
                                                     10.000    10.000 r  
    W5                                                0.000    10.000 r  clk (IN)
                         net (fo=0)                   0.000    10.000    clk
    W5                   IBUF (Prop_ibuf_I_O)         1.388    11.388 r  clk_IBUF_inst/O
                         net (fo=1, routed)           1.862    13.250    clk_IBUF
    BUFGCTRL_X0Y0        BUFG (Prop_bufg_I_O)         0.091    13.341 r  clk_IBUF_BUFG_inst/O
                         net (fo=64, routed)          1.514    14.855    U5/CLK
    SLICE_X0Y13          FDRE                                         r  U5/counter_reg[24]/C
                         clock pessimism              0.274    15.129    
                         clock uncertainty           -0.035    15.094    
    SLICE_X0Y13          FDRE (Setup_fdre_C_D)        0.062    15.156    U5/counter_reg[24]
  -------------------------------------------------------------------
                         required time                         15.156    
                         arrival time                          -7.620    
  -------------------------------------------------------------------
                         slack                                  7.536    

Slack (MET) :             7.540ns  (required time - arrival time)
  Source:                 U5/counter_reg[1]/C
                            (rising edge-triggered cell FDRE clocked by sys_clk_pin  {rise@0.000ns fall@5.000ns period=10.000ns})
  Destination:            U5/counter_reg[21]/D
                            (rising edge-triggered cell FDRE clocked by sys_clk_pin  {rise@0.000ns fall@5.000ns period=10.000ns})
  Path Group:             sys_clk_pin
  Path Type:              Setup (Max at Slow Process Corner)
  Requirement:            10.000ns  (sys_clk_pin rise@10.000ns - sys_clk_pin rise@0.000ns)
  Data Path Delay:        2.459ns  (logic 1.920ns (78.085%)  route 0.539ns (21.915%))
  Logic Levels:           6  (CARRY4=6)
  Clock Path Skew:        -0.028ns (DCD - SCD + CPR)
    Destination Clock Delay (DCD):    4.856ns = ( 14.856 - 10.000 ) 
    Source Clock Delay      (SCD):    5.158ns
    Clock Pessimism Removal (CPR):    0.274ns
  Clock Uncertainty:      0.035ns  ((TSJ^2 + TIJ^2)^1/2 + DJ) / 2 + PE
    Total System Jitter     (TSJ):    0.071ns
    Total Input Jitter      (TIJ):    0.000ns
    Discrete Jitter          (DJ):    0.000ns
    Phase Error              (PE):    0.000ns

    Location             Delay type                Incr(ns)  Path(ns)    Netlist Resource(s)
  -------------------------------------------------------------------    -------------------
                         (clock sys_clk_pin rise edge)
                                                      0.000     0.000 r  
    W5                                                0.000     0.000 r  clk (IN)
                         net (fo=0)                   0.000     0.000    clk
    W5                   IBUF (Prop_ibuf_I_O)         1.458     1.458 r  clk_IBUF_inst/O
                         net (fo=1, routed)           1.967     3.425    clk_IBUF
    BUFGCTRL_X0Y0        BUFG (Prop_bufg_I_O)         0.096     3.521 r  clk_IBUF_BUFG_inst/O
                         net (fo=64, routed)          1.637     5.158    U5/CLK
    SLICE_X0Y7           FDRE                                         r  U5/counter_reg[1]/C
  -------------------------------------------------------------------    -------------------
    SLICE_X0Y7           FDRE (Prop_fdre_C_Q)         0.456     5.614 r  U5/counter_reg[1]/Q
                         net (fo=1, routed)           0.539     6.153    U5/counter_reg_n_0_[1]
    SLICE_X0Y7           CARRY4 (Prop_carry4_S[1]_CO[3])
                                                      0.674     6.827 r  U5/counter_reg[0]_i_1/CO[3]
                         net (fo=1, routed)           0.000     6.827    U5/counter_reg[0]_i_1_n_0
    SLICE_X0Y8           CARRY4 (Prop_carry4_CI_CO[3])
                                                      0.114     6.941 r  U5/counter_reg[4]_i_1/CO[3]
                         net (fo=1, routed)           0.000     6.941    U5/counter_reg[4]_i_1_n_0
    SLICE_X0Y9           CARRY4 (Prop_carry4_CI_CO[3])
                                                      0.114     7.055 r  U5/counter_reg[8]_i_1/CO[3]
                         net (fo=1, routed)           0.000     7.055    U5/counter_reg[8]_i_1_n_0
    SLICE_X0Y10          CARRY4 (Prop_carry4_CI_CO[3])
                                                      0.114     7.169 r  U5/counter_reg[12]_i_1/CO[3]
                         net (fo=1, routed)           0.000     7.169    U5/counter_reg[12]_i_1_n_0
    SLICE_X0Y11          CARRY4 (Prop_carry4_CI_CO[3])
                                                      0.114     7.283 r  U5/counter_reg[16]_i_1/CO[3]
                         net (fo=1, routed)           0.000     7.283    U5/counter_reg[16]_i_1_n_0
    SLICE_X0Y12          CARRY4 (Prop_carry4_CI_O[1])
                                                      0.334     7.617 r  U5/counter_reg[20]_i_1/O[1]
                         net (fo=1, routed)           0.000     7.617    U5/counter_reg[20]_i_1_n_6
    SLICE_X0Y12          FDRE                                         r  U5/counter_reg[21]/D
  -------------------------------------------------------------------    -------------------

                         (clock sys_clk_pin rise edge)
                                                     10.000    10.000 r  
    W5                                                0.000    10.000 r  clk (IN)
                         net (fo=0)                   0.000    10.000    clk
    W5                   IBUF (Prop_ibuf_I_O)         1.388    11.388 r  clk_IBUF_inst/O
                         net (fo=1, routed)           1.862    13.250    clk_IBUF
    BUFGCTRL_X0Y0        BUFG (Prop_bufg_I_O)         0.091    13.341 r  clk_IBUF_BUFG_inst/O
                         net (fo=64, routed)          1.515    14.856    U5/CLK
    SLICE_X0Y12          FDRE                                         r  U5/counter_reg[21]/C
                         clock pessimism              0.274    15.130    
                         clock uncertainty           -0.035    15.095    
    SLICE_X0Y12          FDRE (Setup_fdre_C_D)        0.062    15.157    U5/counter_reg[21]
  -------------------------------------------------------------------
                         required time                         15.157    
                         arrival time                          -7.617    
  -------------------------------------------------------------------
                         slack                                  7.540    

Slack (MET) :             7.561ns  (required time - arrival time)
  Source:                 U5/counter_reg[1]/C
                            (rising edge-triggered cell FDRE clocked by sys_clk_pin  {rise@0.000ns fall@5.000ns period=10.000ns})
  Destination:            U5/counter_reg[23]/D
                            (rising edge-triggered cell FDRE clocked by sys_clk_pin  {rise@0.000ns fall@5.000ns period=10.000ns})
  Path Group:             sys_clk_pin
  Path Type:              Setup (Max at Slow Process Corner)
  Requirement:            10.000ns  (sys_clk_pin rise@10.000ns - sys_clk_pin rise@0.000ns)
  Data Path Delay:        2.438ns  (logic 1.899ns (77.896%)  route 0.539ns (22.104%))
  Logic Levels:           6  (CARRY4=6)
  Clock Path Skew:        -0.028ns (DCD - SCD + CPR)
    Destination Clock Delay (DCD):    4.856ns = ( 14.856 - 10.000 ) 
    Source Clock Delay      (SCD):    5.158ns
    Clock Pessimism Removal (CPR):    0.274ns
  Clock Uncertainty:      0.035ns  ((TSJ^2 + TIJ^2)^1/2 + DJ) / 2 + PE
    Total System Jitter     (TSJ):    0.071ns
    Total Input Jitter      (TIJ):    0.000ns
    Discrete Jitter          (DJ):    0.000ns
    Phase Error              (PE):    0.000ns

    Location             Delay type                Incr(ns)  Path(ns)    Netlist Resource(s)
  -------------------------------------------------------------------    -------------------
                         (clock sys_clk_pin rise edge)
                                                      0.000     0.000 r  
    W5                                                0.000     0.000 r  clk (IN)
                         net (fo=0)                   0.000     0.000    clk
    W5                   IBUF (Prop_ibuf_I_O)         1.458     1.458 r  clk_IBUF_inst/O
                         net (fo=1, routed)           1.967     3.425    clk_IBUF
    BUFGCTRL_X0Y0        BUFG (Prop_bufg_I_O)         0.096     3.521 r  clk_IBUF_BUFG_inst/O
                         net (fo=64, routed)          1.637     5.158    U5/CLK
    SLICE_X0Y7           FDRE                                         r  U5/counter_reg[1]/C
  -------------------------------------------------------------------    -------------------
    SLICE_X0Y7           FDRE (Prop_fdre_C_Q)         0.456     5.614 r  U5/counter_reg[1]/Q
                         net (fo=1, routed)           0.539     6.153    U5/counter_reg_n_0_[1]
    SLICE_X0Y7           CARRY4 (Prop_carry4_S[1]_CO[3])
                                                      0.674     6.827 r  U5/counter_reg[0]_i_1/CO[3]
                         net (fo=1, routed)           0.000     6.827    U5/counter_reg[0]_i_1_n_0
    SLICE_X0Y8           CARRY4 (Prop_carry4_CI_CO[3])
                                                      0.114     6.941 r  U5/counter_reg[4]_i_1/CO[3]
                         net (fo=1, routed)           0.000     6.941    U5/counter_reg[4]_i_1_n_0
    SLICE_X0Y9           CARRY4 (Prop_carry4_CI_CO[3])
                                                      0.114     7.055 r  U5/counter_reg[8]_i_1/CO[3]
                         net (fo=1, routed)           0.000     7.055    U5/counter_reg[8]_i_1_n_0
    SLICE_X0Y10          CARRY4 (Prop_carry4_CI_CO[3])
                                                      0.114     7.169 r  U5/counter_reg[12]_i_1/CO[3]
                         net (fo=1, routed)           0.000     7.169    U5/counter_reg[12]_i_1_n_0
    SLICE_X0Y11          CARRY4 (Prop_carry4_CI_CO[3])
                                                      0.114     7.283 r  U5/counter_reg[16]_i_1/CO[3]
                         net (fo=1, routed)           0.000     7.283    U5/counter_reg[16]_i_1_n_0
    SLICE_X0Y12          CARRY4 (Prop_carry4_CI_O[3])
                                                      0.313     7.596 r  U5/counter_reg[20]_i_1/O[3]
                         net (fo=1, routed)           0.000     7.596    U5/counter_reg[20]_i_1_n_4
    SLICE_X0Y12          FDRE                                         r  U5/counter_reg[23]/D
  -------------------------------------------------------------------    -------------------

                         (clock sys_clk_pin rise edge)
                                                     10.000    10.000 r  
    W5                                                0.000    10.000 r  clk (IN)
                         net (fo=0)                   0.000    10.000    clk
    W5                   IBUF (Prop_ibuf_I_O)         1.388    11.388 r  clk_IBUF_inst/O
                         net (fo=1, routed)           1.862    13.250    clk_IBUF
    BUFGCTRL_X0Y0        BUFG (Prop_bufg_I_O)         0.091    13.341 r  clk_IBUF_BUFG_inst/O
                         net (fo=64, routed)          1.515    14.856    U5/CLK
    SLICE_X0Y12          FDRE                                         r  U5/counter_reg[23]/C
                         clock pessimism              0.274    15.130    
                         clock uncertainty           -0.035    15.095    
    SLICE_X0Y12          FDRE (Setup_fdre_C_D)        0.062    15.157    U5/counter_reg[23]
  -------------------------------------------------------------------
                         required time                         15.157    
                         arrival time                          -7.596    
  -------------------------------------------------------------------
                         slack                                  7.561    

Slack (MET) :             7.635ns  (required time - arrival time)
  Source:                 U5/counter_reg[1]/C
                            (rising edge-triggered cell FDRE clocked by sys_clk_pin  {rise@0.000ns fall@5.000ns period=10.000ns})
  Destination:            U5/counter_reg[22]/D
                            (rising edge-triggered cell FDRE clocked by sys_clk_pin  {rise@0.000ns fall@5.000ns period=10.000ns})
  Path Group:             sys_clk_pin
  Path Type:              Setup (Max at Slow Process Corner)
  Requirement:            10.000ns  (sys_clk_pin rise@10.000ns - sys_clk_pin rise@0.000ns)
  Data Path Delay:        2.364ns  (logic 1.825ns (77.204%)  route 0.539ns (22.796%))
  Logic Levels:           6  (CARRY4=6)
  Clock Path Skew:        -0.028ns (DCD - SCD + CPR)
    Destination Clock Delay (DCD):    4.856ns = ( 14.856 - 10.000 ) 
    Source Clock Delay      (SCD):    5.158ns
    Clock Pessimism Removal (CPR):    0.274ns
  Clock Uncertainty:      0.035ns  ((TSJ^2 + TIJ^2)^1/2 + DJ) / 2 + PE
    Total System Jitter     (TSJ):    0.071ns
    Total Input Jitter      (TIJ):    0.000ns
    Discrete Jitter          (DJ):    0.000ns
    Phase Error              (PE):    0.000ns

    Location             Delay type                Incr(ns)  Path(ns)    Netlist Resource(s)
  -------------------------------------------------------------------    -------------------
                         (clock sys_clk_pin rise edge)
                                                      0.000     0.000 r  
    W5                                                0.000     0.000 r  clk (IN)
                         net (fo=0)                   0.000     0.000    clk
    W5                   IBUF (Prop_ibuf_I_O)         1.458     1.458 r  clk_IBUF_inst/O
                         net (fo=1, routed)           1.967     3.425    clk_IBUF
    BUFGCTRL_X0Y0        BUFG (Prop_bufg_I_O)         0.096     3.521 r  clk_IBUF_BUFG_inst/O
                         net (fo=64, routed)          1.637     5.158    U5/CLK
    SLICE_X0Y7           FDRE                                         r  U5/counter_reg[1]/C
  -------------------------------------------------------------------    -------------------
    SLICE_X0Y7           FDRE (Prop_fdre_C_Q)         0.456     5.614 r  U5/counter_reg[1]/Q
                         net (fo=1, routed)           0.539     6.153    U5/counter_reg_n_0_[1]
    SLICE_X0Y7           CARRY4 (Prop_carry4_S[1]_CO[3])
                                                      0.674     6.827 r  U5/counter_reg[0]_i_1/CO[3]
                         net (fo=1, routed)           0.000     6.827    U5/counter_reg[0]_i_1_n_0
    SLICE_X0Y8           CARRY4 (Prop_carry4_CI_CO[3])
                                                      0.114     6.941 r  U5/counter_reg[4]_i_1/CO[3]
                         net (fo=1, routed)           0.000     6.941    U5/counter_reg[4]_i_1_n_0
    SLICE_X0Y9           CARRY4 (Prop_carry4_CI_CO[3])
                                                      0.114     7.055 r  U5/counter_reg[8]_i_1/CO[3]
                         net (fo=1, routed)           0.000     7.055    U5/counter_reg[8]_i_1_n_0
    SLICE_X0Y10          CARRY4 (Prop_carry4_CI_CO[3])
                                                      0.114     7.169 r  U5/counter_reg[12]_i_1/CO[3]
                         net (fo=1, routed)           0.000     7.169    U5/counter_reg[12]_i_1_n_0
    SLICE_X0Y11          CARRY4 (Prop_carry4_CI_CO[3])
                                                      0.114     7.283 r  U5/counter_reg[16]_i_1/CO[3]
                         net (fo=1, routed)           0.000     7.283    U5/counter_reg[16]_i_1_n_0
    SLICE_X0Y12          CARRY4 (Prop_carry4_CI_O[2])
                                                      0.239     7.522 r  U5/counter_reg[20]_i_1/O[2]
                         net (fo=1, routed)           0.000     7.522    U5/counter_reg[20]_i_1_n_5
    SLICE_X0Y12          FDRE                                         r  U5/counter_reg[22]/D
  -------------------------------------------------------------------    -------------------

                         (clock sys_clk_pin rise edge)
                                                     10.000    10.000 r  
    W5                                                0.000    10.000 r  clk (IN)
                         net (fo=0)                   0.000    10.000    clk
    W5                   IBUF (Prop_ibuf_I_O)         1.388    11.388 r  clk_IBUF_inst/O
                         net (fo=1, routed)           1.862    13.250    clk_IBUF
    BUFGCTRL_X0Y0        BUFG (Prop_bufg_I_O)         0.091    13.341 r  clk_IBUF_BUFG_inst/O
                         net (fo=64, routed)          1.515    14.856    U5/CLK
    SLICE_X0Y12          FDRE                                         r  U5/counter_reg[22]/C
                         clock pessimism              0.274    15.130    
                         clock uncertainty           -0.035    15.095    
    SLICE_X0Y12          FDRE (Setup_fdre_C_D)        0.062    15.157    U5/counter_reg[22]
  -------------------------------------------------------------------
                         required time                         15.157    
                         arrival time                          -7.522    
  -------------------------------------------------------------------
                         slack                                  7.635    

Slack (MET) :             7.651ns  (required time - arrival time)
  Source:                 U5/counter_reg[1]/C
                            (rising edge-triggered cell FDRE clocked by sys_clk_pin  {rise@0.000ns fall@5.000ns period=10.000ns})
  Destination:            U5/counter_reg[20]/D
                            (rising edge-triggered cell FDRE clocked by sys_clk_pin  {rise@0.000ns fall@5.000ns period=10.000ns})
  Path Group:             sys_clk_pin
  Path Type:              Setup (Max at Slow Process Corner)
  Requirement:            10.000ns  (sys_clk_pin rise@10.000ns - sys_clk_pin rise@0.000ns)
  Data Path Delay:        2.348ns  (logic 1.809ns (77.049%)  route 0.539ns (22.951%))
  Logic Levels:           6  (CARRY4=6)
  Clock Path Skew:        -0.028ns (DCD - SCD + CPR)
    Destination Clock Delay (DCD):    4.856ns = ( 14.856 - 10.000 ) 
    Source Clock Delay      (SCD):    5.158ns
    Clock Pessimism Removal (CPR):    0.274ns
  Clock Uncertainty:      0.035ns  ((TSJ^2 + TIJ^2)^1/2 + DJ) / 2 + PE
    Total System Jitter     (TSJ):    0.071ns
    Total Input Jitter      (TIJ):    0.000ns
    Discrete Jitter          (DJ):    0.000ns
    Phase Error              (PE):    0.000ns

    Location             Delay type                Incr(ns)  Path(ns)    Netlist Resource(s)
  -------------------------------------------------------------------    -------------------
                         (clock sys_clk_pin rise edge)
                                                      0.000     0.000 r  
    W5                                                0.000     0.000 r  clk (IN)
                         net (fo=0)                   0.000     0.000    clk
    W5                   IBUF (Prop_ibuf_I_O)         1.458     1.458 r  clk_IBUF_inst/O
                         net (fo=1, routed)           1.967     3.425    clk_IBUF
    BUFGCTRL_X0Y0        BUFG (Prop_bufg_I_O)         0.096     3.521 r  clk_IBUF_BUFG_inst/O
                         net (fo=64, routed)          1.637     5.158    U5/CLK
    SLICE_X0Y7           FDRE                                         r  U5/counter_reg[1]/C
  -------------------------------------------------------------------    -------------------
    SLICE_X0Y7           FDRE (Prop_fdre_C_Q)         0.456     5.614 r  U5/counter_reg[1]/Q
                         net (fo=1, routed)           0.539     6.153    U5/counter_reg_n_0_[1]
    SLICE_X0Y7           CARRY4 (Prop_carry4_S[1]_CO[3])
                                                      0.674     6.827 r  U5/counter_reg[0]_i_1/CO[3]
                         net (fo=1, routed)           0.000     6.827    U5/counter_reg[0]_i_1_n_0
    SLICE_X0Y8           CARRY4 (Prop_carry4_CI_CO[3])
                                                      0.114     6.941 r  U5/counter_reg[4]_i_1/CO[3]
                         net (fo=1, routed)           0.000     6.941    U5/counter_reg[4]_i_1_n_0
    SLICE_X0Y9           CARRY4 (Prop_carry4_CI_CO[3])
                                                      0.114     7.055 r  U5/counter_reg[8]_i_1/CO[3]
                         net (fo=1, routed)           0.000     7.055    U5/counter_reg[8]_i_1_n_0
    SLICE_X0Y10          CARRY4 (Prop_carry4_CI_CO[3])
                                                      0.114     7.169 r  U5/counter_reg[12]_i_1/CO[3]
                         net (fo=1, routed)           0.000     7.169    U5/counter_reg[12]_i_1_n_0
    SLICE_X0Y11          CARRY4 (Prop_carry4_CI_CO[3])
                                                      0.114     7.283 r  U5/counter_reg[16]_i_1/CO[3]
                         net (fo=1, routed)           0.000     7.283    U5/counter_reg[16]_i_1_n_0
    SLICE_X0Y12          CARRY4 (Prop_carry4_CI_O[0])
                                                      0.223     7.506 r  U5/counter_reg[20]_i_1/O[0]
                         net (fo=1, routed)           0.000     7.506    U5/counter_reg[20]_i_1_n_7
    SLICE_X0Y12          FDRE                                         r  U5/counter_reg[20]/D
  -------------------------------------------------------------------    -------------------

                         (clock sys_clk_pin rise edge)
                                                     10.000    10.000 r  
    W5                                                0.000    10.000 r  clk (IN)
                         net (fo=0)                   0.000    10.000    clk
    W5                   IBUF (Prop_ibuf_I_O)         1.388    11.388 r  clk_IBUF_inst/O
                         net (fo=1, routed)           1.862    13.250    clk_IBUF
    BUFGCTRL_X0Y0        BUFG (Prop_bufg_I_O)         0.091    13.341 r  clk_IBUF_BUFG_inst/O
                         net (fo=64, routed)          1.515    14.856    U5/CLK
    SLICE_X0Y12          FDRE                                         r  U5/counter_reg[20]/C
                         clock pessimism              0.274    15.130    
                         clock uncertainty           -0.035    15.095    
    SLICE_X0Y12          FDRE (Setup_fdre_C_D)        0.062    15.157    U5/counter_reg[20]
  -------------------------------------------------------------------
                         required time                         15.157    
                         arrival time                          -7.506    
  -------------------------------------------------------------------
                         slack                                  7.651    

Slack (MET) :             7.655ns  (required time - arrival time)
  Source:                 U5/counter_reg[1]/C
                            (rising edge-triggered cell FDRE clocked by sys_clk_pin  {rise@0.000ns fall@5.000ns period=10.000ns})
  Destination:            U5/counter_reg[17]/D
                            (rising edge-triggered cell FDRE clocked by sys_clk_pin  {rise@0.000ns fall@5.000ns period=10.000ns})
  Path Group:             sys_clk_pin
  Path Type:              Setup (Max at Slow Process Corner)
  Requirement:            10.000ns  (sys_clk_pin rise@10.000ns - sys_clk_pin rise@0.000ns)
  Data Path Delay:        2.345ns  (logic 1.806ns (77.020%)  route 0.539ns (22.980%))
  Logic Levels:           5  (CARRY4=5)
  Clock Path Skew:        -0.027ns (DCD - SCD + CPR)
    Destination Clock Delay (DCD):    4.857ns = ( 14.857 - 10.000 ) 
    Source Clock Delay      (SCD):    5.158ns
    Clock Pessimism Removal (CPR):    0.274ns
  Clock Uncertainty:      0.035ns  ((TSJ^2 + TIJ^2)^1/2 + DJ) / 2 + PE
    Total System Jitter     (TSJ):    0.071ns
    Total Input Jitter      (TIJ):    0.000ns
    Discrete Jitter          (DJ):    0.000ns
    Phase Error              (PE):    0.000ns

    Location             Delay type                Incr(ns)  Path(ns)    Netlist Resource(s)
  -------------------------------------------------------------------    -------------------
                         (clock sys_clk_pin rise edge)
                                                      0.000     0.000 r  
    W5                                                0.000     0.000 r  clk (IN)
                         net (fo=0)                   0.000     0.000    clk
    W5                   IBUF (Prop_ibuf_I_O)         1.458     1.458 r  clk_IBUF_inst/O
                         net (fo=1, routed)           1.967     3.425    clk_IBUF
    BUFGCTRL_X0Y0        BUFG (Prop_bufg_I_O)         0.096     3.521 r  clk_IBUF_BUFG_inst/O
                         net (fo=64, routed)          1.637     5.158    U5/CLK
    SLICE_X0Y7           FDRE                                         r  U5/counter_reg[1]/C
  -------------------------------------------------------------------    -------------------
    SLICE_X0Y7           FDRE (Prop_fdre_C_Q)         0.456     5.614 r  U5/counter_reg[1]/Q
                         net (fo=1, routed)           0.539     6.153    U5/counter_reg_n_0_[1]
    SLICE_X0Y7           CARRY4 (Prop_carry4_S[1]_CO[3])
                                                      0.674     6.827 r  U5/counter_reg[0]_i_1/CO[3]
                         net (fo=1, routed)           0.000     6.827    U5/counter_reg[0]_i_1_n_0
    SLICE_X0Y8           CARRY4 (Prop_carry4_CI_CO[3])
                                                      0.114     6.941 r  U5/counter_reg[4]_i_1/CO[3]
                         net (fo=1, routed)           0.000     6.941    U5/counter_reg[4]_i_1_n_0
    SLICE_X0Y9           CARRY4 (Prop_carry4_CI_CO[3])
                                                      0.114     7.055 r  U5/counter_reg[8]_i_1/CO[3]
                         net (fo=1, routed)           0.000     7.055    U5/counter_reg[8]_i_1_n_0
    SLICE_X0Y10          CARRY4 (Prop_carry4_CI_CO[3])
                                                      0.114     7.169 r  U5/counter_reg[12]_i_1/CO[3]
                         net (fo=1, routed)           0.000     7.169    U5/counter_reg[12]_i_1_n_0
    SLICE_X0Y11          CARRY4 (Prop_carry4_CI_O[1])
                                                      0.334     7.503 r  U5/counter_reg[16]_i_1/O[1]
                         net (fo=1, routed)           0.000     7.503    U5/counter_reg[16]_i_1_n_6
    SLICE_X0Y11          FDRE                                         r  U5/counter_reg[17]/D
  -------------------------------------------------------------------    -------------------

                         (clock sys_clk_pin rise edge)
                                                     10.000    10.000 r  
    W5                                                0.000    10.000 r  clk (IN)
                         net (fo=0)                   0.000    10.000    clk
    W5                   IBUF (Prop_ibuf_I_O)         1.388    11.388 r  clk_IBUF_inst/O
                         net (fo=1, routed)           1.862    13.250    clk_IBUF
    BUFGCTRL_X0Y0        BUFG (Prop_bufg_I_O)         0.091    13.341 r  clk_IBUF_BUFG_inst/O
                         net (fo=64, routed)          1.516    14.857    U5/CLK
    SLICE_X0Y11          FDRE                                         r  U5/counter_reg[17]/C
                         clock pessimism              0.274    15.131    
                         clock uncertainty           -0.035    15.096    
    SLICE_X0Y11          FDRE (Setup_fdre_C_D)        0.062    15.158    U5/counter_reg[17]
  -------------------------------------------------------------------
                         required time                         15.158    
                         arrival time                          -7.503    
  -------------------------------------------------------------------
                         slack                                  7.655    

Slack (MET) :             7.676ns  (required time - arrival time)
  Source:                 U5/counter_reg[1]/C
                            (rising edge-triggered cell FDRE clocked by sys_clk_pin  {rise@0.000ns fall@5.000ns period=10.000ns})
  Destination:            U5/counter_reg[19]/D
                            (rising edge-triggered cell FDRE clocked by sys_clk_pin  {rise@0.000ns fall@5.000ns period=10.000ns})
  Path Group:             sys_clk_pin
  Path Type:              Setup (Max at Slow Process Corner)
  Requirement:            10.000ns  (sys_clk_pin rise@10.000ns - sys_clk_pin rise@0.000ns)
  Data Path Delay:        2.324ns  (logic 1.785ns (76.812%)  route 0.539ns (23.188%))
  Logic Levels:           5  (CARRY4=5)
  Clock Path Skew:        -0.027ns (DCD - SCD + CPR)
    Destination Clock Delay (DCD):    4.857ns = ( 14.857 - 10.000 ) 
    Source Clock Delay      (SCD):    5.158ns
    Clock Pessimism Removal (CPR):    0.274ns
  Clock Uncertainty:      0.035ns  ((TSJ^2 + TIJ^2)^1/2 + DJ) / 2 + PE
    Total System Jitter     (TSJ):    0.071ns
    Total Input Jitter      (TIJ):    0.000ns
    Discrete Jitter          (DJ):    0.000ns
    Phase Error              (PE):    0.000ns

    Location             Delay type                Incr(ns)  Path(ns)    Netlist Resource(s)
  -------------------------------------------------------------------    -------------------
                         (clock sys_clk_pin rise edge)
                                                      0.000     0.000 r  
    W5                                                0.000     0.000 r  clk (IN)
                         net (fo=0)                   0.000     0.000    clk
    W5                   IBUF (Prop_ibuf_I_O)         1.458     1.458 r  clk_IBUF_inst/O
                         net (fo=1, routed)           1.967     3.425    clk_IBUF
    BUFGCTRL_X0Y0        BUFG (Prop_bufg_I_O)         0.096     3.521 r  clk_IBUF_BUFG_inst/O
                         net (fo=64, routed)          1.637     5.158    U5/CLK
    SLICE_X0Y7           FDRE                                         r  U5/counter_reg[1]/C
  -------------------------------------------------------------------    -------------------
    SLICE_X0Y7           FDRE (Prop_fdre_C_Q)         0.456     5.614 r  U5/counter_reg[1]/Q
                         net (fo=1, routed)           0.539     6.153    U5/counter_reg_n_0_[1]
    SLICE_X0Y7           CARRY4 (Prop_carry4_S[1]_CO[3])
                                                      0.674     6.827 r  U5/counter_reg[0]_i_1/CO[3]
                         net (fo=1, routed)           0.000     6.827    U5/counter_reg[0]_i_1_n_0
    SLICE_X0Y8           CARRY4 (Prop_carry4_CI_CO[3])
                                                      0.114     6.941 r  U5/counter_reg[4]_i_1/CO[3]
                         net (fo=1, routed)           0.000     6.941    U5/counter_reg[4]_i_1_n_0
    SLICE_X0Y9           CARRY4 (Prop_carry4_CI_CO[3])
                                                      0.114     7.055 r  U5/counter_reg[8]_i_1/CO[3]
                         net (fo=1, routed)           0.000     7.055    U5/counter_reg[8]_i_1_n_0
    SLICE_X0Y10          CARRY4 (Prop_carry4_CI_CO[3])
                                                      0.114     7.169 r  U5/counter_reg[12]_i_1/CO[3]
                         net (fo=1, routed)           0.000     7.169    U5/counter_reg[12]_i_1_n_0
    SLICE_X0Y11          CARRY4 (Prop_carry4_CI_O[3])
                                                      0.313     7.482 r  U5/counter_reg[16]_i_1/O[3]
                         net (fo=1, routed)           0.000     7.482    U5/counter_reg[16]_i_1_n_4
    SLICE_X0Y11          FDRE                                         r  U5/counter_reg[19]/D
  -------------------------------------------------------------------    -------------------

                         (clock sys_clk_pin rise edge)
                                                     10.000    10.000 r  
    W5                                                0.000    10.000 r  clk (IN)
                         net (fo=0)                   0.000    10.000    clk
    W5                   IBUF (Prop_ibuf_I_O)         1.388    11.388 r  clk_IBUF_inst/O
                         net (fo=1, routed)           1.862    13.250    clk_IBUF
    BUFGCTRL_X0Y0        BUFG (Prop_bufg_I_O)         0.091    13.341 r  clk_IBUF_BUFG_inst/O
                         net (fo=64, routed)          1.516    14.857    U5/CLK
    SLICE_X0Y11          FDRE                                         r  U5/counter_reg[19]/C
                         clock pessimism              0.274    15.131    
                         clock uncertainty           -0.035    15.096    
    SLICE_X0Y11          FDRE (Setup_fdre_C_D)        0.062    15.158    U5/counter_reg[19]
  -------------------------------------------------------------------
                         required time                         15.158    
                         arrival time                          -7.482    
  -------------------------------------------------------------------
                         slack                                  7.676    





Min Delay Paths
--------------------------------------------------------------------------------------
Slack (MET) :             0.099ns  (arrival time - required time)
  Source:                 U1/reg_d_reg[7]/C
                            (rising edge-triggered cell FDRE clocked by sys_clk_pin  {rise@0.000ns fall@5.000ns period=10.000ns})
  Destination:            U1/U1/U0/synth_options.dist_mem_inst/gen_sp_ram.spram_inst/ram_reg_0_63_7_7/SP/I
                            (rising edge-triggered cell RAMS64E clocked by sys_clk_pin  {rise@0.000ns fall@5.000ns period=10.000ns})
  Path Group:             sys_clk_pin
  Path Type:              Hold (Min at Fast Process Corner)
  Requirement:            0.000ns  (sys_clk_pin rise@0.000ns - sys_clk_pin rise@0.000ns)
  Data Path Delay:        0.257ns  (logic 0.141ns (54.858%)  route 0.116ns (45.142%))
  Logic Levels:           0  
  Clock Path Skew:        0.014ns (DCD - SCD - CPR)
    Destination Clock Delay (DCD):    1.986ns
    Source Clock Delay      (SCD):    1.473ns
    Clock Pessimism Removal (CPR):    0.499ns

    Location             Delay type                Incr(ns)  Path(ns)    Netlist Resource(s)
  -------------------------------------------------------------------    -------------------
                         (clock sys_clk_pin rise edge)
                                                      0.000     0.000 r  
    W5                                                0.000     0.000 r  clk (IN)
                         net (fo=0)                   0.000     0.000    clk
    W5                   IBUF (Prop_ibuf_I_O)         0.226     0.226 r  clk_IBUF_inst/O
                         net (fo=1, routed)           0.631     0.858    clk_IBUF
    BUFGCTRL_X0Y0        BUFG (Prop_bufg_I_O)         0.026     0.884 r  clk_IBUF_BUFG_inst/O
                         net (fo=64, routed)          0.590     1.473    U1/CLK
    SLICE_X0Y16          FDRE                                         r  U1/reg_d_reg[7]/C
  -------------------------------------------------------------------    -------------------
    SLICE_X0Y16          FDRE (Prop_fdre_C_Q)         0.141     1.614 r  U1/reg_d_reg[7]/Q
                         net (fo=2, routed)           0.116     1.730    U1/U1/U0/synth_options.dist_mem_inst/gen_sp_ram.spram_inst/ram_reg_0_63_7_7/D
    SLICE_X2Y16          RAMS64E                                      r  U1/U1/U0/synth_options.dist_mem_inst/gen_sp_ram.spram_inst/ram_reg_0_63_7_7/SP/I
  -------------------------------------------------------------------    -------------------

                         (clock sys_clk_pin rise edge)
                                                      0.000     0.000 r  
    W5                                                0.000     0.000 r  clk (IN)
                         net (fo=0)                   0.000     0.000    clk
    W5                   IBUF (Prop_ibuf_I_O)         0.414     0.414 r  clk_IBUF_inst/O
                         net (fo=1, routed)           0.685     1.099    clk_IBUF
    BUFGCTRL_X0Y0        BUFG (Prop_bufg_I_O)         0.029     1.128 r  clk_IBUF_BUFG_inst/O
                         net (fo=64, routed)          0.859     1.986    U1/U1/U0/synth_options.dist_mem_inst/gen_sp_ram.spram_inst/ram_reg_0_63_7_7/WCLK
    SLICE_X2Y16          RAMS64E                                      r  U1/U1/U0/synth_options.dist_mem_inst/gen_sp_ram.spram_inst/ram_reg_0_63_7_7/SP/CLK
                         clock pessimism             -0.499     1.487    
    SLICE_X2Y16          RAMS64E (Hold_rams64e_CLK_I)
                                                      0.144     1.631    U1/U1/U0/synth_options.dist_mem_inst/gen_sp_ram.spram_inst/ram_reg_0_63_7_7/SP
  -------------------------------------------------------------------
                         required time                         -1.631    
                         arrival time                           1.730    
  -------------------------------------------------------------------
                         slack                                  0.099    

Slack (MET) :             0.173ns  (arrival time - required time)
  Source:                 U1/reg_d_reg[4]/C
                            (rising edge-triggered cell FDRE clocked by sys_clk_pin  {rise@0.000ns fall@5.000ns period=10.000ns})
  Destination:            U1/U1/U0/synth_options.dist_mem_inst/gen_sp_ram.spram_inst/ram_reg_0_63_4_4/SP/I
                            (rising edge-triggered cell RAMS64E clocked by sys_clk_pin  {rise@0.000ns fall@5.000ns period=10.000ns})
  Path Group:             sys_clk_pin
  Path Type:              Hold (Min at Fast Process Corner)
  Requirement:            0.000ns  (sys_clk_pin rise@0.000ns - sys_clk_pin rise@0.000ns)
  Data Path Delay:        0.278ns  (logic 0.148ns (53.210%)  route 0.130ns (46.790%))
  Logic Levels:           0  
  Clock Path Skew:        0.015ns (DCD - SCD - CPR)
    Destination Clock Delay (DCD):    1.986ns
    Source Clock Delay      (SCD):    1.472ns
    Clock Pessimism Removal (CPR):    0.499ns

    Location             Delay type                Incr(ns)  Path(ns)    Netlist Resource(s)
  -------------------------------------------------------------------    -------------------
                         (clock sys_clk_pin rise edge)
                                                      0.000     0.000 r  
    W5                                                0.000     0.000 r  clk (IN)
                         net (fo=0)                   0.000     0.000    clk
    W5                   IBUF (Prop_ibuf_I_O)         0.226     0.226 r  clk_IBUF_inst/O
                         net (fo=1, routed)           0.631     0.858    clk_IBUF
    BUFGCTRL_X0Y0        BUFG (Prop_bufg_I_O)         0.026     0.884 r  clk_IBUF_BUFG_inst/O
                         net (fo=64, routed)          0.589     1.472    U1/CLK
    SLICE_X2Y17          FDRE                                         r  U1/reg_d_reg[4]/C
  -------------------------------------------------------------------    -------------------
    SLICE_X2Y17          FDRE (Prop_fdre_C_Q)         0.148     1.620 r  U1/reg_d_reg[4]/Q
                         net (fo=2, routed)           0.130     1.750    U1/U1/U0/synth_options.dist_mem_inst/gen_sp_ram.spram_inst/ram_reg_0_63_4_4/D
    SLICE_X2Y16          RAMS64E                                      r  U1/U1/U0/synth_options.dist_mem_inst/gen_sp_ram.spram_inst/ram_reg_0_63_4_4/SP/I
  -------------------------------------------------------------------    -------------------

                         (clock sys_clk_pin rise edge)
                                                      0.000     0.000 r  
    W5                                                0.000     0.000 r  clk (IN)
                         net (fo=0)                   0.000     0.000    clk
    W5                   IBUF (Prop_ibuf_I_O)         0.414     0.414 r  clk_IBUF_inst/O
                         net (fo=1, routed)           0.685     1.099    clk_IBUF
    BUFGCTRL_X0Y0        BUFG (Prop_bufg_I_O)         0.029     1.128 r  clk_IBUF_BUFG_inst/O
                         net (fo=64, routed)          0.859     1.986    U1/U1/U0/synth_options.dist_mem_inst/gen_sp_ram.spram_inst/ram_reg_0_63_4_4/WCLK
    SLICE_X2Y16          RAMS64E                                      r  U1/U1/U0/synth_options.dist_mem_inst/gen_sp_ram.spram_inst/ram_reg_0_63_4_4/SP/CLK
                         clock pessimism             -0.499     1.487    
    SLICE_X2Y16          RAMS64E (Hold_rams64e_CLK_I)
                                                      0.090     1.577    U1/U1/U0/synth_options.dist_mem_inst/gen_sp_ram.spram_inst/ram_reg_0_63_4_4/SP
  -------------------------------------------------------------------
                         required time                         -1.577    
                         arrival time                           1.750    
  -------------------------------------------------------------------
                         slack                                  0.173    

Slack (MET) :             0.188ns  (arrival time - required time)
  Source:                 U1/reg_d_reg[1]/C
                            (rising edge-triggered cell FDRE clocked by sys_clk_pin  {rise@0.000ns fall@5.000ns period=10.000ns})
  Destination:            U1/U1/U0/synth_options.dist_mem_inst/gen_sp_ram.spram_inst/ram_reg_0_63_1_1/SP/I
                            (rising edge-triggered cell RAMS64E clocked by sys_clk_pin  {rise@0.000ns fall@5.000ns period=10.000ns})
  Path Group:             sys_clk_pin
  Path Type:              Hold (Min at Fast Process Corner)
  Requirement:            0.000ns  (sys_clk_pin rise@0.000ns - sys_clk_pin rise@0.000ns)
  Data Path Delay:        0.351ns  (logic 0.164ns (46.669%)  route 0.187ns (53.331%))
  Logic Levels:           0  
  Clock Path Skew:        0.016ns (DCD - SCD - CPR)
    Destination Clock Delay (DCD):    1.987ns
    Source Clock Delay      (SCD):    1.472ns
    Clock Pessimism Removal (CPR):    0.499ns

    Location             Delay type                Incr(ns)  Path(ns)    Netlist Resource(s)
  -------------------------------------------------------------------    -------------------
                         (clock sys_clk_pin rise edge)
                                                      0.000     0.000 r  
    W5                                                0.000     0.000 r  clk (IN)
                         net (fo=0)                   0.000     0.000    clk
    W5                   IBUF (Prop_ibuf_I_O)         0.226     0.226 r  clk_IBUF_inst/O
                         net (fo=1, routed)           0.631     0.858    clk_IBUF
    BUFGCTRL_X0Y0        BUFG (Prop_bufg_I_O)         0.026     0.884 r  clk_IBUF_BUFG_inst/O
                         net (fo=64, routed)          0.589     1.472    U1/CLK
    SLICE_X2Y17          FDRE                                         r  U1/reg_d_reg[1]/C
  -------------------------------------------------------------------    -------------------
    SLICE_X2Y17          FDRE (Prop_fdre_C_Q)         0.164     1.636 r  U1/reg_d_reg[1]/Q
                         net (fo=2, routed)           0.187     1.824    U1/U1/U0/synth_options.dist_mem_inst/gen_sp_ram.spram_inst/ram_reg_0_63_1_1/D
    SLICE_X2Y15          RAMS64E                                      r  U1/U1/U0/synth_options.dist_mem_inst/gen_sp_ram.spram_inst/ram_reg_0_63_1_1/SP/I
  -------------------------------------------------------------------    -------------------

                         (clock sys_clk_pin rise edge)
                                                      0.000     0.000 r  
    W5                                                0.000     0.000 r  clk (IN)
                         net (fo=0)                   0.000     0.000    clk
    W5                   IBUF (Prop_ibuf_I_O)         0.414     0.414 r  clk_IBUF_inst/O
                         net (fo=1, routed)           0.685     1.099    clk_IBUF
    BUFGCTRL_X0Y0        BUFG (Prop_bufg_I_O)         0.029     1.128 r  clk_IBUF_BUFG_inst/O
                         net (fo=64, routed)          0.860     1.987    U1/U1/U0/synth_options.dist_mem_inst/gen_sp_ram.spram_inst/ram_reg_0_63_1_1/WCLK
    SLICE_X2Y15          RAMS64E                                      r  U1/U1/U0/synth_options.dist_mem_inst/gen_sp_ram.spram_inst/ram_reg_0_63_1_1/SP/CLK
                         clock pessimism             -0.499     1.488    
    SLICE_X2Y15          RAMS64E (Hold_rams64e_CLK_I)
                                                      0.147     1.635    U1/U1/U0/synth_options.dist_mem_inst/gen_sp_ram.spram_inst/ram_reg_0_63_1_1/SP
  -------------------------------------------------------------------
                         required time                         -1.635    
                         arrival time                           1.824    
  -------------------------------------------------------------------
                         slack                                  0.188    

Slack (MET) :             0.189ns  (arrival time - required time)
  Source:                 U1/reg_d_reg[0]/C
                            (rising edge-triggered cell FDRE clocked by sys_clk_pin  {rise@0.000ns fall@5.000ns period=10.000ns})
  Destination:            U1/U1/U0/synth_options.dist_mem_inst/gen_sp_ram.spram_inst/ram_reg_0_63_0_0/SP/I
                            (rising edge-triggered cell RAMS64E clocked by sys_clk_pin  {rise@0.000ns fall@5.000ns period=10.000ns})
  Path Group:             sys_clk_pin
  Path Type:              Hold (Min at Fast Process Corner)
  Requirement:            0.000ns  (sys_clk_pin rise@0.000ns - sys_clk_pin rise@0.000ns)
  Data Path Delay:        0.349ns  (logic 0.164ns (47.045%)  route 0.185ns (52.955%))
  Logic Levels:           0  
  Clock Path Skew:        0.016ns (DCD - SCD - CPR)
    Destination Clock Delay (DCD):    1.987ns
    Source Clock Delay      (SCD):    1.472ns
    Clock Pessimism Removal (CPR):    0.499ns

    Location             Delay type                Incr(ns)  Path(ns)    Netlist Resource(s)
  -------------------------------------------------------------------    -------------------
                         (clock sys_clk_pin rise edge)
                                                      0.000     0.000 r  
    W5                                                0.000     0.000 r  clk (IN)
                         net (fo=0)                   0.000     0.000    clk
    W5                   IBUF (Prop_ibuf_I_O)         0.226     0.226 r  clk_IBUF_inst/O
                         net (fo=1, routed)           0.631     0.858    clk_IBUF
    BUFGCTRL_X0Y0        BUFG (Prop_bufg_I_O)         0.026     0.884 r  clk_IBUF_BUFG_inst/O
                         net (fo=64, routed)          0.589     1.472    U1/CLK
    SLICE_X2Y17          FDRE                                         r  U1/reg_d_reg[0]/C
  -------------------------------------------------------------------    -------------------
    SLICE_X2Y17          FDRE (Prop_fdre_C_Q)         0.164     1.636 r  U1/reg_d_reg[0]/Q
                         net (fo=2, routed)           0.185     1.821    U1/U1/U0/synth_options.dist_mem_inst/gen_sp_ram.spram_inst/ram_reg_0_63_0_0/D
    SLICE_X2Y15          RAMS64E                                      r  U1/U1/U0/synth_options.dist_mem_inst/gen_sp_ram.spram_inst/ram_reg_0_63_0_0/SP/I
  -------------------------------------------------------------------    -------------------

                         (clock sys_clk_pin rise edge)
                                                      0.000     0.000 r  
    W5                                                0.000     0.000 r  clk (IN)
                         net (fo=0)                   0.000     0.000    clk
    W5                   IBUF (Prop_ibuf_I_O)         0.414     0.414 r  clk_IBUF_inst/O
                         net (fo=1, routed)           0.685     1.099    clk_IBUF
    BUFGCTRL_X0Y0        BUFG (Prop_bufg_I_O)         0.029     1.128 r  clk_IBUF_BUFG_inst/O
                         net (fo=64, routed)          0.860     1.987    U1/U1/U0/synth_options.dist_mem_inst/gen_sp_ram.spram_inst/ram_reg_0_63_0_0/WCLK
    SLICE_X2Y15          RAMS64E                                      r  U1/U1/U0/synth_options.dist_mem_inst/gen_sp_ram.spram_inst/ram_reg_0_63_0_0/SP/CLK
                         clock pessimism             -0.499     1.488    
    SLICE_X2Y15          RAMS64E (Hold_rams64e_CLK_I)
                                                      0.144     1.632    U1/U1/U0/synth_options.dist_mem_inst/gen_sp_ram.spram_inst/ram_reg_0_63_0_0/SP
  -------------------------------------------------------------------
                         required time                         -1.632    
                         arrival time                           1.821    
  -------------------------------------------------------------------
                         slack                                  0.189    

Slack (MET) :             0.223ns  (arrival time - required time)
  Source:                 U1/reg_d_reg[5]/C
                            (rising edge-triggered cell FDRE clocked by sys_clk_pin  {rise@0.000ns fall@5.000ns period=10.000ns})
  Destination:            U1/U1/U0/synth_options.dist_mem_inst/gen_sp_ram.spram_inst/ram_reg_0_63_5_5/SP/I
                            (rising edge-triggered cell RAMS64E clocked by sys_clk_pin  {rise@0.000ns fall@5.000ns period=10.000ns})
  Path Group:             sys_clk_pin
  Path Type:              Hold (Min at Fast Process Corner)
  Requirement:            0.000ns  (sys_clk_pin rise@0.000ns - sys_clk_pin rise@0.000ns)
  Data Path Delay:        0.332ns  (logic 0.148ns (44.603%)  route 0.184ns (55.397%))
  Logic Levels:           0  
  Clock Path Skew:        0.015ns (DCD - SCD - CPR)
    Destination Clock Delay (DCD):    1.986ns
    Source Clock Delay      (SCD):    1.472ns
    Clock Pessimism Removal (CPR):    0.499ns

    Location             Delay type                Incr(ns)  Path(ns)    Netlist Resource(s)
  -------------------------------------------------------------------    -------------------
                         (clock sys_clk_pin rise edge)
                                                      0.000     0.000 r  
    W5                                                0.000     0.000 r  clk (IN)
                         net (fo=0)                   0.000     0.000    clk
    W5                   IBUF (Prop_ibuf_I_O)         0.226     0.226 r  clk_IBUF_inst/O
                         net (fo=1, routed)           0.631     0.858    clk_IBUF
    BUFGCTRL_X0Y0        BUFG (Prop_bufg_I_O)         0.026     0.884 r  clk_IBUF_BUFG_inst/O
                         net (fo=64, routed)          0.589     1.472    U1/CLK
    SLICE_X2Y17          FDRE                                         r  U1/reg_d_reg[5]/C
  -------------------------------------------------------------------    -------------------
    SLICE_X2Y17          FDRE (Prop_fdre_C_Q)         0.148     1.620 r  U1/reg_d_reg[5]/Q
                         net (fo=2, routed)           0.184     1.804    U1/U1/U0/synth_options.dist_mem_inst/gen_sp_ram.spram_inst/ram_reg_0_63_5_5/D
    SLICE_X2Y16          RAMS64E                                      r  U1/U1/U0/synth_options.dist_mem_inst/gen_sp_ram.spram_inst/ram_reg_0_63_5_5/SP/I
  -------------------------------------------------------------------    -------------------

                         (clock sys_clk_pin rise edge)
                                                      0.000     0.000 r  
    W5                                                0.000     0.000 r  clk (IN)
                         net (fo=0)                   0.000     0.000    clk
    W5                   IBUF (Prop_ibuf_I_O)         0.414     0.414 r  clk_IBUF_inst/O
                         net (fo=1, routed)           0.685     1.099    clk_IBUF
    BUFGCTRL_X0Y0        BUFG (Prop_bufg_I_O)         0.029     1.128 r  clk_IBUF_BUFG_inst/O
                         net (fo=64, routed)          0.859     1.986    U1/U1/U0/synth_options.dist_mem_inst/gen_sp_ram.spram_inst/ram_reg_0_63_5_5/WCLK
    SLICE_X2Y16          RAMS64E                                      r  U1/U1/U0/synth_options.dist_mem_inst/gen_sp_ram.spram_inst/ram_reg_0_63_5_5/SP/CLK
                         clock pessimism             -0.499     1.487    
    SLICE_X2Y16          RAMS64E (Hold_rams64e_CLK_I)
                                                      0.094     1.581    U1/U1/U0/synth_options.dist_mem_inst/gen_sp_ram.spram_inst/ram_reg_0_63_5_5/SP
  -------------------------------------------------------------------
                         required time                         -1.581    
                         arrival time                           1.804    
  -------------------------------------------------------------------
                         slack                                  0.223    

Slack (MET) :             0.252ns  (arrival time - required time)
  Source:                 U6/count_reg[11]/C
                            (rising edge-triggered cell FDRE clocked by sys_clk_pin  {rise@0.000ns fall@5.000ns period=10.000ns})
  Destination:            U6/count_reg[11]/D
                            (rising edge-triggered cell FDRE clocked by sys_clk_pin  {rise@0.000ns fall@5.000ns period=10.000ns})
  Path Group:             sys_clk_pin
  Path Type:              Hold (Min at Fast Process Corner)
  Requirement:            0.000ns  (sys_clk_pin rise@0.000ns - sys_clk_pin rise@0.000ns)
  Data Path Delay:        0.357ns  (logic 0.249ns (69.714%)  route 0.108ns (30.286%))
  Logic Levels:           1  (CARRY4=1)
  Clock Path Skew:        0.000ns (DCD - SCD - CPR)
    Destination Clock Delay (DCD):    1.986ns
    Source Clock Delay      (SCD):    1.473ns
    Clock Pessimism Removal (CPR):    0.513ns

    Location             Delay type                Incr(ns)  Path(ns)    Netlist Resource(s)
  -------------------------------------------------------------------    -------------------
                         (clock sys_clk_pin rise edge)
                                                      0.000     0.000 r  
    W5                                                0.000     0.000 r  clk (IN)
                         net (fo=0)                   0.000     0.000    clk
    W5                   IBUF (Prop_ibuf_I_O)         0.226     0.226 r  clk_IBUF_inst/O
                         net (fo=1, routed)           0.631     0.858    clk_IBUF
    BUFGCTRL_X0Y0        BUFG (Prop_bufg_I_O)         0.026     0.884 r  clk_IBUF_BUFG_inst/O
                         net (fo=64, routed)          0.590     1.473    U6/CLK
    SLICE_X3Y16          FDRE                                         r  U6/count_reg[11]/C
  -------------------------------------------------------------------    -------------------
    SLICE_X3Y16          FDRE (Prop_fdre_C_Q)         0.141     1.614 r  U6/count_reg[11]/Q
                         net (fo=1, routed)           0.108     1.722    U6/count_reg_n_0_[11]
    SLICE_X3Y16          CARRY4 (Prop_carry4_S[3]_O[3])
                                                      0.108     1.830 r  U6/count_reg[8]_i_1/O[3]
                         net (fo=1, routed)           0.000     1.830    U6/count_reg[8]_i_1_n_4
    SLICE_X3Y16          FDRE                                         r  U6/count_reg[11]/D
  -------------------------------------------------------------------    -------------------

                         (clock sys_clk_pin rise edge)
                                                      0.000     0.000 r  
    W5                                                0.000     0.000 r  clk (IN)
                         net (fo=0)                   0.000     0.000    clk
    W5                   IBUF (Prop_ibuf_I_O)         0.414     0.414 r  clk_IBUF_inst/O
                         net (fo=1, routed)           0.685     1.099    clk_IBUF
    BUFGCTRL_X0Y0        BUFG (Prop_bufg_I_O)         0.029     1.128 r  clk_IBUF_BUFG_inst/O
                         net (fo=64, routed)          0.859     1.986    U6/CLK
    SLICE_X3Y16          FDRE                                         r  U6/count_reg[11]/C
                         clock pessimism             -0.513     1.473    
    SLICE_X3Y16          FDRE (Hold_fdre_C_D)         0.105     1.578    U6/count_reg[11]
  -------------------------------------------------------------------
                         required time                         -1.578    
                         arrival time                           1.830    
  -------------------------------------------------------------------
                         slack                                  0.252    

Slack (MET) :             0.252ns  (arrival time - required time)
  Source:                 U6/count_reg[15]/C
                            (rising edge-triggered cell FDRE clocked by sys_clk_pin  {rise@0.000ns fall@5.000ns period=10.000ns})
  Destination:            U6/count_reg[15]/D
                            (rising edge-triggered cell FDRE clocked by sys_clk_pin  {rise@0.000ns fall@5.000ns period=10.000ns})
  Path Group:             sys_clk_pin
  Path Type:              Hold (Min at Fast Process Corner)
  Requirement:            0.000ns  (sys_clk_pin rise@0.000ns - sys_clk_pin rise@0.000ns)
  Data Path Delay:        0.357ns  (logic 0.249ns (69.714%)  route 0.108ns (30.286%))
  Logic Levels:           1  (CARRY4=1)
  Clock Path Skew:        0.000ns (DCD - SCD - CPR)
    Destination Clock Delay (DCD):    1.985ns
    Source Clock Delay      (SCD):    1.472ns
    Clock Pessimism Removal (CPR):    0.513ns

    Location             Delay type                Incr(ns)  Path(ns)    Netlist Resource(s)
  -------------------------------------------------------------------    -------------------
                         (clock sys_clk_pin rise edge)
                                                      0.000     0.000 r  
    W5                                                0.000     0.000 r  clk (IN)
                         net (fo=0)                   0.000     0.000    clk
    W5                   IBUF (Prop_ibuf_I_O)         0.226     0.226 r  clk_IBUF_inst/O
                         net (fo=1, routed)           0.631     0.858    clk_IBUF
    BUFGCTRL_X0Y0        BUFG (Prop_bufg_I_O)         0.026     0.884 r  clk_IBUF_BUFG_inst/O
                         net (fo=64, routed)          0.589     1.472    U6/CLK
    SLICE_X3Y17          FDRE                                         r  U6/count_reg[15]/C
  -------------------------------------------------------------------    -------------------
    SLICE_X3Y17          FDRE (Prop_fdre_C_Q)         0.141     1.613 r  U6/count_reg[15]/Q
                         net (fo=1, routed)           0.108     1.721    U6/count_reg_n_0_[15]
    SLICE_X3Y17          CARRY4 (Prop_carry4_S[3]_O[3])
                                                      0.108     1.829 r  U6/count_reg[12]_i_1/O[3]
                         net (fo=1, routed)           0.000     1.829    U6/count_reg[12]_i_1_n_4
    SLICE_X3Y17          FDRE                                         r  U6/count_reg[15]/D
  -------------------------------------------------------------------    -------------------

                         (clock sys_clk_pin rise edge)
                                                      0.000     0.000 r  
    W5                                                0.000     0.000 r  clk (IN)
                         net (fo=0)                   0.000     0.000    clk
    W5                   IBUF (Prop_ibuf_I_O)         0.414     0.414 r  clk_IBUF_inst/O
                         net (fo=1, routed)           0.685     1.099    clk_IBUF
    BUFGCTRL_X0Y0        BUFG (Prop_bufg_I_O)         0.029     1.128 r  clk_IBUF_BUFG_inst/O
                         net (fo=64, routed)          0.858     1.985    U6/CLK
    SLICE_X3Y17          FDRE                                         r  U6/count_reg[15]/C
                         clock pessimism             -0.513     1.472    
    SLICE_X3Y17          FDRE (Hold_fdre_C_D)         0.105     1.577    U6/count_reg[15]
  -------------------------------------------------------------------
                         required time                         -1.577    
                         arrival time                           1.829    
  -------------------------------------------------------------------
                         slack                                  0.252    

Slack (MET) :             0.252ns  (arrival time - required time)
  Source:                 U6/count_reg[3]/C
                            (rising edge-triggered cell FDRE clocked by sys_clk_pin  {rise@0.000ns fall@5.000ns period=10.000ns})
  Destination:            U6/count_reg[3]/D
                            (rising edge-triggered cell FDRE clocked by sys_clk_pin  {rise@0.000ns fall@5.000ns period=10.000ns})
  Path Group:             sys_clk_pin
  Path Type:              Hold (Min at Fast Process Corner)
  Requirement:            0.000ns  (sys_clk_pin rise@0.000ns - sys_clk_pin rise@0.000ns)
  Data Path Delay:        0.357ns  (logic 0.249ns (69.714%)  route 0.108ns (30.286%))
  Logic Levels:           1  (CARRY4=1)
  Clock Path Skew:        0.000ns (DCD - SCD - CPR)
    Destination Clock Delay (DCD):    1.988ns
    Source Clock Delay      (SCD):    1.474ns
    Clock Pessimism Removal (CPR):    0.514ns

    Location             Delay type                Incr(ns)  Path(ns)    Netlist Resource(s)
  -------------------------------------------------------------------    -------------------
                         (clock sys_clk_pin rise edge)
                                                      0.000     0.000 r  
    W5                                                0.000     0.000 r  clk (IN)
                         net (fo=0)                   0.000     0.000    clk
    W5                   IBUF (Prop_ibuf_I_O)         0.226     0.226 r  clk_IBUF_inst/O
                         net (fo=1, routed)           0.631     0.858    clk_IBUF
    BUFGCTRL_X0Y0        BUFG (Prop_bufg_I_O)         0.026     0.884 r  clk_IBUF_BUFG_inst/O
                         net (fo=64, routed)          0.591     1.474    U6/CLK
    SLICE_X3Y14          FDRE                                         r  U6/count_reg[3]/C
  -------------------------------------------------------------------    -------------------
    SLICE_X3Y14          FDRE (Prop_fdre_C_Q)         0.141     1.615 r  U6/count_reg[3]/Q
                         net (fo=1, routed)           0.108     1.723    U6/count_reg_n_0_[3]
    SLICE_X3Y14          CARRY4 (Prop_carry4_S[3]_O[3])
                                                      0.108     1.831 r  U6/count_reg[0]_i_1/O[3]
                         net (fo=1, routed)           0.000     1.831    U6/count_reg[0]_i_1_n_4
    SLICE_X3Y14          FDRE                                         r  U6/count_reg[3]/D
  -------------------------------------------------------------------    -------------------

                         (clock sys_clk_pin rise edge)
                                                      0.000     0.000 r  
    W5                                                0.000     0.000 r  clk (IN)
                         net (fo=0)                   0.000     0.000    clk
    W5                   IBUF (Prop_ibuf_I_O)         0.414     0.414 r  clk_IBUF_inst/O
                         net (fo=1, routed)           0.685     1.099    clk_IBUF
    BUFGCTRL_X0Y0        BUFG (Prop_bufg_I_O)         0.029     1.128 r  clk_IBUF_BUFG_inst/O
                         net (fo=64, routed)          0.861     1.988    U6/CLK
    SLICE_X3Y14          FDRE                                         r  U6/count_reg[3]/C
                         clock pessimism             -0.514     1.474    
    SLICE_X3Y14          FDRE (Hold_fdre_C_D)         0.105     1.579    U6/count_reg[3]
  -------------------------------------------------------------------
                         required time                         -1.579    
                         arrival time                           1.831    
  -------------------------------------------------------------------
                         slack                                  0.252    

Slack (MET) :             0.252ns  (arrival time - required time)
  Source:                 U6/count_reg[7]/C
                            (rising edge-triggered cell FDRE clocked by sys_clk_pin  {rise@0.000ns fall@5.000ns period=10.000ns})
  Destination:            U6/count_reg[7]/D
                            (rising edge-triggered cell FDRE clocked by sys_clk_pin  {rise@0.000ns fall@5.000ns period=10.000ns})
  Path Group:             sys_clk_pin
  Path Type:              Hold (Min at Fast Process Corner)
  Requirement:            0.000ns  (sys_clk_pin rise@0.000ns - sys_clk_pin rise@0.000ns)
  Data Path Delay:        0.357ns  (logic 0.249ns (69.714%)  route 0.108ns (30.286%))
  Logic Levels:           1  (CARRY4=1)
  Clock Path Skew:        0.000ns (DCD - SCD - CPR)
    Destination Clock Delay (DCD):    1.987ns
    Source Clock Delay      (SCD):    1.474ns
    Clock Pessimism Removal (CPR):    0.513ns

    Location             Delay type                Incr(ns)  Path(ns)    Netlist Resource(s)
  -------------------------------------------------------------------    -------------------
                         (clock sys_clk_pin rise edge)
                                                      0.000     0.000 r  
    W5                                                0.000     0.000 r  clk (IN)
                         net (fo=0)                   0.000     0.000    clk
    W5                   IBUF (Prop_ibuf_I_O)         0.226     0.226 r  clk_IBUF_inst/O
                         net (fo=1, routed)           0.631     0.858    clk_IBUF
    BUFGCTRL_X0Y0        BUFG (Prop_bufg_I_O)         0.026     0.884 r  clk_IBUF_BUFG_inst/O
                         net (fo=64, routed)          0.591     1.474    U6/CLK
    SLICE_X3Y15          FDRE                                         r  U6/count_reg[7]/C
  -------------------------------------------------------------------    -------------------
    SLICE_X3Y15          FDRE (Prop_fdre_C_Q)         0.141     1.615 r  U6/count_reg[7]/Q
                         net (fo=1, routed)           0.108     1.723    U6/count_reg_n_0_[7]
    SLICE_X3Y15          CARRY4 (Prop_carry4_S[3]_O[3])
                                                      0.108     1.831 r  U6/count_reg[4]_i_1/O[3]
                         net (fo=1, routed)           0.000     1.831    U6/count_reg[4]_i_1_n_4
    SLICE_X3Y15          FDRE                                         r  U6/count_reg[7]/D
  -------------------------------------------------------------------    -------------------

                         (clock sys_clk_pin rise edge)
                                                      0.000     0.000 r  
    W5                                                0.000     0.000 r  clk (IN)
                         net (fo=0)                   0.000     0.000    clk
    W5                   IBUF (Prop_ibuf_I_O)         0.414     0.414 r  clk_IBUF_inst/O
                         net (fo=1, routed)           0.685     1.099    clk_IBUF
    BUFGCTRL_X0Y0        BUFG (Prop_bufg_I_O)         0.029     1.128 r  clk_IBUF_BUFG_inst/O
                         net (fo=64, routed)          0.860     1.987    U6/CLK
    SLICE_X3Y15          FDRE                                         r  U6/count_reg[7]/C
                         clock pessimism             -0.513     1.474    
    SLICE_X3Y15          FDRE (Hold_fdre_C_D)         0.105     1.579    U6/count_reg[7]
  -------------------------------------------------------------------
                         required time                         -1.579    
                         arrival time                           1.831    
  -------------------------------------------------------------------
                         slack                                  0.252    

Slack (MET) :             0.256ns  (arrival time - required time)
  Source:                 U6/count_reg[16]/C
                            (rising edge-triggered cell FDRE clocked by sys_clk_pin  {rise@0.000ns fall@5.000ns period=10.000ns})
  Destination:            U6/count_reg[16]/D
                            (rising edge-triggered cell FDRE clocked by sys_clk_pin  {rise@0.000ns fall@5.000ns period=10.000ns})
  Path Group:             sys_clk_pin
  Path Type:              Hold (Min at Fast Process Corner)
  Requirement:            0.000ns  (sys_clk_pin rise@0.000ns - sys_clk_pin rise@0.000ns)
  Data Path Delay:        0.361ns  (logic 0.256ns (70.880%)  route 0.105ns (29.120%))
  Logic Levels:           1  (CARRY4=1)
  Clock Path Skew:        0.000ns (DCD - SCD - CPR)
    Destination Clock Delay (DCD):    1.984ns
    Source Clock Delay      (SCD):    1.471ns
    Clock Pessimism Removal (CPR):    0.513ns

    Location             Delay type                Incr(ns)  Path(ns)    Netlist Resource(s)
  -------------------------------------------------------------------    -------------------
                         (clock sys_clk_pin rise edge)
                                                      0.000     0.000 r  
    W5                                                0.000     0.000 r  clk (IN)
                         net (fo=0)                   0.000     0.000    clk
    W5                   IBUF (Prop_ibuf_I_O)         0.226     0.226 r  clk_IBUF_inst/O
                         net (fo=1, routed)           0.631     0.858    clk_IBUF
    BUFGCTRL_X0Y0        BUFG (Prop_bufg_I_O)         0.026     0.884 r  clk_IBUF_BUFG_inst/O
                         net (fo=64, routed)          0.588     1.471    U6/CLK
    SLICE_X3Y18          FDRE                                         r  U6/count_reg[16]/C
  -------------------------------------------------------------------    -------------------
    SLICE_X3Y18          FDRE (Prop_fdre_C_Q)         0.141     1.612 r  U6/count_reg[16]/Q
                         net (fo=1, routed)           0.105     1.717    U6/count_reg_n_0_[16]
    SLICE_X3Y18          CARRY4 (Prop_carry4_S[0]_O[0])
                                                      0.115     1.832 r  U6/count_reg[16]_i_1/O[0]
                         net (fo=1, routed)           0.000     1.832    U6/count_reg[16]_i_1_n_7
    SLICE_X3Y18          FDRE                                         r  U6/count_reg[16]/D
  -------------------------------------------------------------------    -------------------

                         (clock sys_clk_pin rise edge)
                                                      0.000     0.000 r  
    W5                                                0.000     0.000 r  clk (IN)
                         net (fo=0)                   0.000     0.000    clk
    W5                   IBUF (Prop_ibuf_I_O)         0.414     0.414 r  clk_IBUF_inst/O
                         net (fo=1, routed)           0.685     1.099    clk_IBUF
    BUFGCTRL_X0Y0        BUFG (Prop_bufg_I_O)         0.029     1.128 r  clk_IBUF_BUFG_inst/O
                         net (fo=64, routed)          0.857     1.984    U6/CLK
    SLICE_X3Y18          FDRE                                         r  U6/count_reg[16]/C
                         clock pessimism             -0.513     1.471    
    SLICE_X3Y18          FDRE (Hold_fdre_C_D)         0.105     1.576    U6/count_reg[16]
  -------------------------------------------------------------------
                         required time                         -1.576    
                         arrival time                           1.832    
  -------------------------------------------------------------------
                         slack                                  0.256    





Pulse Width Checks
--------------------------------------------------------------------------------------
Clock Name:         sys_clk_pin
Waveform(ns):       { 0.000 5.000 }
Period(ns):         10.000
Sources:            { clk }

Check Type        Corner  Lib Pin      Reference Pin  Required(ns)  Actual(ns)  Slack(ns)  Location       Pin
Min Period        n/a     BUFG/I       n/a            2.155         10.000      7.845      BUFGCTRL_X0Y0  clk_IBUF_BUFG_inst/I
Min Period        n/a     FDRE/C       n/a            1.000         10.000      9.000      SLICE_X2Y17    U1/reg_d_reg[0]/C
Min Period        n/a     FDRE/C       n/a            1.000         10.000      9.000      SLICE_X2Y17    U1/reg_d_reg[1]/C
Min Period        n/a     FDRE/C       n/a            1.000         10.000      9.000      SLICE_X2Y17    U1/reg_d_reg[2]/C
Min Period        n/a     FDRE/C       n/a            1.000         10.000      9.000      SLICE_X2Y17    U1/reg_d_reg[3]/C
Min Period        n/a     FDRE/C       n/a            1.000         10.000      9.000      SLICE_X2Y17    U1/reg_d_reg[4]/C
Min Period        n/a     FDRE/C       n/a            1.000         10.000      9.000      SLICE_X2Y17    U1/reg_d_reg[5]/C
Min Period        n/a     FDRE/C       n/a            1.000         10.000      9.000      SLICE_X0Y16    U1/reg_d_reg[6]/C
Min Period        n/a     FDRE/C       n/a            1.000         10.000      9.000      SLICE_X0Y16    U1/reg_d_reg[7]/C
Min Period        n/a     FDRE/C       n/a            1.000         10.000      9.000      SLICE_X0Y7     U5/counter_reg[0]/C
Low Pulse Width   Slow    RAMS64E/CLK  n/a            1.250         5.000       3.750      SLICE_X2Y15    U1/U1/U0/synth_options.dist_mem_inst/gen_sp_ram.spram_inst/ram_reg_0_63_0_0/SP/CLK
Low Pulse Width   Fast    RAMS64E/CLK  n/a            1.250         5.000       3.750      SLICE_X2Y15    U1/U1/U0/synth_options.dist_mem_inst/gen_sp_ram.spram_inst/ram_reg_0_63_0_0/SP/CLK
Low Pulse Width   Slow    RAMS64E/CLK  n/a            1.250         5.000       3.750      SLICE_X2Y15    U1/U1/U0/synth_options.dist_mem_inst/gen_sp_ram.spram_inst/ram_reg_0_63_1_1/SP/CLK
Low Pulse Width   Fast    RAMS64E/CLK  n/a            1.250         5.000       3.750      SLICE_X2Y15    U1/U1/U0/synth_options.dist_mem_inst/gen_sp_ram.spram_inst/ram_reg_0_63_1_1/SP/CLK
Low Pulse Width   Slow    RAMS64E/CLK  n/a            1.250         5.000       3.750      SLICE_X2Y15    U1/U1/U0/synth_options.dist_mem_inst/gen_sp_ram.spram_inst/ram_reg_0_63_2_2/SP/CLK
Low Pulse Width   Fast    RAMS64E/CLK  n/a            1.250         5.000       3.750      SLICE_X2Y15    U1/U1/U0/synth_options.dist_mem_inst/gen_sp_ram.spram_inst/ram_reg_0_63_2_2/SP/CLK
Low Pulse Width   Slow    RAMS64E/CLK  n/a            1.250         5.000       3.750      SLICE_X2Y15    U1/U1/U0/synth_options.dist_mem_inst/gen_sp_ram.spram_inst/ram_reg_0_63_3_3/SP/CLK
Low Pulse Width   Fast    RAMS64E/CLK  n/a            1.250         5.000       3.750      SLICE_X2Y15    U1/U1/U0/synth_options.dist_mem_inst/gen_sp_ram.spram_inst/ram_reg_0_63_3_3/SP/CLK
Low Pulse Width   Slow    RAMS64E/CLK  n/a            1.250         5.000       3.750      SLICE_X2Y16    U1/U1/U0/synth_options.dist_mem_inst/gen_sp_ram.spram_inst/ram_reg_0_63_4_4/SP/CLK
Low Pulse Width   Fast    RAMS64E/CLK  n/a            1.250         5.000       3.750      SLICE_X2Y16    U1/U1/U0/synth_options.dist_mem_inst/gen_sp_ram.spram_inst/ram_reg_0_63_4_4/SP/CLK
High Pulse Width  Slow    RAMS64E/CLK  n/a            1.250         5.000       3.750      SLICE_X2Y15    U1/U1/U0/synth_options.dist_mem_inst/gen_sp_ram.spram_inst/ram_reg_0_63_0_0/SP/CLK
High Pulse Width  Fast    RAMS64E/CLK  n/a            1.250         5.000       3.750      SLICE_X2Y15    U1/U1/U0/synth_options.dist_mem_inst/gen_sp_ram.spram_inst/ram_reg_0_63_0_0/SP/CLK
High Pulse Width  Slow    RAMS64E/CLK  n/a            1.250         5.000       3.750      SLICE_X2Y15    U1/U1/U0/synth_options.dist_mem_inst/gen_sp_ram.spram_inst/ram_reg_0_63_1_1/SP/CLK
High Pulse Width  Fast    RAMS64E/CLK  n/a            1.250         5.000       3.750      SLICE_X2Y15    U1/U1/U0/synth_options.dist_mem_inst/gen_sp_ram.spram_inst/ram_reg_0_63_1_1/SP/CLK
High Pulse Width  Slow    RAMS64E/CLK  n/a            1.250         5.000       3.750      SLICE_X2Y15    U1/U1/U0/synth_options.dist_mem_inst/gen_sp_ram.spram_inst/ram_reg_0_63_2_2/SP/CLK
High Pulse Width  Fast    RAMS64E/CLK  n/a            1.250         5.000       3.750      SLICE_X2Y15    U1/U1/U0/synth_options.dist_mem_inst/gen_sp_ram.spram_inst/ram_reg_0_63_2_2/SP/CLK
High Pulse Width  Slow    RAMS64E/CLK  n/a            1.250         5.000       3.750      SLICE_X2Y15    U1/U1/U0/synth_options.dist_mem_inst/gen_sp_ram.spram_inst/ram_reg_0_63_3_3/SP/CLK
High Pulse Width  Fast    RAMS64E/CLK  n/a            1.250         5.000       3.750      SLICE_X2Y15    U1/U1/U0/synth_options.dist_mem_inst/gen_sp_ram.spram_inst/ram_reg_0_63_3_3/SP/CLK
High Pulse Width  Slow    RAMS64E/CLK  n/a            1.250         5.000       3.750      SLICE_X2Y16    U1/U1/U0/synth_options.dist_mem_inst/gen_sp_ram.spram_inst/ram_reg_0_63_4_4/SP/CLK
High Pulse Width  Fast    RAMS64E/CLK  n/a            1.250         5.000       3.750      SLICE_X2Y16    U1/U1/U0/synth_options.dist_mem_inst/gen_sp_ram.spram_inst/ram_reg_0_63_4_4/SP/CLK



--------------------------------------------------------------------------------------
Path Group:  (none)
From Clock:  
  To Clock:  

Max Delay             7 Endpoints
Min Delay             7 Endpoints
--------------------------------------------------------------------------------------


Max Delay Paths
--------------------------------------------------------------------------------------
Slack:                    inf
  Source:                 d_in[0]
                            (input port)
  Destination:            seg_L[0]
                            (output port)
  Path Group:             (none)
  Path Type:              Max at Slow Process Corner
  Data Path Delay:        13.251ns  (logic 5.932ns (44.763%)  route 7.319ns (55.237%))
  Logic Levels:           6  (IBUF=1 LUT4=1 LUT5=1 MUXF7=1 OBUF=1 RAMS64E=1)

    Location             Delay type                Incr(ns)  Path(ns)    Netlist Resource(s)
  -------------------------------------------------------------------    -------------------
    V17                                               0.000     0.000 r  d_in[0] (IN)
                         net (fo=0)                   0.000     0.000    d_in[0]
    V17                  IBUF (Prop_ibuf_I_O)         1.453     1.453 r  d_in_IBUF[0]_inst/O
                         net (fo=9, routed)           1.793     3.246    U1/U1/U0/synth_options.dist_mem_inst/gen_sp_ram.spram_inst/ram_reg_0_63_3_3/A0
    SLICE_X2Y15          RAMS64E (Prop_rams64e_ADR0_O)
                                                      0.105     3.351 r  U1/U1/U0/synth_options.dist_mem_inst/gen_sp_ram.spram_inst/ram_reg_0_63_3_3/SP/O
                         net (fo=1, routed)           0.935     4.286    U1/mem_d[3]
    SLICE_X2Y18          LUT4 (Prop_lut4_I2_O)        0.124     4.410 r  U1/seg_L_OBUF[6]_inst_i_6/O
                         net (fo=1, routed)           0.000     4.410    U1/seg_L_OBUF[6]_inst_i_6_n_0
    SLICE_X2Y18          MUXF7 (Prop_muxf7_I0_O)      0.209     4.619 r  U1/seg_L_OBUF[6]_inst_i_2/O
                         net (fo=7, routed)           0.849     5.468    U1/seg_L_OBUF[6]_inst_i_2_n_0
    SLICE_X4Y17          LUT5 (Prop_lut5_I0_O)        0.327     5.795 r  U1/seg_L_OBUF[0]_inst_i_1/O
                         net (fo=1, routed)           3.742     9.537    seg_L_OBUF[0]
    W7                   OBUF (Prop_obuf_I_O)         3.714    13.251 r  seg_L_OBUF[0]_inst/O
                         net (fo=0)                   0.000    13.251    seg_L[0]
    W7                                                                r  seg_L[0] (OUT)
  -------------------------------------------------------------------    -------------------

Slack:                    inf
  Source:                 d_in[3]
                            (input port)
  Destination:            seg_L[3]
                            (output port)
  Path Group:             (none)
  Path Type:              Max at Slow Process Corner
  Data Path Delay:        13.070ns  (logic 6.172ns (47.222%)  route 6.898ns (52.778%))
  Logic Levels:           6  (IBUF=1 LUT4=1 LUT5=1 MUXF7=1 OBUF=1 RAMS64E=1)

    Location             Delay type                Incr(ns)  Path(ns)    Netlist Resource(s)
  -------------------------------------------------------------------    -------------------
    W17                                               0.000     0.000 r  d_in[3] (IN)
                         net (fo=0)                   0.000     0.000    d_in[3]
    W17                  IBUF (Prop_ibuf_I_O)         1.448     1.448 r  d_in_IBUF[3]_inst/O
                         net (fo=9, routed)           1.771     3.220    U1/U1/U0/synth_options.dist_mem_inst/gen_sp_ram.spram_inst/ram_reg_0_63_6_6/A3
    SLICE_X2Y16          RAMS64E (Prop_rams64e_ADR3_O)
                                                      0.323     3.542 r  U1/U1/U0/synth_options.dist_mem_inst/gen_sp_ram.spram_inst/ram_reg_0_63_6_6/SP/O
                         net (fo=1, routed)           0.803     4.345    U1/mem_d[6]
    SLICE_X2Y17          LUT4 (Prop_lut4_I2_O)        0.124     4.469 r  U1/seg_L_OBUF[6]_inst_i_11/O
                         net (fo=1, routed)           0.000     4.469    U1/seg_L_OBUF[6]_inst_i_11_n_0
    SLICE_X2Y17          MUXF7 (Prop_muxf7_I1_O)      0.214     4.683 r  U1/seg_L_OBUF[6]_inst_i_4/O
                         net (fo=7, routed)           0.830     5.514    U1/seg_L_OBUF[6]_inst_i_4_n_0
    SLICE_X4Y17          LUT5 (Prop_lut5_I2_O)        0.325     5.839 r  U1/seg_L_OBUF[3]_inst_i_1/O
                         net (fo=1, routed)           3.493     9.332    seg_L_OBUF[3]
    V8                   OBUF (Prop_obuf_I_O)         3.738    13.070 r  seg_L_OBUF[3]_inst/O
                         net (fo=0)                   0.000    13.070    seg_L[3]
    V8                                                                r  seg_L[3] (OUT)
  -------------------------------------------------------------------    -------------------

Slack:                    inf
  Source:                 d_in[3]
                            (input port)
  Destination:            seg_L[2]
                            (output port)
  Path Group:             (none)
  Path Type:              Max at Slow Process Corner
  Data Path Delay:        12.863ns  (logic 5.941ns (46.189%)  route 6.922ns (53.811%))
  Logic Levels:           6  (IBUF=1 LUT4=1 LUT5=1 MUXF7=1 OBUF=1 RAMS64E=1)

    Location             Delay type                Incr(ns)  Path(ns)    Netlist Resource(s)
  -------------------------------------------------------------------    -------------------
    W17                                               0.000     0.000 r  d_in[3] (IN)
                         net (fo=0)                   0.000     0.000    d_in[3]
    W17                  IBUF (Prop_ibuf_I_O)         1.448     1.448 r  d_in_IBUF[3]_inst/O
                         net (fo=9, routed)           1.771     3.220    U1/U1/U0/synth_options.dist_mem_inst/gen_sp_ram.spram_inst/ram_reg_0_63_6_6/A3
    SLICE_X2Y16          RAMS64E (Prop_rams64e_ADR3_O)
                                                      0.323     3.542 r  U1/U1/U0/synth_options.dist_mem_inst/gen_sp_ram.spram_inst/ram_reg_0_63_6_6/SP/O
                         net (fo=1, routed)           0.803     4.345    U1/mem_d[6]
    SLICE_X2Y17          LUT4 (Prop_lut4_I2_O)        0.124     4.469 r  U1/seg_L_OBUF[6]_inst_i_11/O
                         net (fo=1, routed)           0.000     4.469    U1/seg_L_OBUF[6]_inst_i_11_n_0
    SLICE_X2Y17          MUXF7 (Prop_muxf7_I1_O)      0.214     4.683 r  U1/seg_L_OBUF[6]_inst_i_4/O
                         net (fo=7, routed)           0.862     5.545    U1/seg_L_OBUF[6]_inst_i_4_n_0
    SLICE_X4Y17          LUT5 (Prop_lut5_I4_O)        0.297     5.842 r  U1/seg_L_OBUF[2]_inst_i_1/O
                         net (fo=1, routed)           3.486     9.328    seg_L_OBUF[2]
    U8                   OBUF (Prop_obuf_I_O)         3.535    12.863 r  seg_L_OBUF[2]_inst/O
                         net (fo=0)                   0.000    12.863    seg_L[2]
    U8                                                                r  seg_L[2] (OUT)
  -------------------------------------------------------------------    -------------------

Slack:                    inf
  Source:                 d_in[3]
                            (input port)
  Destination:            seg_L[1]
                            (output port)
  Path Group:             (none)
  Path Type:              Max at Slow Process Corner
  Data Path Delay:        12.855ns  (logic 5.935ns (46.173%)  route 6.919ns (53.827%))
  Logic Levels:           6  (IBUF=1 LUT4=1 LUT5=1 MUXF7=1 OBUF=1 RAMS64E=1)

    Location             Delay type                Incr(ns)  Path(ns)    Netlist Resource(s)
  -------------------------------------------------------------------    -------------------
    W17                                               0.000     0.000 r  d_in[3] (IN)
                         net (fo=0)                   0.000     0.000    d_in[3]
    W17                  IBUF (Prop_ibuf_I_O)         1.448     1.448 r  d_in_IBUF[3]_inst/O
                         net (fo=9, routed)           1.771     3.220    U1/U1/U0/synth_options.dist_mem_inst/gen_sp_ram.spram_inst/ram_reg_0_63_6_6/A3
    SLICE_X2Y16          RAMS64E (Prop_rams64e_ADR3_O)
                                                      0.323     3.542 r  U1/U1/U0/synth_options.dist_mem_inst/gen_sp_ram.spram_inst/ram_reg_0_63_6_6/SP/O
                         net (fo=1, routed)           0.803     4.345    U1/mem_d[6]
    SLICE_X2Y17          LUT4 (Prop_lut4_I2_O)        0.124     4.469 r  U1/seg_L_OBUF[6]_inst_i_11/O
                         net (fo=1, routed)           0.000     4.469    U1/seg_L_OBUF[6]_inst_i_11_n_0
    SLICE_X2Y17          MUXF7 (Prop_muxf7_I1_O)      0.214     4.683 r  U1/seg_L_OBUF[6]_inst_i_4/O
                         net (fo=7, routed)           0.830     5.514    U1/seg_L_OBUF[6]_inst_i_4_n_0
    SLICE_X4Y17          LUT5 (Prop_lut5_I2_O)        0.297     5.811 r  U1/seg_L_OBUF[1]_inst_i_1/O
                         net (fo=1, routed)           3.515     9.326    seg_L_OBUF[1]
    W6                   OBUF (Prop_obuf_I_O)         3.529    12.855 r  seg_L_OBUF[1]_inst/O
                         net (fo=0)                   0.000    12.855    seg_L[1]
    W6                                                                r  seg_L[1] (OUT)
  -------------------------------------------------------------------    -------------------

Slack:                    inf
  Source:                 d_in[3]
                            (input port)
  Destination:            seg_L[6]
                            (output port)
  Path Group:             (none)
  Path Type:              Max at Slow Process Corner
  Data Path Delay:        12.645ns  (logic 6.174ns (48.823%)  route 6.471ns (51.177%))
  Logic Levels:           6  (IBUF=1 LUT4=1 LUT5=1 MUXF7=1 OBUF=1 RAMS64E=1)

    Location             Delay type                Incr(ns)  Path(ns)    Netlist Resource(s)
  -------------------------------------------------------------------    -------------------
    W17                                               0.000     0.000 r  d_in[3] (IN)
                         net (fo=0)                   0.000     0.000    d_in[3]
    W17                  IBUF (Prop_ibuf_I_O)         1.448     1.448 r  d_in_IBUF[3]_inst/O
                         net (fo=9, routed)           1.771     3.220    U1/U1/U0/synth_options.dist_mem_inst/gen_sp_ram.spram_inst/ram_reg_0_63_6_6/A3
    SLICE_X2Y16          RAMS64E (Prop_rams64e_ADR3_O)
                                                      0.323     3.542 r  U1/U1/U0/synth_options.dist_mem_inst/gen_sp_ram.spram_inst/ram_reg_0_63_6_6/SP/O
                         net (fo=1, routed)           0.803     4.345    U1/mem_d[6]
    SLICE_X2Y17          LUT4 (Prop_lut4_I2_O)        0.124     4.469 r  U1/seg_L_OBUF[6]_inst_i_11/O
                         net (fo=1, routed)           0.000     4.469    U1/seg_L_OBUF[6]_inst_i_11_n_0
    SLICE_X2Y17          MUXF7 (Prop_muxf7_I1_O)      0.214     4.683 r  U1/seg_L_OBUF[6]_inst_i_4/O
                         net (fo=7, routed)           0.862     5.545    U1/seg_L_OBUF[6]_inst_i_4_n_0
    SLICE_X4Y17          LUT5 (Prop_lut5_I3_O)        0.325     5.870 r  U1/seg_L_OBUF[6]_inst_i_1/O
                         net (fo=1, routed)           3.035     8.906    seg_L_OBUF[6]
    U7                   OBUF (Prop_obuf_I_O)         3.739    12.645 r  seg_L_OBUF[6]_inst/O
                         net (fo=0)                   0.000    12.645    seg_L[6]
    U7                                                                r  seg_L[6] (OUT)
  -------------------------------------------------------------------    -------------------

Slack:                    inf
  Source:                 d_in[0]
                            (input port)
  Destination:            seg_L[5]
                            (output port)
  Path Group:             (none)
  Path Type:              Max at Slow Process Corner
  Data Path Delay:        12.242ns  (logic 5.692ns (46.497%)  route 6.550ns (53.503%))
  Logic Levels:           6  (IBUF=1 LUT4=1 LUT5=1 MUXF7=1 OBUF=1 RAMS64E=1)

    Location             Delay type                Incr(ns)  Path(ns)    Netlist Resource(s)
  -------------------------------------------------------------------    -------------------
    V17                                               0.000     0.000 r  d_in[0] (IN)
                         net (fo=0)                   0.000     0.000    d_in[0]
    V17                  IBUF (Prop_ibuf_I_O)         1.453     1.453 r  d_in_IBUF[0]_inst/O
                         net (fo=9, routed)           1.793     3.246    U1/U1/U0/synth_options.dist_mem_inst/gen_sp_ram.spram_inst/ram_reg_0_63_3_3/A0
    SLICE_X2Y15          RAMS64E (Prop_rams64e_ADR0_O)
                                                      0.105     3.351 r  U1/U1/U0/synth_options.dist_mem_inst/gen_sp_ram.spram_inst/ram_reg_0_63_3_3/SP/O
                         net (fo=1, routed)           0.935     4.286    U1/mem_d[3]
    SLICE_X2Y18          LUT4 (Prop_lut4_I2_O)        0.124     4.410 r  U1/seg_L_OBUF[6]_inst_i_6/O
                         net (fo=1, routed)           0.000     4.410    U1/seg_L_OBUF[6]_inst_i_6_n_0
    SLICE_X2Y18          MUXF7 (Prop_muxf7_I0_O)      0.209     4.619 r  U1/seg_L_OBUF[6]_inst_i_2/O
                         net (fo=7, routed)           0.849     5.468    U1/seg_L_OBUF[6]_inst_i_2_n_0
    SLICE_X4Y17          LUT5 (Prop_lut5_I0_O)        0.297     5.765 r  U1/seg_L_OBUF[5]_inst_i_1/O
                         net (fo=1, routed)           2.973     8.738    seg_L_OBUF[5]
    V5                   OBUF (Prop_obuf_I_O)         3.504    12.242 r  seg_L_OBUF[5]_inst/O
                         net (fo=0)                   0.000    12.242    seg_L[5]
    V5                                                                r  seg_L[5] (OUT)
  -------------------------------------------------------------------    -------------------

Slack:                    inf
  Source:                 d_in[1]
                            (input port)
  Destination:            seg_L[4]
                            (output port)
  Path Group:             (none)
  Path Type:              Max at Slow Process Corner
  Data Path Delay:        12.073ns  (logic 5.774ns (47.826%)  route 6.299ns (52.174%))
  Logic Levels:           6  (IBUF=1 LUT4=1 LUT5=1 MUXF7=1 OBUF=1 RAMS64E=1)

    Location             Delay type                Incr(ns)  Path(ns)    Netlist Resource(s)
  -------------------------------------------------------------------    -------------------
    V16                                               0.000     0.000 r  d_in[1] (IN)
                         net (fo=0)                   0.000     0.000    d_in[1]
    V16                  IBUF (Prop_ibuf_I_O)         1.461     1.461 r  d_in_IBUF[1]_inst/O
                         net (fo=9, routed)           1.839     3.300    U1/U1/U0/synth_options.dist_mem_inst/gen_sp_ram.spram_inst/ram_reg_0_63_4_4/A1
    SLICE_X2Y16          RAMS64E (Prop_rams64e_ADR1_O)
                                                      0.124     3.424 r  U1/U1/U0/synth_options.dist_mem_inst/gen_sp_ram.spram_inst/ram_reg_0_63_4_4/SP/O
                         net (fo=1, routed)           0.798     4.222    U1/mem_d[4]
    SLICE_X2Y18          LUT4 (Prop_lut4_I2_O)        0.124     4.346 r  U1/seg_L_OBUF[6]_inst_i_9/O
                         net (fo=1, routed)           0.000     4.346    U1/seg_L_OBUF[6]_inst_i_9_n_0
    SLICE_X2Y18          MUXF7 (Prop_muxf7_I1_O)      0.247     4.593 r  U1/seg_L_OBUF[6]_inst_i_3/O
                         net (fo=7, routed)           0.672     5.266    U1/seg_L_OBUF[6]_inst_i_3_n_0
    SLICE_X4Y17          LUT5 (Prop_lut5_I4_O)        0.298     5.564 r  U1/seg_L_OBUF[4]_inst_i_1/O
                         net (fo=1, routed)           2.990     8.553    seg_L_OBUF[4]
    U5                   OBUF (Prop_obuf_I_O)         3.520    12.073 r  seg_L_OBUF[4]_inst/O
                         net (fo=0)                   0.000    12.073    seg_L[4]
    U5                                                                r  seg_L[4] (OUT)
  -------------------------------------------------------------------    -------------------





Min Delay Paths
--------------------------------------------------------------------------------------
Slack:                    inf
  Source:                 show_reg
                            (input port)
  Destination:            seg_L[5]
                            (output port)
  Path Group:             (none)
  Path Type:              Min at Fast Process Corner
  Data Path Delay:        3.237ns  (logic 1.640ns (50.663%)  route 1.597ns (49.337%))
  Logic Levels:           5  (IBUF=1 LUT4=1 LUT5=1 MUXF7=1 OBUF=1)

    Location             Delay type                Incr(ns)  Path(ns)    Netlist Resource(s)
  -------------------------------------------------------------------    -------------------
    W19                                               0.000     0.000 r  show_reg (IN)
                         net (fo=0)                   0.000     0.000    show_reg
    W19                  IBUF (Prop_ibuf_I_O)         0.219     0.219 r  show_reg_IBUF_inst/O
                         net (fo=8, routed)           0.433     0.652    U1/show_reg_IBUF
    SLICE_X2Y17          LUT4 (Prop_lut4_I0_O)        0.045     0.697 r  U1/seg_L_OBUF[6]_inst_i_10/O
                         net (fo=1, routed)           0.000     0.697    U1/seg_L_OBUF[6]_inst_i_10_n_0
    SLICE_X2Y17          MUXF7 (Prop_muxf7_I0_O)      0.062     0.759 r  U1/seg_L_OBUF[6]_inst_i_4/O
                         net (fo=7, routed)           0.189     0.948    U1/seg_L_OBUF[6]_inst_i_4_n_0
    SLICE_X4Y17          LUT5 (Prop_lut5_I2_O)        0.108     1.056 r  U1/seg_L_OBUF[5]_inst_i_1/O
                         net (fo=1, routed)           0.976     2.031    seg_L_OBUF[5]
    V5                   OBUF (Prop_obuf_I_O)         1.206     3.237 r  seg_L_OBUF[5]_inst/O
                         net (fo=0)                   0.000     3.237    seg_L[5]
    V5                                                                r  seg_L[5] (OUT)
  -------------------------------------------------------------------    -------------------

Slack:                    inf
  Source:                 show_reg
                            (input port)
  Destination:            seg_L[4]
                            (output port)
  Path Group:             (none)
  Path Type:              Min at Fast Process Corner
  Data Path Delay:        3.247ns  (logic 1.655ns (50.985%)  route 1.591ns (49.015%))
  Logic Levels:           5  (IBUF=1 LUT4=1 LUT5=1 MUXF7=1 OBUF=1)

    Location             Delay type                Incr(ns)  Path(ns)    Netlist Resource(s)
  -------------------------------------------------------------------    -------------------
    W19                                               0.000     0.000 r  show_reg (IN)
                         net (fo=0)                   0.000     0.000    show_reg
    W19                  IBUF (Prop_ibuf_I_O)         0.219     0.219 r  show_reg_IBUF_inst/O
                         net (fo=8, routed)           0.433     0.652    U1/show_reg_IBUF
    SLICE_X2Y17          LUT4 (Prop_lut4_I0_O)        0.045     0.697 r  U1/seg_L_OBUF[6]_inst_i_10/O
                         net (fo=1, routed)           0.000     0.697    U1/seg_L_OBUF[6]_inst_i_10_n_0
    SLICE_X2Y17          MUXF7 (Prop_muxf7_I0_O)      0.062     0.759 r  U1/seg_L_OBUF[6]_inst_i_4/O
                         net (fo=7, routed)           0.185     0.944    U1/seg_L_OBUF[6]_inst_i_4_n_0
    SLICE_X4Y17          LUT5 (Prop_lut5_I3_O)        0.108     1.052 r  U1/seg_L_OBUF[4]_inst_i_1/O
                         net (fo=1, routed)           0.974     2.026    seg_L_OBUF[4]
    U5                   OBUF (Prop_obuf_I_O)         1.221     3.247 r  seg_L_OBUF[4]_inst/O
                         net (fo=0)                   0.000     3.247    seg_L[4]
    U5                                                                r  seg_L[4] (OUT)
  -------------------------------------------------------------------    -------------------

Slack:                    inf
  Source:                 show_reg
                            (input port)
  Destination:            seg_L[6]
                            (output port)
  Path Group:             (none)
  Path Type:              Min at Fast Process Corner
  Data Path Delay:        3.421ns  (logic 1.747ns (51.058%)  route 1.674ns (48.942%))
  Logic Levels:           5  (IBUF=1 LUT4=1 LUT5=1 MUXF7=1 OBUF=1)

    Location             Delay type                Incr(ns)  Path(ns)    Netlist Resource(s)
  -------------------------------------------------------------------    -------------------
    W19                                               0.000     0.000 r  show_reg (IN)
                         net (fo=0)                   0.000     0.000    show_reg
    W19                  IBUF (Prop_ibuf_I_O)         0.219     0.219 r  show_reg_IBUF_inst/O
                         net (fo=8, routed)           0.460     0.680    U1/show_reg_IBUF
    SLICE_X2Y17          LUT4 (Prop_lut4_I0_O)        0.045     0.725 r  U1/seg_L_OBUF[6]_inst_i_13/O
                         net (fo=1, routed)           0.000     0.725    U1/seg_L_OBUF[6]_inst_i_13_n_0
    SLICE_X2Y17          MUXF7 (Prop_muxf7_I1_O)      0.075     0.800 r  U1/seg_L_OBUF[6]_inst_i_5/O
                         net (fo=7, routed)           0.231     1.030    U1/seg_L_OBUF[6]_inst_i_5_n_0
    SLICE_X4Y17          LUT5 (Prop_lut5_I4_O)        0.108     1.138 r  U1/seg_L_OBUF[6]_inst_i_1/O
                         net (fo=1, routed)           0.983     2.122    seg_L_OBUF[6]
    U7                   OBUF (Prop_obuf_I_O)         1.299     3.421 r  seg_L_OBUF[6]_inst/O
                         net (fo=0)                   0.000     3.421    seg_L[6]
    U7                                                                r  seg_L[6] (OUT)
  -------------------------------------------------------------------    -------------------

Slack:                    inf
  Source:                 show_reg
                            (input port)
  Destination:            seg_L[2]
                            (output port)
  Path Group:             (none)
  Path Type:              Min at Fast Process Corner
  Data Path Delay:        3.644ns  (logic 1.683ns (46.193%)  route 1.961ns (53.807%))
  Logic Levels:           5  (IBUF=1 LUT4=1 LUT5=1 MUXF7=1 OBUF=1)

    Location             Delay type                Incr(ns)  Path(ns)    Netlist Resource(s)
  -------------------------------------------------------------------    -------------------
    W19                                               0.000     0.000 r  show_reg (IN)
                         net (fo=0)                   0.000     0.000    show_reg
    W19                  IBUF (Prop_ibuf_I_O)         0.219     0.219 r  show_reg_IBUF_inst/O
                         net (fo=8, routed)           0.460     0.680    U1/show_reg_IBUF
    SLICE_X2Y17          LUT4 (Prop_lut4_I0_O)        0.045     0.725 r  U1/seg_L_OBUF[6]_inst_i_13/O
                         net (fo=1, routed)           0.000     0.725    U1/seg_L_OBUF[6]_inst_i_13_n_0
    SLICE_X2Y17          MUXF7 (Prop_muxf7_I1_O)      0.075     0.800 r  U1/seg_L_OBUF[6]_inst_i_5/O
                         net (fo=7, routed)           0.231     1.030    U1/seg_L_OBUF[6]_inst_i_5_n_0
    SLICE_X4Y17          LUT5 (Prop_lut5_I3_O)        0.108     1.138 r  U1/seg_L_OBUF[2]_inst_i_1/O
                         net (fo=1, routed)           1.270     2.408    seg_L_OBUF[2]
    U8                   OBUF (Prop_obuf_I_O)         1.236     3.644 r  seg_L_OBUF[2]_inst/O
                         net (fo=0)                   0.000     3.644    seg_L[2]
    U8                                                                r  seg_L[2] (OUT)
  -------------------------------------------------------------------    -------------------

Slack:                    inf
  Source:                 show_reg
                            (input port)
  Destination:            seg_L[1]
                            (output port)
  Path Group:             (none)
  Path Type:              Min at Fast Process Corner
  Data Path Delay:        3.670ns  (logic 1.677ns (45.701%)  route 1.993ns (54.299%))
  Logic Levels:           5  (IBUF=1 LUT4=1 LUT5=1 MUXF7=1 OBUF=1)

    Location             Delay type                Incr(ns)  Path(ns)    Netlist Resource(s)
  -------------------------------------------------------------------    -------------------
    W19                                               0.000     0.000 r  show_reg (IN)
                         net (fo=0)                   0.000     0.000    show_reg
    W19                  IBUF (Prop_ibuf_I_O)         0.219     0.219 r  show_reg_IBUF_inst/O
                         net (fo=8, routed)           0.460     0.680    U1/show_reg_IBUF
    SLICE_X2Y17          LUT4 (Prop_lut4_I0_O)        0.045     0.725 r  U1/seg_L_OBUF[6]_inst_i_13/O
                         net (fo=1, routed)           0.000     0.725    U1/seg_L_OBUF[6]_inst_i_13_n_0
    SLICE_X2Y17          MUXF7 (Prop_muxf7_I1_O)      0.075     0.800 r  U1/seg_L_OBUF[6]_inst_i_5/O
                         net (fo=7, routed)           0.240     1.040    U1/seg_L_OBUF[6]_inst_i_5_n_0
    SLICE_X4Y17          LUT5 (Prop_lut5_I3_O)        0.108     1.148 r  U1/seg_L_OBUF[1]_inst_i_1/O
                         net (fo=1, routed)           1.293     2.440    seg_L_OBUF[1]
    W6                   OBUF (Prop_obuf_I_O)         1.230     3.670 r  seg_L_OBUF[1]_inst/O
                         net (fo=0)                   0.000     3.670    seg_L[1]
    W6                                                                r  seg_L[1] (OUT)
  -------------------------------------------------------------------    -------------------

Slack:                    inf
  Source:                 show_reg
                            (input port)
  Destination:            seg_L[3]
                            (output port)
  Path Group:             (none)
  Path Type:              Min at Fast Process Corner
  Data Path Delay:        3.742ns  (logic 1.747ns (46.675%)  route 1.996ns (53.325%))
  Logic Levels:           5  (IBUF=1 LUT4=1 LUT5=1 MUXF7=1 OBUF=1)

    Location             Delay type                Incr(ns)  Path(ns)    Netlist Resource(s)
  -------------------------------------------------------------------    -------------------
    W19                                               0.000     0.000 r  show_reg (IN)
                         net (fo=0)                   0.000     0.000    show_reg
    W19                  IBUF (Prop_ibuf_I_O)         0.219     0.219 r  show_reg_IBUF_inst/O
                         net (fo=8, routed)           0.460     0.680    U1/show_reg_IBUF
    SLICE_X2Y17          LUT4 (Prop_lut4_I0_O)        0.045     0.725 r  U1/seg_L_OBUF[6]_inst_i_13/O
                         net (fo=1, routed)           0.000     0.725    U1/seg_L_OBUF[6]_inst_i_13_n_0
    SLICE_X2Y17          MUXF7 (Prop_muxf7_I1_O)      0.075     0.800 r  U1/seg_L_OBUF[6]_inst_i_5/O
                         net (fo=7, routed)           0.240     1.040    U1/seg_L_OBUF[6]_inst_i_5_n_0
    SLICE_X4Y17          LUT5 (Prop_lut5_I4_O)        0.109     1.149 r  U1/seg_L_OBUF[3]_inst_i_1/O
                         net (fo=1, routed)           1.295     2.444    seg_L_OBUF[3]
    V8                   OBUF (Prop_obuf_I_O)         1.298     3.742 r  seg_L_OBUF[3]_inst/O
                         net (fo=0)                   0.000     3.742    seg_L[3]
    V8                                                                r  seg_L[3] (OUT)
  -------------------------------------------------------------------    -------------------

Slack:                    inf
  Source:                 show_reg
                            (input port)
  Destination:            seg_L[0]
                            (output port)
  Path Group:             (none)
  Path Type:              Min at Fast Process Corner
  Data Path Delay:        3.748ns  (logic 1.717ns (45.821%)  route 2.030ns (54.179%))
  Logic Levels:           5  (IBUF=1 LUT4=1 LUT5=1 MUXF7=1 OBUF=1)

    Location             Delay type                Incr(ns)  Path(ns)    Netlist Resource(s)
  -------------------------------------------------------------------    -------------------
    W19                                               0.000     0.000 r  show_reg (IN)
                         net (fo=0)                   0.000     0.000    show_reg
    W19                  IBUF (Prop_ibuf_I_O)         0.219     0.219 r  show_reg_IBUF_inst/O
                         net (fo=8, routed)           0.433     0.652    U1/show_reg_IBUF
    SLICE_X2Y17          LUT4 (Prop_lut4_I0_O)        0.045     0.697 r  U1/seg_L_OBUF[6]_inst_i_10/O
                         net (fo=1, routed)           0.000     0.697    U1/seg_L_OBUF[6]_inst_i_10_n_0
    SLICE_X2Y17          MUXF7 (Prop_muxf7_I0_O)      0.062     0.759 r  U1/seg_L_OBUF[6]_inst_i_4/O
                         net (fo=7, routed)           0.189     0.948    U1/seg_L_OBUF[6]_inst_i_4_n_0
    SLICE_X4Y17          LUT5 (Prop_lut5_I2_O)        0.114     1.062 r  U1/seg_L_OBUF[0]_inst_i_1/O
                         net (fo=1, routed)           1.409     2.471    seg_L_OBUF[0]
    W7                   OBUF (Prop_obuf_I_O)         1.277     3.748 r  seg_L_OBUF[0]_inst/O
                         net (fo=0)                   0.000     3.748    seg_L[0]
    W7                                                                r  seg_L[0] (OUT)
  -------------------------------------------------------------------    -------------------





--------------------------------------------------------------------------------------
Path Group:  (none)
From Clock:  sys_clk_pin
  To Clock:  

Max Delay            10 Endpoints
Min Delay            10 Endpoints
--------------------------------------------------------------------------------------


Max Delay Paths
--------------------------------------------------------------------------------------
Slack:                    inf
  Source:                 U1/U1/U0/synth_options.dist_mem_inst/gen_sp_ram.spram_inst/ram_reg_0_63_3_3/SP/CLK
                            (rising edge-triggered cell RAMS64E clocked by sys_clk_pin  {rise@0.000ns fall@5.000ns period=10.000ns})
  Destination:            seg_L[0]
                            (output port)
  Path Group:             (none)
  Path Type:              Max at Slow Process Corner
  Data Path Delay:        11.214ns  (logic 5.688ns (50.720%)  route 5.526ns (49.280%))
  Logic Levels:           4  (LUT4=1 LUT5=1 MUXF7=1 OBUF=1)
  Clock Uncertainty:      0.025ns  ((TSJ^2 + TIJ^2)^1/2 + DJ) / 2 + PE
    Total System Jitter     (TSJ):    0.050ns
    Total Input Jitter      (TIJ):    0.000ns
    Discrete Jitter          (DJ):    0.000ns
    Phase Error              (PE):    0.000ns

    Location             Delay type                Incr(ns)  Path(ns)    Netlist Resource(s)
  -------------------------------------------------------------------    -------------------
                         (clock sys_clk_pin rise edge)
                                                      0.000     0.000 r  
    W5                                                0.000     0.000 r  clk (IN)
                         net (fo=0)                   0.000     0.000    clk
    W5                   IBUF (Prop_ibuf_I_O)         1.458     1.458 r  clk_IBUF_inst/O
                         net (fo=1, routed)           1.967     3.425    clk_IBUF
    BUFGCTRL_X0Y0        BUFG (Prop_bufg_I_O)         0.096     3.521 r  clk_IBUF_BUFG_inst/O
                         net (fo=64, routed)          1.631     5.152    U1/U1/U0/synth_options.dist_mem_inst/gen_sp_ram.spram_inst/ram_reg_0_63_3_3/WCLK
    SLICE_X2Y15          RAMS64E                                      r  U1/U1/U0/synth_options.dist_mem_inst/gen_sp_ram.spram_inst/ram_reg_0_63_3_3/SP/CLK
  -------------------------------------------------------------------    -------------------
    SLICE_X2Y15          RAMS64E (Prop_rams64e_CLK_O)
                                                      1.314     6.466 r  U1/U1/U0/synth_options.dist_mem_inst/gen_sp_ram.spram_inst/ram_reg_0_63_3_3/SP/O
                         net (fo=1, routed)           0.935     7.401    U1/mem_d[3]
    SLICE_X2Y18          LUT4 (Prop_lut4_I2_O)        0.124     7.525 r  U1/seg_L_OBUF[6]_inst_i_6/O
                         net (fo=1, routed)           0.000     7.525    U1/seg_L_OBUF[6]_inst_i_6_n_0
    SLICE_X2Y18          MUXF7 (Prop_muxf7_I0_O)      0.209     7.734 r  U1/seg_L_OBUF[6]_inst_i_2/O
                         net (fo=7, routed)           0.849     8.583    U1/seg_L_OBUF[6]_inst_i_2_n_0
    SLICE_X4Y17          LUT5 (Prop_lut5_I0_O)        0.327     8.910 r  U1/seg_L_OBUF[0]_inst_i_1/O
                         net (fo=1, routed)           3.742    12.653    seg_L_OBUF[0]
    W7                   OBUF (Prop_obuf_I_O)         3.714    16.366 r  seg_L_OBUF[0]_inst/O
                         net (fo=0)                   0.000    16.366    seg_L[0]
    W7                                                                r  seg_L[0] (OUT)
  -------------------------------------------------------------------    -------------------

Slack:                    inf
  Source:                 U1/U1/U0/synth_options.dist_mem_inst/gen_sp_ram.spram_inst/ram_reg_0_63_4_4/SP/CLK
                            (rising edge-triggered cell RAMS64E clocked by sys_clk_pin  {rise@0.000ns fall@5.000ns period=10.000ns})
  Destination:            seg_L[3]
                            (output port)
  Path Group:             (none)
  Path Type:              Max at Slow Process Corner
  Data Path Delay:        10.897ns  (logic 5.754ns (52.801%)  route 5.143ns (47.199%))
  Logic Levels:           4  (LUT4=1 LUT5=1 MUXF7=1 OBUF=1)
  Clock Uncertainty:      0.025ns  ((TSJ^2 + TIJ^2)^1/2 + DJ) / 2 + PE
    Total System Jitter     (TSJ):    0.050ns
    Total Input Jitter      (TIJ):    0.000ns
    Discrete Jitter          (DJ):    0.000ns
    Phase Error              (PE):    0.000ns

    Location             Delay type                Incr(ns)  Path(ns)    Netlist Resource(s)
  -------------------------------------------------------------------    -------------------
                         (clock sys_clk_pin rise edge)
                                                      0.000     0.000 r  
    W5                                                0.000     0.000 r  clk (IN)
                         net (fo=0)                   0.000     0.000    clk
    W5                   IBUF (Prop_ibuf_I_O)         1.458     1.458 r  clk_IBUF_inst/O
                         net (fo=1, routed)           1.967     3.425    clk_IBUF
    BUFGCTRL_X0Y0        BUFG (Prop_bufg_I_O)         0.096     3.521 r  clk_IBUF_BUFG_inst/O
                         net (fo=64, routed)          1.630     5.151    U1/U1/U0/synth_options.dist_mem_inst/gen_sp_ram.spram_inst/ram_reg_0_63_4_4/WCLK
    SLICE_X2Y16          RAMS64E                                      r  U1/U1/U0/synth_options.dist_mem_inst/gen_sp_ram.spram_inst/ram_reg_0_63_4_4/SP/CLK
  -------------------------------------------------------------------    -------------------
    SLICE_X2Y16          RAMS64E (Prop_rams64e_CLK_O)
                                                      1.319     6.470 r  U1/U1/U0/synth_options.dist_mem_inst/gen_sp_ram.spram_inst/ram_reg_0_63_4_4/SP/O
                         net (fo=1, routed)           0.798     7.269    U1/mem_d[4]
    SLICE_X2Y18          LUT4 (Prop_lut4_I2_O)        0.124     7.393 r  U1/seg_L_OBUF[6]_inst_i_9/O
                         net (fo=1, routed)           0.000     7.393    U1/seg_L_OBUF[6]_inst_i_9_n_0
    SLICE_X2Y18          MUXF7 (Prop_muxf7_I1_O)      0.247     7.640 r  U1/seg_L_OBUF[6]_inst_i_3/O
                         net (fo=7, routed)           0.851     8.491    U1/seg_L_OBUF[6]_inst_i_3_n_0
    SLICE_X4Y17          LUT5 (Prop_lut5_I3_O)        0.326     8.817 r  U1/seg_L_OBUF[3]_inst_i_1/O
                         net (fo=1, routed)           3.493    12.310    seg_L_OBUF[3]
    V8                   OBUF (Prop_obuf_I_O)         3.738    16.048 r  seg_L_OBUF[3]_inst/O
                         net (fo=0)                   0.000    16.048    seg_L[3]
    V8                                                                r  seg_L[3] (OUT)
  -------------------------------------------------------------------    -------------------

Slack:                    inf
  Source:                 U1/U1/U0/synth_options.dist_mem_inst/gen_sp_ram.spram_inst/ram_reg_0_63_4_4/SP/CLK
                            (rising edge-triggered cell RAMS64E clocked by sys_clk_pin  {rise@0.000ns fall@5.000ns period=10.000ns})
  Destination:            seg_L[1]
                            (output port)
  Path Group:             (none)
  Path Type:              Max at Slow Process Corner
  Data Path Delay:        10.682ns  (logic 5.517ns (51.651%)  route 5.165ns (48.349%))
  Logic Levels:           4  (LUT4=1 LUT5=1 MUXF7=1 OBUF=1)
  Clock Uncertainty:      0.025ns  ((TSJ^2 + TIJ^2)^1/2 + DJ) / 2 + PE
    Total System Jitter     (TSJ):    0.050ns
    Total Input Jitter      (TIJ):    0.000ns
    Discrete Jitter          (DJ):    0.000ns
    Phase Error              (PE):    0.000ns

    Location             Delay type                Incr(ns)  Path(ns)    Netlist Resource(s)
  -------------------------------------------------------------------    -------------------
                         (clock sys_clk_pin rise edge)
                                                      0.000     0.000 r  
    W5                                                0.000     0.000 r  clk (IN)
                         net (fo=0)                   0.000     0.000    clk
    W5                   IBUF (Prop_ibuf_I_O)         1.458     1.458 r  clk_IBUF_inst/O
                         net (fo=1, routed)           1.967     3.425    clk_IBUF
    BUFGCTRL_X0Y0        BUFG (Prop_bufg_I_O)         0.096     3.521 r  clk_IBUF_BUFG_inst/O
                         net (fo=64, routed)          1.630     5.151    U1/U1/U0/synth_options.dist_mem_inst/gen_sp_ram.spram_inst/ram_reg_0_63_4_4/WCLK
    SLICE_X2Y16          RAMS64E                                      r  U1/U1/U0/synth_options.dist_mem_inst/gen_sp_ram.spram_inst/ram_reg_0_63_4_4/SP/CLK
  -------------------------------------------------------------------    -------------------
    SLICE_X2Y16          RAMS64E (Prop_rams64e_CLK_O)
                                                      1.319     6.470 r  U1/U1/U0/synth_options.dist_mem_inst/gen_sp_ram.spram_inst/ram_reg_0_63_4_4/SP/O
                         net (fo=1, routed)           0.798     7.269    U1/mem_d[4]
    SLICE_X2Y18          LUT4 (Prop_lut4_I2_O)        0.124     7.393 r  U1/seg_L_OBUF[6]_inst_i_9/O
                         net (fo=1, routed)           0.000     7.393    U1/seg_L_OBUF[6]_inst_i_9_n_0
    SLICE_X2Y18          MUXF7 (Prop_muxf7_I1_O)      0.247     7.640 r  U1/seg_L_OBUF[6]_inst_i_3/O
                         net (fo=7, routed)           0.851     8.491    U1/seg_L_OBUF[6]_inst_i_3_n_0
    SLICE_X4Y17          LUT5 (Prop_lut5_I4_O)        0.298     8.789 r  U1/seg_L_OBUF[1]_inst_i_1/O
                         net (fo=1, routed)           3.515    12.304    seg_L_OBUF[1]
    W6                   OBUF (Prop_obuf_I_O)         3.529    15.833 r  seg_L_OBUF[1]_inst/O
                         net (fo=0)                   0.000    15.833    seg_L[1]
    W6                                                                r  seg_L[1] (OUT)
  -------------------------------------------------------------------    -------------------

Slack:                    inf
  Source:                 U1/U1/U0/synth_options.dist_mem_inst/gen_sp_ram.spram_inst/ram_reg_0_63_4_4/SP/CLK
                            (rising edge-triggered cell RAMS64E clocked by sys_clk_pin  {rise@0.000ns fall@5.000ns period=10.000ns})
  Destination:            seg_L[2]
                            (output port)
  Path Group:             (none)
  Path Type:              Max at Slow Process Corner
  Data Path Delay:        10.652ns  (logic 5.523ns (51.853%)  route 5.128ns (48.147%))
  Logic Levels:           4  (LUT4=1 LUT5=1 MUXF7=1 OBUF=1)
  Clock Uncertainty:      0.025ns  ((TSJ^2 + TIJ^2)^1/2 + DJ) / 2 + PE
    Total System Jitter     (TSJ):    0.050ns
    Total Input Jitter      (TIJ):    0.000ns
    Discrete Jitter          (DJ):    0.000ns
    Phase Error              (PE):    0.000ns

    Location             Delay type                Incr(ns)  Path(ns)    Netlist Resource(s)
  -------------------------------------------------------------------    -------------------
                         (clock sys_clk_pin rise edge)
                                                      0.000     0.000 r  
    W5                                                0.000     0.000 r  clk (IN)
                         net (fo=0)                   0.000     0.000    clk
    W5                   IBUF (Prop_ibuf_I_O)         1.458     1.458 r  clk_IBUF_inst/O
                         net (fo=1, routed)           1.967     3.425    clk_IBUF
    BUFGCTRL_X0Y0        BUFG (Prop_bufg_I_O)         0.096     3.521 r  clk_IBUF_BUFG_inst/O
                         net (fo=64, routed)          1.630     5.151    U1/U1/U0/synth_options.dist_mem_inst/gen_sp_ram.spram_inst/ram_reg_0_63_4_4/WCLK
    SLICE_X2Y16          RAMS64E                                      r  U1/U1/U0/synth_options.dist_mem_inst/gen_sp_ram.spram_inst/ram_reg_0_63_4_4/SP/CLK
  -------------------------------------------------------------------    -------------------
    SLICE_X2Y16          RAMS64E (Prop_rams64e_CLK_O)
                                                      1.319     6.470 f  U1/U1/U0/synth_options.dist_mem_inst/gen_sp_ram.spram_inst/ram_reg_0_63_4_4/SP/O
                         net (fo=1, routed)           0.798     7.269    U1/mem_d[4]
    SLICE_X2Y18          LUT4 (Prop_lut4_I2_O)        0.124     7.393 f  U1/seg_L_OBUF[6]_inst_i_9/O
                         net (fo=1, routed)           0.000     7.393    U1/seg_L_OBUF[6]_inst_i_9_n_0
    SLICE_X2Y18          MUXF7 (Prop_muxf7_I1_O)      0.247     7.640 f  U1/seg_L_OBUF[6]_inst_i_3/O
                         net (fo=7, routed)           0.844     8.484    U1/seg_L_OBUF[6]_inst_i_3_n_0
    SLICE_X4Y17          LUT5 (Prop_lut5_I2_O)        0.298     8.782 r  U1/seg_L_OBUF[2]_inst_i_1/O
                         net (fo=1, routed)           3.486    12.268    seg_L_OBUF[2]
    U8                   OBUF (Prop_obuf_I_O)         3.535    15.803 r  seg_L_OBUF[2]_inst/O
                         net (fo=0)                   0.000    15.803    seg_L[2]
    U8                                                                r  seg_L[2] (OUT)
  -------------------------------------------------------------------    -------------------

Slack:                    inf
  Source:                 U1/U1/U0/synth_options.dist_mem_inst/gen_sp_ram.spram_inst/ram_reg_0_63_4_4/SP/CLK
                            (rising edge-triggered cell RAMS64E clocked by sys_clk_pin  {rise@0.000ns fall@5.000ns period=10.000ns})
  Destination:            seg_L[6]
                            (output port)
  Path Group:             (none)
  Path Type:              Max at Slow Process Corner
  Data Path Delay:        10.433ns  (logic 5.755ns (55.164%)  route 4.678ns (44.836%))
  Logic Levels:           4  (LUT4=1 LUT5=1 MUXF7=1 OBUF=1)
  Clock Uncertainty:      0.025ns  ((TSJ^2 + TIJ^2)^1/2 + DJ) / 2 + PE
    Total System Jitter     (TSJ):    0.050ns
    Total Input Jitter      (TIJ):    0.000ns
    Discrete Jitter          (DJ):    0.000ns
    Phase Error              (PE):    0.000ns

    Location             Delay type                Incr(ns)  Path(ns)    Netlist Resource(s)
  -------------------------------------------------------------------    -------------------
                         (clock sys_clk_pin rise edge)
                                                      0.000     0.000 r  
    W5                                                0.000     0.000 r  clk (IN)
                         net (fo=0)                   0.000     0.000    clk
    W5                   IBUF (Prop_ibuf_I_O)         1.458     1.458 r  clk_IBUF_inst/O
                         net (fo=1, routed)           1.967     3.425    clk_IBUF
    BUFGCTRL_X0Y0        BUFG (Prop_bufg_I_O)         0.096     3.521 r  clk_IBUF_BUFG_inst/O
                         net (fo=64, routed)          1.630     5.151    U1/U1/U0/synth_options.dist_mem_inst/gen_sp_ram.spram_inst/ram_reg_0_63_4_4/WCLK
    SLICE_X2Y16          RAMS64E                                      r  U1/U1/U0/synth_options.dist_mem_inst/gen_sp_ram.spram_inst/ram_reg_0_63_4_4/SP/CLK
  -------------------------------------------------------------------    -------------------
    SLICE_X2Y16          RAMS64E (Prop_rams64e_CLK_O)
                                                      1.319     6.470 r  U1/U1/U0/synth_options.dist_mem_inst/gen_sp_ram.spram_inst/ram_reg_0_63_4_4/SP/O
                         net (fo=1, routed)           0.798     7.269    U1/mem_d[4]
    SLICE_X2Y18          LUT4 (Prop_lut4_I2_O)        0.124     7.393 r  U1/seg_L_OBUF[6]_inst_i_9/O
                         net (fo=1, routed)           0.000     7.393    U1/seg_L_OBUF[6]_inst_i_9_n_0
    SLICE_X2Y18          MUXF7 (Prop_muxf7_I1_O)      0.247     7.640 r  U1/seg_L_OBUF[6]_inst_i_3/O
                         net (fo=7, routed)           0.844     8.484    U1/seg_L_OBUF[6]_inst_i_3_n_0
    SLICE_X4Y17          LUT5 (Prop_lut5_I2_O)        0.326     8.810 r  U1/seg_L_OBUF[6]_inst_i_1/O
                         net (fo=1, routed)           3.035    11.845    seg_L_OBUF[6]
    U7                   OBUF (Prop_obuf_I_O)         3.739    15.585 r  seg_L_OBUF[6]_inst/O
                         net (fo=0)                   0.000    15.585    seg_L[6]
    U7                                                                r  seg_L[6] (OUT)
  -------------------------------------------------------------------    -------------------

Slack:                    inf
  Source:                 U1/U1/U0/synth_options.dist_mem_inst/gen_sp_ram.spram_inst/ram_reg_0_63_3_3/SP/CLK
                            (rising edge-triggered cell RAMS64E clocked by sys_clk_pin  {rise@0.000ns fall@5.000ns period=10.000ns})
  Destination:            seg_L[5]
                            (output port)
  Path Group:             (none)
  Path Type:              Max at Slow Process Corner
  Data Path Delay:        10.205ns  (logic 5.448ns (53.388%)  route 4.757ns (46.612%))
  Logic Levels:           4  (LUT4=1 LUT5=1 MUXF7=1 OBUF=1)
  Clock Uncertainty:      0.025ns  ((TSJ^2 + TIJ^2)^1/2 + DJ) / 2 + PE
    Total System Jitter     (TSJ):    0.050ns
    Total Input Jitter      (TIJ):    0.000ns
    Discrete Jitter          (DJ):    0.000ns
    Phase Error              (PE):    0.000ns

    Location             Delay type                Incr(ns)  Path(ns)    Netlist Resource(s)
  -------------------------------------------------------------------    -------------------
                         (clock sys_clk_pin rise edge)
                                                      0.000     0.000 r  
    W5                                                0.000     0.000 r  clk (IN)
                         net (fo=0)                   0.000     0.000    clk
    W5                   IBUF (Prop_ibuf_I_O)         1.458     1.458 r  clk_IBUF_inst/O
                         net (fo=1, routed)           1.967     3.425    clk_IBUF
    BUFGCTRL_X0Y0        BUFG (Prop_bufg_I_O)         0.096     3.521 r  clk_IBUF_BUFG_inst/O
                         net (fo=64, routed)          1.631     5.152    U1/U1/U0/synth_options.dist_mem_inst/gen_sp_ram.spram_inst/ram_reg_0_63_3_3/WCLK
    SLICE_X2Y15          RAMS64E                                      r  U1/U1/U0/synth_options.dist_mem_inst/gen_sp_ram.spram_inst/ram_reg_0_63_3_3/SP/CLK
  -------------------------------------------------------------------    -------------------
    SLICE_X2Y15          RAMS64E (Prop_rams64e_CLK_O)
                                                      1.314     6.466 r  U1/U1/U0/synth_options.dist_mem_inst/gen_sp_ram.spram_inst/ram_reg_0_63_3_3/SP/O
                         net (fo=1, routed)           0.935     7.401    U1/mem_d[3]
    SLICE_X2Y18          LUT4 (Prop_lut4_I2_O)        0.124     7.525 r  U1/seg_L_OBUF[6]_inst_i_6/O
                         net (fo=1, routed)           0.000     7.525    U1/seg_L_OBUF[6]_inst_i_6_n_0
    SLICE_X2Y18          MUXF7 (Prop_muxf7_I0_O)      0.209     7.734 r  U1/seg_L_OBUF[6]_inst_i_2/O
                         net (fo=7, routed)           0.849     8.583    U1/seg_L_OBUF[6]_inst_i_2_n_0
    SLICE_X4Y17          LUT5 (Prop_lut5_I0_O)        0.297     8.880 r  U1/seg_L_OBUF[5]_inst_i_1/O
                         net (fo=1, routed)           2.973    11.853    seg_L_OBUF[5]
    V5                   OBUF (Prop_obuf_I_O)         3.504    15.358 r  seg_L_OBUF[5]_inst/O
                         net (fo=0)                   0.000    15.358    seg_L[5]
    V5                                                                r  seg_L[5] (OUT)
  -------------------------------------------------------------------    -------------------

Slack:                    inf
  Source:                 U1/U1/U0/synth_options.dist_mem_inst/gen_sp_ram.spram_inst/ram_reg_0_63_3_3/SP/CLK
                            (rising edge-triggered cell RAMS64E clocked by sys_clk_pin  {rise@0.000ns fall@5.000ns period=10.000ns})
  Destination:            seg_L[4]
                            (output port)
  Path Group:             (none)
  Path Type:              Max at Slow Process Corner
  Data Path Delay:        10.007ns  (logic 5.464ns (54.599%)  route 4.544ns (45.401%))
  Logic Levels:           4  (LUT4=1 LUT5=1 MUXF7=1 OBUF=1)
  Clock Uncertainty:      0.025ns  ((TSJ^2 + TIJ^2)^1/2 + DJ) / 2 + PE
    Total System Jitter     (TSJ):    0.050ns
    Total Input Jitter      (TIJ):    0.000ns
    Discrete Jitter          (DJ):    0.000ns
    Phase Error              (PE):    0.000ns

    Location             Delay type                Incr(ns)  Path(ns)    Netlist Resource(s)
  -------------------------------------------------------------------    -------------------
                         (clock sys_clk_pin rise edge)
                                                      0.000     0.000 r  
    W5                                                0.000     0.000 r  clk (IN)
                         net (fo=0)                   0.000     0.000    clk
    W5                   IBUF (Prop_ibuf_I_O)         1.458     1.458 r  clk_IBUF_inst/O
                         net (fo=1, routed)           1.967     3.425    clk_IBUF
    BUFGCTRL_X0Y0        BUFG (Prop_bufg_I_O)         0.096     3.521 r  clk_IBUF_BUFG_inst/O
                         net (fo=64, routed)          1.631     5.152    U1/U1/U0/synth_options.dist_mem_inst/gen_sp_ram.spram_inst/ram_reg_0_63_3_3/WCLK
    SLICE_X2Y15          RAMS64E                                      r  U1/U1/U0/synth_options.dist_mem_inst/gen_sp_ram.spram_inst/ram_reg_0_63_3_3/SP/CLK
  -------------------------------------------------------------------    -------------------
    SLICE_X2Y15          RAMS64E (Prop_rams64e_CLK_O)
                                                      1.314     6.466 f  U1/U1/U0/synth_options.dist_mem_inst/gen_sp_ram.spram_inst/ram_reg_0_63_3_3/SP/O
                         net (fo=1, routed)           0.935     7.401    U1/mem_d[3]
    SLICE_X2Y18          LUT4 (Prop_lut4_I2_O)        0.124     7.525 f  U1/seg_L_OBUF[6]_inst_i_6/O
                         net (fo=1, routed)           0.000     7.525    U1/seg_L_OBUF[6]_inst_i_6_n_0
    SLICE_X2Y18          MUXF7 (Prop_muxf7_I0_O)      0.209     7.734 f  U1/seg_L_OBUF[6]_inst_i_2/O
                         net (fo=7, routed)           0.619     8.353    U1/seg_L_OBUF[6]_inst_i_2_n_0
    SLICE_X4Y17          LUT5 (Prop_lut5_I0_O)        0.297     8.650 r  U1/seg_L_OBUF[4]_inst_i_1/O
                         net (fo=1, routed)           2.990    11.640    seg_L_OBUF[4]
    U5                   OBUF (Prop_obuf_I_O)         3.520    15.160 r  seg_L_OBUF[4]_inst/O
                         net (fo=0)                   0.000    15.160    seg_L[4]
    U5                                                                r  seg_L[4] (OUT)
  -------------------------------------------------------------------    -------------------

Slack:                    inf
  Source:                 U6/count_reg[18]/C
                            (rising edge-triggered cell FDRE clocked by sys_clk_pin  {rise@0.000ns fall@5.000ns period=10.000ns})
  Destination:            anode_L[0]
                            (output port)
  Path Group:             (none)
  Path Type:              Max at Slow Process Corner
  Data Path Delay:        9.019ns  (logic 4.313ns (47.821%)  route 4.706ns (52.179%))
  Logic Levels:           2  (LUT2=1 OBUF=1)
  Clock Uncertainty:      0.025ns  ((TSJ^2 + TIJ^2)^1/2 + DJ) / 2 + PE
    Total System Jitter     (TSJ):    0.050ns
    Total Input Jitter      (TIJ):    0.000ns
    Discrete Jitter          (DJ):    0.000ns
    Phase Error              (PE):    0.000ns

    Location             Delay type                Incr(ns)  Path(ns)    Netlist Resource(s)
  -------------------------------------------------------------------    -------------------
                         (clock sys_clk_pin rise edge)
                                                      0.000     0.000 r  
    W5                                                0.000     0.000 r  clk (IN)
                         net (fo=0)                   0.000     0.000    clk
    W5                   IBUF (Prop_ibuf_I_O)         1.458     1.458 r  clk_IBUF_inst/O
                         net (fo=1, routed)           1.967     3.425    clk_IBUF
    BUFGCTRL_X0Y0        BUFG (Prop_bufg_I_O)         0.096     3.521 r  clk_IBUF_BUFG_inst/O
                         net (fo=64, routed)          1.627     5.148    U6/CLK
    SLICE_X3Y18          FDRE                                         r  U6/count_reg[18]/C
  -------------------------------------------------------------------    -------------------
    SLICE_X3Y18          FDRE (Prop_fdre_C_Q)         0.456     5.604 r  U6/count_reg[18]/Q
                         net (fo=7, routed)           0.825     6.429    U6/seg7_clk[0]
    SLICE_X4Y18          LUT2 (Prop_lut2_I0_O)        0.152     6.581 r  U6/anode_L_OBUF[0]_inst_i_1/O
                         net (fo=1, routed)           3.881    10.462    anode_L_OBUF[0]
    U2                   OBUF (Prop_obuf_I_O)         3.705    14.167 r  anode_L_OBUF[0]_inst/O
                         net (fo=0)                   0.000    14.167    anode_L[0]
    U2                                                                r  anode_L[0] (OUT)
  -------------------------------------------------------------------    -------------------

Slack:                    inf
  Source:                 U6/count_reg[18]/C
                            (rising edge-triggered cell FDRE clocked by sys_clk_pin  {rise@0.000ns fall@5.000ns period=10.000ns})
  Destination:            anode_L[1]
                            (output port)
  Path Group:             (none)
  Path Type:              Max at Slow Process Corner
  Data Path Delay:        8.628ns  (logic 4.079ns (47.278%)  route 4.549ns (52.722%))
  Logic Levels:           2  (LUT2=1 OBUF=1)
  Clock Uncertainty:      0.025ns  ((TSJ^2 + TIJ^2)^1/2 + DJ) / 2 + PE
    Total System Jitter     (TSJ):    0.050ns
    Total Input Jitter      (TIJ):    0.000ns
    Discrete Jitter          (DJ):    0.000ns
    Phase Error              (PE):    0.000ns

    Location             Delay type                Incr(ns)  Path(ns)    Netlist Resource(s)
  -------------------------------------------------------------------    -------------------
                         (clock sys_clk_pin rise edge)
                                                      0.000     0.000 r  
    W5                                                0.000     0.000 r  clk (IN)
                         net (fo=0)                   0.000     0.000    clk
    W5                   IBUF (Prop_ibuf_I_O)         1.458     1.458 r  clk_IBUF_inst/O
                         net (fo=1, routed)           1.967     3.425    clk_IBUF
    BUFGCTRL_X0Y0        BUFG (Prop_bufg_I_O)         0.096     3.521 r  clk_IBUF_BUFG_inst/O
                         net (fo=64, routed)          1.627     5.148    U6/CLK
    SLICE_X3Y18          FDRE                                         r  U6/count_reg[18]/C
  -------------------------------------------------------------------    -------------------
    SLICE_X3Y18          FDRE (Prop_fdre_C_Q)         0.456     5.604 f  U6/count_reg[18]/Q
                         net (fo=7, routed)           0.825     6.429    U6/seg7_clk[0]
    SLICE_X4Y18          LUT2 (Prop_lut2_I1_O)        0.124     6.553 r  U6/anode_L_OBUF[1]_inst_i_1/O
                         net (fo=1, routed)           3.724    10.277    anode_L_OBUF[1]
    U4                   OBUF (Prop_obuf_I_O)         3.499    13.776 r  anode_L_OBUF[1]_inst/O
                         net (fo=0)                   0.000    13.776    anode_L[1]
    U4                                                                r  anode_L[1] (OUT)
  -------------------------------------------------------------------    -------------------

Slack:                    inf
  Source:                 U5/counter_reg[27]/C
                            (rising edge-triggered cell FDRE clocked by sys_clk_pin  {rise@0.000ns fall@5.000ns period=10.000ns})
  Destination:            sClk
                            (output port)
  Path Group:             (none)
  Path Type:              Max at Slow Process Corner
  Data Path Delay:        6.211ns  (logic 3.957ns (63.708%)  route 2.254ns (36.292%))
  Logic Levels:           1  (OBUF=1)
  Clock Uncertainty:      0.025ns  ((TSJ^2 + TIJ^2)^1/2 + DJ) / 2 + PE
    Total System Jitter     (TSJ):    0.050ns
    Total Input Jitter      (TIJ):    0.000ns
    Discrete Jitter          (DJ):    0.000ns
    Phase Error              (PE):    0.000ns

    Location             Delay type                Incr(ns)  Path(ns)    Netlist Resource(s)
  -------------------------------------------------------------------    -------------------
                         (clock sys_clk_pin rise edge)
                                                      0.000     0.000 r  
    W5                                                0.000     0.000 r  clk (IN)
                         net (fo=0)                   0.000     0.000    clk
    W5                   IBUF (Prop_ibuf_I_O)         1.458     1.458 r  clk_IBUF_inst/O
                         net (fo=1, routed)           1.967     3.425    clk_IBUF
    BUFGCTRL_X0Y0        BUFG (Prop_bufg_I_O)         0.096     3.521 r  clk_IBUF_BUFG_inst/O
                         net (fo=64, routed)          1.633     5.154    U5/CLK
    SLICE_X0Y13          FDRE                                         r  U5/counter_reg[27]/C
  -------------------------------------------------------------------    -------------------
    SLICE_X0Y13          FDRE (Prop_fdre_C_Q)         0.456     5.610 r  U5/counter_reg[27]/Q
                         net (fo=2, routed)           2.254     7.864    sClk_OBUF
    V14                  OBUF (Prop_obuf_I_O)         3.501    11.365 r  sClk_OBUF_inst/O
                         net (fo=0)                   0.000    11.365    sClk
    V14                                                               r  sClk (OUT)
  -------------------------------------------------------------------    -------------------





Min Delay Paths
--------------------------------------------------------------------------------------
Slack:                    inf
  Source:                 U5/counter_reg[27]/C
                            (rising edge-triggered cell FDRE clocked by sys_clk_pin  {rise@0.000ns fall@5.000ns period=10.000ns})
  Destination:            sClk
                            (output port)
  Path Group:             (none)
  Path Type:              Min at Fast Process Corner
  Data Path Delay:        1.918ns  (logic 1.343ns (70.020%)  route 0.575ns (29.980%))
  Logic Levels:           1  (OBUF=1)
  Clock Uncertainty:      0.025ns  ((TSJ^2 + TIJ^2)^1/2 + DJ) / 2 + PE
    Total System Jitter     (TSJ):    0.050ns
    Total Input Jitter      (TIJ):    0.000ns
    Discrete Jitter          (DJ):    0.000ns
    Phase Error              (PE):    0.000ns

    Location             Delay type                Incr(ns)  Path(ns)    Netlist Resource(s)
  -------------------------------------------------------------------    -------------------
                         (clock sys_clk_pin rise edge)
                                                      0.000     0.000 r  
    W5                                                0.000     0.000 r  clk (IN)
                         net (fo=0)                   0.000     0.000    clk
    W5                   IBUF (Prop_ibuf_I_O)         0.226     0.226 r  clk_IBUF_inst/O
                         net (fo=1, routed)           0.631     0.858    clk_IBUF
    BUFGCTRL_X0Y0        BUFG (Prop_bufg_I_O)         0.026     0.884 r  clk_IBUF_BUFG_inst/O
                         net (fo=64, routed)          0.591     1.474    U5/CLK
    SLICE_X0Y13          FDRE                                         r  U5/counter_reg[27]/C
  -------------------------------------------------------------------    -------------------
    SLICE_X0Y13          FDRE (Prop_fdre_C_Q)         0.141     1.615 r  U5/counter_reg[27]/Q
                         net (fo=2, routed)           0.575     2.190    sClk_OBUF
    V14                  OBUF (Prop_obuf_I_O)         1.202     3.392 r  sClk_OBUF_inst/O
                         net (fo=0)                   0.000     3.392    sClk
    V14                                                               r  sClk (OUT)
  -------------------------------------------------------------------    -------------------

Slack:                    inf
  Source:                 U6/count_reg[19]/C
                            (rising edge-triggered cell FDRE clocked by sys_clk_pin  {rise@0.000ns fall@5.000ns period=10.000ns})
  Destination:            seg_L[5]
                            (output port)
  Path Group:             (none)
  Path Type:              Min at Fast Process Corner
  Data Path Delay:        2.745ns  (logic 1.392ns (50.690%)  route 1.354ns (49.310%))
  Logic Levels:           2  (LUT5=1 OBUF=1)
  Clock Uncertainty:      0.025ns  ((TSJ^2 + TIJ^2)^1/2 + DJ) / 2 + PE
    Total System Jitter     (TSJ):    0.050ns
    Total Input Jitter      (TIJ):    0.000ns
    Discrete Jitter          (DJ):    0.000ns
    Phase Error              (PE):    0.000ns

    Location             Delay type                Incr(ns)  Path(ns)    Netlist Resource(s)
  -------------------------------------------------------------------    -------------------
                         (clock sys_clk_pin rise edge)
                                                      0.000     0.000 r  
    W5                                                0.000     0.000 r  clk (IN)
                         net (fo=0)                   0.000     0.000    clk
    W5                   IBUF (Prop_ibuf_I_O)         0.226     0.226 r  clk_IBUF_inst/O
                         net (fo=1, routed)           0.631     0.858    clk_IBUF
    BUFGCTRL_X0Y0        BUFG (Prop_bufg_I_O)         0.026     0.884 r  clk_IBUF_BUFG_inst/O
                         net (fo=64, routed)          0.588     1.471    U6/CLK
    SLICE_X3Y18          FDRE                                         r  U6/count_reg[19]/C
  -------------------------------------------------------------------    -------------------
    SLICE_X3Y18          FDRE (Prop_fdre_C_Q)         0.141     1.612 f  U6/count_reg[19]/Q
                         net (fo=10, routed)          0.378     1.990    U1/seg7_clk[1]
    SLICE_X4Y17          LUT5 (Prop_lut5_I1_O)        0.045     2.035 r  U1/seg_L_OBUF[5]_inst_i_1/O
                         net (fo=1, routed)           0.976     3.011    seg_L_OBUF[5]
    V5                   OBUF (Prop_obuf_I_O)         1.206     4.216 r  seg_L_OBUF[5]_inst/O
                         net (fo=0)                   0.000     4.216    seg_L[5]
    V5                                                                r  seg_L[5] (OUT)
  -------------------------------------------------------------------    -------------------

Slack:                    inf
  Source:                 U6/count_reg[19]/C
                            (rising edge-triggered cell FDRE clocked by sys_clk_pin  {rise@0.000ns fall@5.000ns period=10.000ns})
  Destination:            seg_L[4]
                            (output port)
  Path Group:             (none)
  Path Type:              Min at Fast Process Corner
  Data Path Delay:        2.756ns  (logic 1.407ns (51.051%)  route 1.349ns (48.949%))
  Logic Levels:           2  (LUT5=1 OBUF=1)
  Clock Uncertainty:      0.025ns  ((TSJ^2 + TIJ^2)^1/2 + DJ) / 2 + PE
    Total System Jitter     (TSJ):    0.050ns
    Total Input Jitter      (TIJ):    0.000ns
    Discrete Jitter          (DJ):    0.000ns
    Phase Error              (PE):    0.000ns

    Location             Delay type                Incr(ns)  Path(ns)    Netlist Resource(s)
  -------------------------------------------------------------------    -------------------
                         (clock sys_clk_pin rise edge)
                                                      0.000     0.000 r  
    W5                                                0.000     0.000 r  clk (IN)
                         net (fo=0)                   0.000     0.000    clk
    W5                   IBUF (Prop_ibuf_I_O)         0.226     0.226 r  clk_IBUF_inst/O
                         net (fo=1, routed)           0.631     0.858    clk_IBUF
    BUFGCTRL_X0Y0        BUFG (Prop_bufg_I_O)         0.026     0.884 r  clk_IBUF_BUFG_inst/O
                         net (fo=64, routed)          0.588     1.471    U6/CLK
    SLICE_X3Y18          FDRE                                         r  U6/count_reg[19]/C
  -------------------------------------------------------------------    -------------------
    SLICE_X3Y18          FDRE (Prop_fdre_C_Q)         0.141     1.612 f  U6/count_reg[19]/Q
                         net (fo=10, routed)          0.375     1.987    U1/seg7_clk[1]
    SLICE_X4Y17          LUT5 (Prop_lut5_I1_O)        0.045     2.032 r  U1/seg_L_OBUF[4]_inst_i_1/O
                         net (fo=1, routed)           0.974     3.006    seg_L_OBUF[4]
    U5                   OBUF (Prop_obuf_I_O)         1.221     4.227 r  seg_L_OBUF[4]_inst/O
                         net (fo=0)                   0.000     4.227    seg_L[4]
    U5                                                                r  seg_L[4] (OUT)
  -------------------------------------------------------------------    -------------------

Slack:                    inf
  Source:                 U6/count_reg[19]/C
                            (rising edge-triggered cell FDRE clocked by sys_clk_pin  {rise@0.000ns fall@5.000ns period=10.000ns})
  Destination:            seg_L[6]
                            (output port)
  Path Group:             (none)
  Path Type:              Min at Fast Process Corner
  Data Path Delay:        2.889ns  (logic 1.483ns (51.344%)  route 1.406ns (48.656%))
  Logic Levels:           2  (LUT5=1 OBUF=1)
  Clock Uncertainty:      0.025ns  ((TSJ^2 + TIJ^2)^1/2 + DJ) / 2 + PE
    Total System Jitter     (TSJ):    0.050ns
    Total Input Jitter      (TIJ):    0.000ns
    Discrete Jitter          (DJ):    0.000ns
    Phase Error              (PE):    0.000ns

    Location             Delay type                Incr(ns)  Path(ns)    Netlist Resource(s)
  -------------------------------------------------------------------    -------------------
                         (clock sys_clk_pin rise edge)
                                                      0.000     0.000 r  
    W5                                                0.000     0.000 r  clk (IN)
                         net (fo=0)                   0.000     0.000    clk
    W5                   IBUF (Prop_ibuf_I_O)         0.226     0.226 r  clk_IBUF_inst/O
                         net (fo=1, routed)           0.631     0.858    clk_IBUF
    BUFGCTRL_X0Y0        BUFG (Prop_bufg_I_O)         0.026     0.884 r  clk_IBUF_BUFG_inst/O
                         net (fo=64, routed)          0.588     1.471    U6/CLK
    SLICE_X3Y18          FDRE                                         r  U6/count_reg[19]/C
  -------------------------------------------------------------------    -------------------
    SLICE_X3Y18          FDRE (Prop_fdre_C_Q)         0.141     1.612 r  U6/count_reg[19]/Q
                         net (fo=10, routed)          0.422     2.034    U1/seg7_clk[1]
    SLICE_X4Y17          LUT5 (Prop_lut5_I1_O)        0.043     2.077 r  U1/seg_L_OBUF[6]_inst_i_1/O
                         net (fo=1, routed)           0.983     3.061    seg_L_OBUF[6]
    U7                   OBUF (Prop_obuf_I_O)         1.299     4.360 r  seg_L_OBUF[6]_inst/O
                         net (fo=0)                   0.000     4.360    seg_L[6]
    U7                                                                r  seg_L[6] (OUT)
  -------------------------------------------------------------------    -------------------

Slack:                    inf
  Source:                 U6/count_reg[19]/C
                            (rising edge-triggered cell FDRE clocked by sys_clk_pin  {rise@0.000ns fall@5.000ns period=10.000ns})
  Destination:            seg_L[1]
                            (output port)
  Path Group:             (none)
  Path Type:              Min at Fast Process Corner
  Data Path Delay:        3.030ns  (logic 1.416ns (46.736%)  route 1.614ns (53.264%))
  Logic Levels:           2  (LUT5=1 OBUF=1)
  Clock Uncertainty:      0.025ns  ((TSJ^2 + TIJ^2)^1/2 + DJ) / 2 + PE
    Total System Jitter     (TSJ):    0.050ns
    Total Input Jitter      (TIJ):    0.000ns
    Discrete Jitter          (DJ):    0.000ns
    Phase Error              (PE):    0.000ns

    Location             Delay type                Incr(ns)  Path(ns)    Netlist Resource(s)
  -------------------------------------------------------------------    -------------------
                         (clock sys_clk_pin rise edge)
                                                      0.000     0.000 r  
    W5                                                0.000     0.000 r  clk (IN)
                         net (fo=0)                   0.000     0.000    clk
    W5                   IBUF (Prop_ibuf_I_O)         0.226     0.226 r  clk_IBUF_inst/O
                         net (fo=1, routed)           0.631     0.858    clk_IBUF
    BUFGCTRL_X0Y0        BUFG (Prop_bufg_I_O)         0.026     0.884 r  clk_IBUF_BUFG_inst/O
                         net (fo=64, routed)          0.588     1.471    U6/CLK
    SLICE_X3Y18          FDRE                                         r  U6/count_reg[19]/C
  -------------------------------------------------------------------    -------------------
    SLICE_X3Y18          FDRE (Prop_fdre_C_Q)         0.141     1.612 f  U6/count_reg[19]/Q
                         net (fo=10, routed)          0.321     1.933    U1/seg7_clk[1]
    SLICE_X4Y17          LUT5 (Prop_lut5_I1_O)        0.045     1.978 r  U1/seg_L_OBUF[1]_inst_i_1/O
                         net (fo=1, routed)           1.293     3.271    seg_L_OBUF[1]
    W6                   OBUF (Prop_obuf_I_O)         1.230     4.501 r  seg_L_OBUF[1]_inst/O
                         net (fo=0)                   0.000     4.501    seg_L[1]
    W6                                                                r  seg_L[1] (OUT)
  -------------------------------------------------------------------    -------------------

Slack:                    inf
  Source:                 U6/count_reg[19]/C
                            (rising edge-triggered cell FDRE clocked by sys_clk_pin  {rise@0.000ns fall@5.000ns period=10.000ns})
  Destination:            anode_L[1]
                            (output port)
  Path Group:             (none)
  Path Type:              Min at Fast Process Corner
  Data Path Delay:        3.086ns  (logic 1.386ns (44.926%)  route 1.699ns (55.074%))
  Logic Levels:           2  (LUT2=1 OBUF=1)
  Clock Uncertainty:      0.025ns  ((TSJ^2 + TIJ^2)^1/2 + DJ) / 2 + PE
    Total System Jitter     (TSJ):    0.050ns
    Total Input Jitter      (TIJ):    0.000ns
    Discrete Jitter          (DJ):    0.000ns
    Phase Error              (PE):    0.000ns

    Location             Delay type                Incr(ns)  Path(ns)    Netlist Resource(s)
  -------------------------------------------------------------------    -------------------
                         (clock sys_clk_pin rise edge)
                                                      0.000     0.000 r  
    W5                                                0.000     0.000 r  clk (IN)
                         net (fo=0)                   0.000     0.000    clk
    W5                   IBUF (Prop_ibuf_I_O)         0.226     0.226 r  clk_IBUF_inst/O
                         net (fo=1, routed)           0.631     0.858    clk_IBUF
    BUFGCTRL_X0Y0        BUFG (Prop_bufg_I_O)         0.026     0.884 r  clk_IBUF_BUFG_inst/O
                         net (fo=64, routed)          0.588     1.471    U6/CLK
    SLICE_X3Y18          FDRE                                         r  U6/count_reg[19]/C
  -------------------------------------------------------------------    -------------------
    SLICE_X3Y18          FDRE (Prop_fdre_C_Q)         0.141     1.612 r  U6/count_reg[19]/Q
                         net (fo=10, routed)          0.293     1.905    U6/seg7_clk[1]
    SLICE_X4Y18          LUT2 (Prop_lut2_I0_O)        0.045     1.950 r  U6/anode_L_OBUF[1]_inst_i_1/O
                         net (fo=1, routed)           1.407     3.357    anode_L_OBUF[1]
    U4                   OBUF (Prop_obuf_I_O)         1.200     4.557 r  anode_L_OBUF[1]_inst/O
                         net (fo=0)                   0.000     4.557    anode_L[1]
    U4                                                                r  anode_L[1] (OUT)
  -------------------------------------------------------------------    -------------------

Slack:                    inf
  Source:                 U6/count_reg[19]/C
                            (rising edge-triggered cell FDRE clocked by sys_clk_pin  {rise@0.000ns fall@5.000ns period=10.000ns})
  Destination:            seg_L[3]
                            (output port)
  Path Group:             (none)
  Path Type:              Min at Fast Process Corner
  Data Path Delay:        3.098ns  (logic 1.481ns (47.819%)  route 1.617ns (52.181%))
  Logic Levels:           2  (LUT5=1 OBUF=1)
  Clock Uncertainty:      0.025ns  ((TSJ^2 + TIJ^2)^1/2 + DJ) / 2 + PE
    Total System Jitter     (TSJ):    0.050ns
    Total Input Jitter      (TIJ):    0.000ns
    Discrete Jitter          (DJ):    0.000ns
    Phase Error              (PE):    0.000ns

    Location             Delay type                Incr(ns)  Path(ns)    Netlist Resource(s)
  -------------------------------------------------------------------    -------------------
                         (clock sys_clk_pin rise edge)
                                                      0.000     0.000 r  
    W5                                                0.000     0.000 r  clk (IN)
                         net (fo=0)                   0.000     0.000    clk
    W5                   IBUF (Prop_ibuf_I_O)         0.226     0.226 r  clk_IBUF_inst/O
                         net (fo=1, routed)           0.631     0.858    clk_IBUF
    BUFGCTRL_X0Y0        BUFG (Prop_bufg_I_O)         0.026     0.884 r  clk_IBUF_BUFG_inst/O
                         net (fo=64, routed)          0.588     1.471    U6/CLK
    SLICE_X3Y18          FDRE                                         r  U6/count_reg[19]/C
  -------------------------------------------------------------------    -------------------
    SLICE_X3Y18          FDRE (Prop_fdre_C_Q)         0.141     1.612 f  U6/count_reg[19]/Q
                         net (fo=10, routed)          0.321     1.933    U1/seg7_clk[1]
    SLICE_X4Y17          LUT5 (Prop_lut5_I1_O)        0.042     1.975 r  U1/seg_L_OBUF[3]_inst_i_1/O
                         net (fo=1, routed)           1.295     3.271    seg_L_OBUF[3]
    V8                   OBUF (Prop_obuf_I_O)         1.298     4.569 r  seg_L_OBUF[3]_inst/O
                         net (fo=0)                   0.000     4.569    seg_L[3]
    V8                                                                r  seg_L[3] (OUT)
  -------------------------------------------------------------------    -------------------

Slack:                    inf
  Source:                 U6/count_reg[19]/C
                            (rising edge-triggered cell FDRE clocked by sys_clk_pin  {rise@0.000ns fall@5.000ns period=10.000ns})
  Destination:            seg_L[2]
                            (output port)
  Path Group:             (none)
  Path Type:              Min at Fast Process Corner
  Data Path Delay:        3.114ns  (logic 1.422ns (45.662%)  route 1.692ns (54.338%))
  Logic Levels:           2  (LUT5=1 OBUF=1)
  Clock Uncertainty:      0.025ns  ((TSJ^2 + TIJ^2)^1/2 + DJ) / 2 + PE
    Total System Jitter     (TSJ):    0.050ns
    Total Input Jitter      (TIJ):    0.000ns
    Discrete Jitter          (DJ):    0.000ns
    Phase Error              (PE):    0.000ns

    Location             Delay type                Incr(ns)  Path(ns)    Netlist Resource(s)
  -------------------------------------------------------------------    -------------------
                         (clock sys_clk_pin rise edge)
                                                      0.000     0.000 r  
    W5                                                0.000     0.000 r  clk (IN)
                         net (fo=0)                   0.000     0.000    clk
    W5                   IBUF (Prop_ibuf_I_O)         0.226     0.226 r  clk_IBUF_inst/O
                         net (fo=1, routed)           0.631     0.858    clk_IBUF
    BUFGCTRL_X0Y0        BUFG (Prop_bufg_I_O)         0.026     0.884 r  clk_IBUF_BUFG_inst/O
                         net (fo=64, routed)          0.588     1.471    U6/CLK
    SLICE_X3Y18          FDRE                                         r  U6/count_reg[19]/C
  -------------------------------------------------------------------    -------------------
    SLICE_X3Y18          FDRE (Prop_fdre_C_Q)         0.141     1.612 f  U6/count_reg[19]/Q
                         net (fo=10, routed)          0.422     2.034    U1/seg7_clk[1]
    SLICE_X4Y17          LUT5 (Prop_lut5_I1_O)        0.045     2.079 r  U1/seg_L_OBUF[2]_inst_i_1/O
                         net (fo=1, routed)           1.270     3.349    seg_L_OBUF[2]
    U8                   OBUF (Prop_obuf_I_O)         1.236     4.585 r  seg_L_OBUF[2]_inst/O
                         net (fo=0)                   0.000     4.585    seg_L[2]
    U8                                                                r  seg_L[2] (OUT)
  -------------------------------------------------------------------    -------------------

Slack:                    inf
  Source:                 U6/count_reg[19]/C
                            (rising edge-triggered cell FDRE clocked by sys_clk_pin  {rise@0.000ns fall@5.000ns period=10.000ns})
  Destination:            anode_L[0]
                            (output port)
  Path Group:             (none)
  Path Type:              Min at Fast Process Corner
  Data Path Delay:        3.206ns  (logic 1.453ns (45.330%)  route 1.752ns (54.670%))
  Logic Levels:           2  (LUT2=1 OBUF=1)
  Clock Uncertainty:      0.025ns  ((TSJ^2 + TIJ^2)^1/2 + DJ) / 2 + PE
    Total System Jitter     (TSJ):    0.050ns
    Total Input Jitter      (TIJ):    0.000ns
    Discrete Jitter          (DJ):    0.000ns
    Phase Error              (PE):    0.000ns

    Location             Delay type                Incr(ns)  Path(ns)    Netlist Resource(s)
  -------------------------------------------------------------------    -------------------
                         (clock sys_clk_pin rise edge)
                                                      0.000     0.000 r  
    W5                                                0.000     0.000 r  clk (IN)
                         net (fo=0)                   0.000     0.000    clk
    W5                   IBUF (Prop_ibuf_I_O)         0.226     0.226 r  clk_IBUF_inst/O
                         net (fo=1, routed)           0.631     0.858    clk_IBUF
    BUFGCTRL_X0Y0        BUFG (Prop_bufg_I_O)         0.026     0.884 r  clk_IBUF_BUFG_inst/O
                         net (fo=64, routed)          0.588     1.471    U6/CLK
    SLICE_X3Y18          FDRE                                         r  U6/count_reg[19]/C
  -------------------------------------------------------------------    -------------------
    SLICE_X3Y18          FDRE (Prop_fdre_C_Q)         0.141     1.612 r  U6/count_reg[19]/Q
                         net (fo=10, routed)          0.293     1.905    U6/seg7_clk[1]
    SLICE_X4Y18          LUT2 (Prop_lut2_I1_O)        0.046     1.951 r  U6/anode_L_OBUF[0]_inst_i_1/O
                         net (fo=1, routed)           1.460     3.411    anode_L_OBUF[0]
    U2                   OBUF (Prop_obuf_I_O)         1.266     4.677 r  anode_L_OBUF[0]_inst/O
                         net (fo=0)                   0.000     4.677    anode_L[0]
    U2                                                                r  anode_L[0] (OUT)
  -------------------------------------------------------------------    -------------------

Slack:                    inf
  Source:                 U6/count_reg[19]/C
                            (rising edge-triggered cell FDRE clocked by sys_clk_pin  {rise@0.000ns fall@5.000ns period=10.000ns})
  Destination:            seg_L[0]
                            (output port)
  Path Group:             (none)
  Path Type:              Min at Fast Process Corner
  Data Path Delay:        3.249ns  (logic 1.462ns (44.994%)  route 1.787ns (55.006%))
  Logic Levels:           2  (LUT5=1 OBUF=1)
  Clock Uncertainty:      0.025ns  ((TSJ^2 + TIJ^2)^1/2 + DJ) / 2 + PE
    Total System Jitter     (TSJ):    0.050ns
    Total Input Jitter      (TIJ):    0.000ns
    Discrete Jitter          (DJ):    0.000ns
    Phase Error              (PE):    0.000ns

    Location             Delay type                Incr(ns)  Path(ns)    Netlist Resource(s)
  -------------------------------------------------------------------    -------------------
                         (clock sys_clk_pin rise edge)
                                                      0.000     0.000 r  
    W5                                                0.000     0.000 r  clk (IN)
                         net (fo=0)                   0.000     0.000    clk
    W5                   IBUF (Prop_ibuf_I_O)         0.226     0.226 r  clk_IBUF_inst/O
                         net (fo=1, routed)           0.631     0.858    clk_IBUF
    BUFGCTRL_X0Y0        BUFG (Prop_bufg_I_O)         0.026     0.884 r  clk_IBUF_BUFG_inst/O
                         net (fo=64, routed)          0.588     1.471    U6/CLK
    SLICE_X3Y18          FDRE                                         r  U6/count_reg[19]/C
  -------------------------------------------------------------------    -------------------
    SLICE_X3Y18          FDRE (Prop_fdre_C_Q)         0.141     1.612 f  U6/count_reg[19]/Q
                         net (fo=10, routed)          0.378     1.990    U1/seg7_clk[1]
    SLICE_X4Y17          LUT5 (Prop_lut5_I1_O)        0.044     2.034 r  U1/seg_L_OBUF[0]_inst_i_1/O
                         net (fo=1, routed)           1.409     3.443    seg_L_OBUF[0]
    W7                   OBUF (Prop_obuf_I_O)         1.277     4.720 r  seg_L_OBUF[0]_inst/O
                         net (fo=0)                   0.000     4.720    seg_L[0]
    W7                                                                r  seg_L[0] (OUT)
  -------------------------------------------------------------------    -------------------





--------------------------------------------------------------------------------------
Path Group:  (none)
From Clock:  
  To Clock:  sys_clk_pin

Max Delay           100 Endpoints
Min Delay           100 Endpoints
--------------------------------------------------------------------------------------


Max Delay Paths
--------------------------------------------------------------------------------------
Slack:                    inf
  Source:                 d_in[3]
                            (input port)
  Destination:            U1/reg_d_reg[3]/D
                            (rising edge-triggered cell FDRE clocked by sys_clk_pin  {rise@0.000ns fall@5.000ns period=10.000ns})
  Path Group:             (none)
  Path Type:              Setup (Max at Slow Process Corner)
  Data Path Delay:        3.654ns  (logic 1.448ns (39.636%)  route 2.206ns (60.364%))
  Logic Levels:           1  (IBUF=1)
  Clock Path Skew:        4.852ns (DCD - SCD + CPR)
    Destination Clock Delay (DCD):    4.852ns
    Source Clock Delay      (SCD):    0.000ns
    Clock Pessimism Removal (CPR):    0.000ns
  Clock Uncertainty:      0.025ns  ((TSJ^2 + TIJ^2)^1/2 + DJ) / 2 + PE
    Total System Jitter     (TSJ):    0.050ns
    Total Input Jitter      (TIJ):    0.000ns
    Discrete Jitter          (DJ):    0.000ns
    Phase Error              (PE):    0.000ns

    Location             Delay type                Incr(ns)  Path(ns)    Netlist Resource(s)
  -------------------------------------------------------------------    -------------------
    W17                                               0.000     0.000 r  d_in[3] (IN)
                         net (fo=0)                   0.000     0.000    d_in[3]
    W17                  IBUF (Prop_ibuf_I_O)         1.448     1.448 r  d_in_IBUF[3]_inst/O
                         net (fo=9, routed)           2.206     3.654    U1/D[3]
    SLICE_X2Y17          FDRE                                         r  U1/reg_d_reg[3]/D
  -------------------------------------------------------------------    -------------------

                         (clock sys_clk_pin rise edge)
                                                      0.000     0.000 r  
    W5                                                0.000     0.000 r  clk (IN)
                         net (fo=0)                   0.000     0.000    clk
    W5                   IBUF (Prop_ibuf_I_O)         1.388     1.388 r  clk_IBUF_inst/O
                         net (fo=1, routed)           1.862     3.250    clk_IBUF
    BUFGCTRL_X0Y0        BUFG (Prop_bufg_I_O)         0.091     3.341 r  clk_IBUF_BUFG_inst/O
                         net (fo=64, routed)          1.511     4.852    U1/CLK
    SLICE_X2Y17          FDRE                                         r  U1/reg_d_reg[3]/C

Slack:                    inf
  Source:                 d_in[1]
                            (input port)
  Destination:            U1/U1/U0/synth_options.dist_mem_inst/gen_sp_ram.spram_inst/ram_reg_0_63_4_4/SP/ADR1
                            (rising edge-triggered cell RAMS64E clocked by sys_clk_pin  {rise@0.000ns fall@5.000ns period=10.000ns})
  Path Group:             (none)
  Path Type:              Setup (Max at Slow Process Corner)
  Data Path Delay:        3.300ns  (logic 1.461ns (44.281%)  route 1.839ns (55.719%))
  Logic Levels:           1  (IBUF=1)
  Clock Path Skew:        4.853ns (DCD - SCD + CPR)
    Destination Clock Delay (DCD):    4.853ns
    Source Clock Delay      (SCD):    0.000ns
    Clock Pessimism Removal (CPR):    0.000ns
  Clock Uncertainty:      0.025ns  ((TSJ^2 + TIJ^2)^1/2 + DJ) / 2 + PE
    Total System Jitter     (TSJ):    0.050ns
    Total Input Jitter      (TIJ):    0.000ns
    Discrete Jitter          (DJ):    0.000ns
    Phase Error              (PE):    0.000ns

    Location             Delay type                Incr(ns)  Path(ns)    Netlist Resource(s)
  -------------------------------------------------------------------    -------------------
    V16                                               0.000     0.000 r  d_in[1] (IN)
                         net (fo=0)                   0.000     0.000    d_in[1]
    V16                  IBUF (Prop_ibuf_I_O)         1.461     1.461 r  d_in_IBUF[1]_inst/O
                         net (fo=9, routed)           1.839     3.300    U1/U1/U0/synth_options.dist_mem_inst/gen_sp_ram.spram_inst/ram_reg_0_63_4_4/A1
    SLICE_X2Y16          RAMS64E                                      r  U1/U1/U0/synth_options.dist_mem_inst/gen_sp_ram.spram_inst/ram_reg_0_63_4_4/SP/ADR1
  -------------------------------------------------------------------    -------------------

                         (clock sys_clk_pin rise edge)
                                                      0.000     0.000 r  
    W5                                                0.000     0.000 r  clk (IN)
                         net (fo=0)                   0.000     0.000    clk
    W5                   IBUF (Prop_ibuf_I_O)         1.388     1.388 r  clk_IBUF_inst/O
                         net (fo=1, routed)           1.862     3.250    clk_IBUF
    BUFGCTRL_X0Y0        BUFG (Prop_bufg_I_O)         0.091     3.341 r  clk_IBUF_BUFG_inst/O
                         net (fo=64, routed)          1.512     4.853    U1/U1/U0/synth_options.dist_mem_inst/gen_sp_ram.spram_inst/ram_reg_0_63_4_4/WCLK
    SLICE_X2Y16          RAMS64E                                      r  U1/U1/U0/synth_options.dist_mem_inst/gen_sp_ram.spram_inst/ram_reg_0_63_4_4/SP/CLK

Slack:                    inf
  Source:                 d_in[1]
                            (input port)
  Destination:            U1/U1/U0/synth_options.dist_mem_inst/gen_sp_ram.spram_inst/ram_reg_0_63_5_5/SP/ADR1
                            (rising edge-triggered cell RAMS64E clocked by sys_clk_pin  {rise@0.000ns fall@5.000ns period=10.000ns})
  Path Group:             (none)
  Path Type:              Setup (Max at Slow Process Corner)
  Data Path Delay:        3.300ns  (logic 1.461ns (44.281%)  route 1.839ns (55.719%))
  Logic Levels:           1  (IBUF=1)
  Clock Path Skew:        4.853ns (DCD - SCD + CPR)
    Destination Clock Delay (DCD):    4.853ns
    Source Clock Delay      (SCD):    0.000ns
    Clock Pessimism Removal (CPR):    0.000ns
  Clock Uncertainty:      0.025ns  ((TSJ^2 + TIJ^2)^1/2 + DJ) / 2 + PE
    Total System Jitter     (TSJ):    0.050ns
    Total Input Jitter      (TIJ):    0.000ns
    Discrete Jitter          (DJ):    0.000ns
    Phase Error              (PE):    0.000ns

    Location             Delay type                Incr(ns)  Path(ns)    Netlist Resource(s)
  -------------------------------------------------------------------    -------------------
    V16                                               0.000     0.000 r  d_in[1] (IN)
                         net (fo=0)                   0.000     0.000    d_in[1]
    V16                  IBUF (Prop_ibuf_I_O)         1.461     1.461 r  d_in_IBUF[1]_inst/O
                         net (fo=9, routed)           1.839     3.300    U1/U1/U0/synth_options.dist_mem_inst/gen_sp_ram.spram_inst/ram_reg_0_63_5_5/A1
    SLICE_X2Y16          RAMS64E                                      r  U1/U1/U0/synth_options.dist_mem_inst/gen_sp_ram.spram_inst/ram_reg_0_63_5_5/SP/ADR1
  -------------------------------------------------------------------    -------------------

                         (clock sys_clk_pin rise edge)
                                                      0.000     0.000 r  
    W5                                                0.000     0.000 r  clk (IN)
                         net (fo=0)                   0.000     0.000    clk
    W5                   IBUF (Prop_ibuf_I_O)         1.388     1.388 r  clk_IBUF_inst/O
                         net (fo=1, routed)           1.862     3.250    clk_IBUF
    BUFGCTRL_X0Y0        BUFG (Prop_bufg_I_O)         0.091     3.341 r  clk_IBUF_BUFG_inst/O
                         net (fo=64, routed)          1.512     4.853    U1/U1/U0/synth_options.dist_mem_inst/gen_sp_ram.spram_inst/ram_reg_0_63_5_5/WCLK
    SLICE_X2Y16          RAMS64E                                      r  U1/U1/U0/synth_options.dist_mem_inst/gen_sp_ram.spram_inst/ram_reg_0_63_5_5/SP/CLK

Slack:                    inf
  Source:                 d_in[1]
                            (input port)
  Destination:            U1/U1/U0/synth_options.dist_mem_inst/gen_sp_ram.spram_inst/ram_reg_0_63_6_6/SP/ADR1
                            (rising edge-triggered cell RAMS64E clocked by sys_clk_pin  {rise@0.000ns fall@5.000ns period=10.000ns})
  Path Group:             (none)
  Path Type:              Setup (Max at Slow Process Corner)
  Data Path Delay:        3.300ns  (logic 1.461ns (44.281%)  route 1.839ns (55.719%))
  Logic Levels:           1  (IBUF=1)
  Clock Path Skew:        4.853ns (DCD - SCD + CPR)
    Destination Clock Delay (DCD):    4.853ns
    Source Clock Delay      (SCD):    0.000ns
    Clock Pessimism Removal (CPR):    0.000ns
  Clock Uncertainty:      0.025ns  ((TSJ^2 + TIJ^2)^1/2 + DJ) / 2 + PE
    Total System Jitter     (TSJ):    0.050ns
    Total Input Jitter      (TIJ):    0.000ns
    Discrete Jitter          (DJ):    0.000ns
    Phase Error              (PE):    0.000ns

    Location             Delay type                Incr(ns)  Path(ns)    Netlist Resource(s)
  -------------------------------------------------------------------    -------------------
    V16                                               0.000     0.000 r  d_in[1] (IN)
                         net (fo=0)                   0.000     0.000    d_in[1]
    V16                  IBUF (Prop_ibuf_I_O)         1.461     1.461 r  d_in_IBUF[1]_inst/O
                         net (fo=9, routed)           1.839     3.300    U1/U1/U0/synth_options.dist_mem_inst/gen_sp_ram.spram_inst/ram_reg_0_63_6_6/A1
    SLICE_X2Y16          RAMS64E                                      r  U1/U1/U0/synth_options.dist_mem_inst/gen_sp_ram.spram_inst/ram_reg_0_63_6_6/SP/ADR1
  -------------------------------------------------------------------    -------------------

                         (clock sys_clk_pin rise edge)
                                                      0.000     0.000 r  
    W5                                                0.000     0.000 r  clk (IN)
                         net (fo=0)                   0.000     0.000    clk
    W5                   IBUF (Prop_ibuf_I_O)         1.388     1.388 r  clk_IBUF_inst/O
                         net (fo=1, routed)           1.862     3.250    clk_IBUF
    BUFGCTRL_X0Y0        BUFG (Prop_bufg_I_O)         0.091     3.341 r  clk_IBUF_BUFG_inst/O
                         net (fo=64, routed)          1.512     4.853    U1/U1/U0/synth_options.dist_mem_inst/gen_sp_ram.spram_inst/ram_reg_0_63_6_6/WCLK
    SLICE_X2Y16          RAMS64E                                      r  U1/U1/U0/synth_options.dist_mem_inst/gen_sp_ram.spram_inst/ram_reg_0_63_6_6/SP/CLK

Slack:                    inf
  Source:                 d_in[1]
                            (input port)
  Destination:            U1/U1/U0/synth_options.dist_mem_inst/gen_sp_ram.spram_inst/ram_reg_0_63_7_7/SP/ADR1
                            (rising edge-triggered cell RAMS64E clocked by sys_clk_pin  {rise@0.000ns fall@5.000ns period=10.000ns})
  Path Group:             (none)
  Path Type:              Setup (Max at Slow Process Corner)
  Data Path Delay:        3.300ns  (logic 1.461ns (44.281%)  route 1.839ns (55.719%))
  Logic Levels:           1  (IBUF=1)
  Clock Path Skew:        4.853ns (DCD - SCD + CPR)
    Destination Clock Delay (DCD):    4.853ns
    Source Clock Delay      (SCD):    0.000ns
    Clock Pessimism Removal (CPR):    0.000ns
  Clock Uncertainty:      0.025ns  ((TSJ^2 + TIJ^2)^1/2 + DJ) / 2 + PE
    Total System Jitter     (TSJ):    0.050ns
    Total Input Jitter      (TIJ):    0.000ns
    Discrete Jitter          (DJ):    0.000ns
    Phase Error              (PE):    0.000ns

    Location             Delay type                Incr(ns)  Path(ns)    Netlist Resource(s)
  -------------------------------------------------------------------    -------------------
    V16                                               0.000     0.000 r  d_in[1] (IN)
                         net (fo=0)                   0.000     0.000    d_in[1]
    V16                  IBUF (Prop_ibuf_I_O)         1.461     1.461 r  d_in_IBUF[1]_inst/O
                         net (fo=9, routed)           1.839     3.300    U1/U1/U0/synth_options.dist_mem_inst/gen_sp_ram.spram_inst/ram_reg_0_63_7_7/A1
    SLICE_X2Y16          RAMS64E                                      r  U1/U1/U0/synth_options.dist_mem_inst/gen_sp_ram.spram_inst/ram_reg_0_63_7_7/SP/ADR1
  -------------------------------------------------------------------    -------------------

                         (clock sys_clk_pin rise edge)
                                                      0.000     0.000 r  
    W5                                                0.000     0.000 r  clk (IN)
                         net (fo=0)                   0.000     0.000    clk
    W5                   IBUF (Prop_ibuf_I_O)         1.388     1.388 r  clk_IBUF_inst/O
                         net (fo=1, routed)           1.862     3.250    clk_IBUF
    BUFGCTRL_X0Y0        BUFG (Prop_bufg_I_O)         0.091     3.341 r  clk_IBUF_BUFG_inst/O
                         net (fo=64, routed)          1.512     4.853    U1/U1/U0/synth_options.dist_mem_inst/gen_sp_ram.spram_inst/ram_reg_0_63_7_7/WCLK
    SLICE_X2Y16          RAMS64E                                      r  U1/U1/U0/synth_options.dist_mem_inst/gen_sp_ram.spram_inst/ram_reg_0_63_7_7/SP/CLK

Slack:                    inf
  Source:                 d_in[0]
                            (input port)
  Destination:            U1/U1/U0/synth_options.dist_mem_inst/gen_sp_ram.spram_inst/ram_reg_0_63_0_0/SP/ADR0
                            (rising edge-triggered cell RAMS64E clocked by sys_clk_pin  {rise@0.000ns fall@5.000ns period=10.000ns})
  Path Group:             (none)
  Path Type:              Setup (Max at Slow Process Corner)
  Data Path Delay:        3.246ns  (logic 1.453ns (44.760%)  route 1.793ns (55.240%))
  Logic Levels:           1  (IBUF=1)
  Clock Path Skew:        4.854ns (DCD - SCD + CPR)
    Destination Clock Delay (DCD):    4.854ns
    Source Clock Delay      (SCD):    0.000ns
    Clock Pessimism Removal (CPR):    0.000ns
  Clock Uncertainty:      0.025ns  ((TSJ^2 + TIJ^2)^1/2 + DJ) / 2 + PE
    Total System Jitter     (TSJ):    0.050ns
    Total Input Jitter      (TIJ):    0.000ns
    Discrete Jitter          (DJ):    0.000ns
    Phase Error              (PE):    0.000ns

    Location             Delay type                Incr(ns)  Path(ns)    Netlist Resource(s)
  -------------------------------------------------------------------    -------------------
    V17                                               0.000     0.000 r  d_in[0] (IN)
                         net (fo=0)                   0.000     0.000    d_in[0]
    V17                  IBUF (Prop_ibuf_I_O)         1.453     1.453 r  d_in_IBUF[0]_inst/O
                         net (fo=9, routed)           1.793     3.246    U1/U1/U0/synth_options.dist_mem_inst/gen_sp_ram.spram_inst/ram_reg_0_63_0_0/A0
    SLICE_X2Y15          RAMS64E                                      r  U1/U1/U0/synth_options.dist_mem_inst/gen_sp_ram.spram_inst/ram_reg_0_63_0_0/SP/ADR0
  -------------------------------------------------------------------    -------------------

                         (clock sys_clk_pin rise edge)
                                                      0.000     0.000 r  
    W5                                                0.000     0.000 r  clk (IN)
                         net (fo=0)                   0.000     0.000    clk
    W5                   IBUF (Prop_ibuf_I_O)         1.388     1.388 r  clk_IBUF_inst/O
                         net (fo=1, routed)           1.862     3.250    clk_IBUF
    BUFGCTRL_X0Y0        BUFG (Prop_bufg_I_O)         0.091     3.341 r  clk_IBUF_BUFG_inst/O
                         net (fo=64, routed)          1.513     4.854    U1/U1/U0/synth_options.dist_mem_inst/gen_sp_ram.spram_inst/ram_reg_0_63_0_0/WCLK
    SLICE_X2Y15          RAMS64E                                      r  U1/U1/U0/synth_options.dist_mem_inst/gen_sp_ram.spram_inst/ram_reg_0_63_0_0/SP/CLK

Slack:                    inf
  Source:                 d_in[0]
                            (input port)
  Destination:            U1/U1/U0/synth_options.dist_mem_inst/gen_sp_ram.spram_inst/ram_reg_0_63_1_1/SP/ADR0
                            (rising edge-triggered cell RAMS64E clocked by sys_clk_pin  {rise@0.000ns fall@5.000ns period=10.000ns})
  Path Group:             (none)
  Path Type:              Setup (Max at Slow Process Corner)
  Data Path Delay:        3.246ns  (logic 1.453ns (44.760%)  route 1.793ns (55.240%))
  Logic Levels:           1  (IBUF=1)
  Clock Path Skew:        4.854ns (DCD - SCD + CPR)
    Destination Clock Delay (DCD):    4.854ns
    Source Clock Delay      (SCD):    0.000ns
    Clock Pessimism Removal (CPR):    0.000ns
  Clock Uncertainty:      0.025ns  ((TSJ^2 + TIJ^2)^1/2 + DJ) / 2 + PE
    Total System Jitter     (TSJ):    0.050ns
    Total Input Jitter      (TIJ):    0.000ns
    Discrete Jitter          (DJ):    0.000ns
    Phase Error              (PE):    0.000ns

    Location             Delay type                Incr(ns)  Path(ns)    Netlist Resource(s)
  -------------------------------------------------------------------    -------------------
    V17                                               0.000     0.000 r  d_in[0] (IN)
                         net (fo=0)                   0.000     0.000    d_in[0]
    V17                  IBUF (Prop_ibuf_I_O)         1.453     1.453 r  d_in_IBUF[0]_inst/O
                         net (fo=9, routed)           1.793     3.246    U1/U1/U0/synth_options.dist_mem_inst/gen_sp_ram.spram_inst/ram_reg_0_63_1_1/A0
    SLICE_X2Y15          RAMS64E                                      r  U1/U1/U0/synth_options.dist_mem_inst/gen_sp_ram.spram_inst/ram_reg_0_63_1_1/SP/ADR0
  -------------------------------------------------------------------    -------------------

                         (clock sys_clk_pin rise edge)
                                                      0.000     0.000 r  
    W5                                                0.000     0.000 r  clk (IN)
                         net (fo=0)                   0.000     0.000    clk
    W5                   IBUF (Prop_ibuf_I_O)         1.388     1.388 r  clk_IBUF_inst/O
                         net (fo=1, routed)           1.862     3.250    clk_IBUF
    BUFGCTRL_X0Y0        BUFG (Prop_bufg_I_O)         0.091     3.341 r  clk_IBUF_BUFG_inst/O
                         net (fo=64, routed)          1.513     4.854    U1/U1/U0/synth_options.dist_mem_inst/gen_sp_ram.spram_inst/ram_reg_0_63_1_1/WCLK
    SLICE_X2Y15          RAMS64E                                      r  U1/U1/U0/synth_options.dist_mem_inst/gen_sp_ram.spram_inst/ram_reg_0_63_1_1/SP/CLK

Slack:                    inf
  Source:                 d_in[0]
                            (input port)
  Destination:            U1/U1/U0/synth_options.dist_mem_inst/gen_sp_ram.spram_inst/ram_reg_0_63_2_2/SP/ADR0
                            (rising edge-triggered cell RAMS64E clocked by sys_clk_pin  {rise@0.000ns fall@5.000ns period=10.000ns})
  Path Group:             (none)
  Path Type:              Setup (Max at Slow Process Corner)
  Data Path Delay:        3.246ns  (logic 1.453ns (44.760%)  route 1.793ns (55.240%))
  Logic Levels:           1  (IBUF=1)
  Clock Path Skew:        4.854ns (DCD - SCD + CPR)
    Destination Clock Delay (DCD):    4.854ns
    Source Clock Delay      (SCD):    0.000ns
    Clock Pessimism Removal (CPR):    0.000ns
  Clock Uncertainty:      0.025ns  ((TSJ^2 + TIJ^2)^1/2 + DJ) / 2 + PE
    Total System Jitter     (TSJ):    0.050ns
    Total Input Jitter      (TIJ):    0.000ns
    Discrete Jitter          (DJ):    0.000ns
    Phase Error              (PE):    0.000ns

    Location             Delay type                Incr(ns)  Path(ns)    Netlist Resource(s)
  -------------------------------------------------------------------    -------------------
    V17                                               0.000     0.000 r  d_in[0] (IN)
                         net (fo=0)                   0.000     0.000    d_in[0]
    V17                  IBUF (Prop_ibuf_I_O)         1.453     1.453 r  d_in_IBUF[0]_inst/O
                         net (fo=9, routed)           1.793     3.246    U1/U1/U0/synth_options.dist_mem_inst/gen_sp_ram.spram_inst/ram_reg_0_63_2_2/A0
    SLICE_X2Y15          RAMS64E                                      r  U1/U1/U0/synth_options.dist_mem_inst/gen_sp_ram.spram_inst/ram_reg_0_63_2_2/SP/ADR0
  -------------------------------------------------------------------    -------------------

                         (clock sys_clk_pin rise edge)
                                                      0.000     0.000 r  
    W5                                                0.000     0.000 r  clk (IN)
                         net (fo=0)                   0.000     0.000    clk
    W5                   IBUF (Prop_ibuf_I_O)         1.388     1.388 r  clk_IBUF_inst/O
                         net (fo=1, routed)           1.862     3.250    clk_IBUF
    BUFGCTRL_X0Y0        BUFG (Prop_bufg_I_O)         0.091     3.341 r  clk_IBUF_BUFG_inst/O
                         net (fo=64, routed)          1.513     4.854    U1/U1/U0/synth_options.dist_mem_inst/gen_sp_ram.spram_inst/ram_reg_0_63_2_2/WCLK
    SLICE_X2Y15          RAMS64E                                      r  U1/U1/U0/synth_options.dist_mem_inst/gen_sp_ram.spram_inst/ram_reg_0_63_2_2/SP/CLK

Slack:                    inf
  Source:                 d_in[0]
                            (input port)
  Destination:            U1/U1/U0/synth_options.dist_mem_inst/gen_sp_ram.spram_inst/ram_reg_0_63_3_3/SP/ADR0
                            (rising edge-triggered cell RAMS64E clocked by sys_clk_pin  {rise@0.000ns fall@5.000ns period=10.000ns})
  Path Group:             (none)
  Path Type:              Setup (Max at Slow Process Corner)
  Data Path Delay:        3.246ns  (logic 1.453ns (44.760%)  route 1.793ns (55.240%))
  Logic Levels:           1  (IBUF=1)
  Clock Path Skew:        4.854ns (DCD - SCD + CPR)
    Destination Clock Delay (DCD):    4.854ns
    Source Clock Delay      (SCD):    0.000ns
    Clock Pessimism Removal (CPR):    0.000ns
  Clock Uncertainty:      0.025ns  ((TSJ^2 + TIJ^2)^1/2 + DJ) / 2 + PE
    Total System Jitter     (TSJ):    0.050ns
    Total Input Jitter      (TIJ):    0.000ns
    Discrete Jitter          (DJ):    0.000ns
    Phase Error              (PE):    0.000ns

    Location             Delay type                Incr(ns)  Path(ns)    Netlist Resource(s)
  -------------------------------------------------------------------    -------------------
    V17                                               0.000     0.000 r  d_in[0] (IN)
                         net (fo=0)                   0.000     0.000    d_in[0]
    V17                  IBUF (Prop_ibuf_I_O)         1.453     1.453 r  d_in_IBUF[0]_inst/O
                         net (fo=9, routed)           1.793     3.246    U1/U1/U0/synth_options.dist_mem_inst/gen_sp_ram.spram_inst/ram_reg_0_63_3_3/A0
    SLICE_X2Y15          RAMS64E                                      r  U1/U1/U0/synth_options.dist_mem_inst/gen_sp_ram.spram_inst/ram_reg_0_63_3_3/SP/ADR0
  -------------------------------------------------------------------    -------------------

                         (clock sys_clk_pin rise edge)
                                                      0.000     0.000 r  
    W5                                                0.000     0.000 r  clk (IN)
                         net (fo=0)                   0.000     0.000    clk
    W5                   IBUF (Prop_ibuf_I_O)         1.388     1.388 r  clk_IBUF_inst/O
                         net (fo=1, routed)           1.862     3.250    clk_IBUF
    BUFGCTRL_X0Y0        BUFG (Prop_bufg_I_O)         0.091     3.341 r  clk_IBUF_BUFG_inst/O
                         net (fo=64, routed)          1.513     4.854    U1/U1/U0/synth_options.dist_mem_inst/gen_sp_ram.spram_inst/ram_reg_0_63_3_3/WCLK
    SLICE_X2Y15          RAMS64E                                      r  U1/U1/U0/synth_options.dist_mem_inst/gen_sp_ram.spram_inst/ram_reg_0_63_3_3/SP/CLK

Slack:                    inf
  Source:                 d_in[3]
                            (input port)
  Destination:            U1/U1/U0/synth_options.dist_mem_inst/gen_sp_ram.spram_inst/ram_reg_0_63_4_4/SP/ADR3
                            (rising edge-triggered cell RAMS64E clocked by sys_clk_pin  {rise@0.000ns fall@5.000ns period=10.000ns})
  Path Group:             (none)
  Path Type:              Setup (Max at Slow Process Corner)
  Data Path Delay:        3.220ns  (logic 1.448ns (44.991%)  route 1.771ns (55.009%))
  Logic Levels:           1  (IBUF=1)
  Clock Path Skew:        4.853ns (DCD - SCD + CPR)
    Destination Clock Delay (DCD):    4.853ns
    Source Clock Delay      (SCD):    0.000ns
    Clock Pessimism Removal (CPR):    0.000ns
  Clock Uncertainty:      0.025ns  ((TSJ^2 + TIJ^2)^1/2 + DJ) / 2 + PE
    Total System Jitter     (TSJ):    0.050ns
    Total Input Jitter      (TIJ):    0.000ns
    Discrete Jitter          (DJ):    0.000ns
    Phase Error              (PE):    0.000ns

    Location             Delay type                Incr(ns)  Path(ns)    Netlist Resource(s)
  -------------------------------------------------------------------    -------------------
    W17                                               0.000     0.000 r  d_in[3] (IN)
                         net (fo=0)                   0.000     0.000    d_in[3]
    W17                  IBUF (Prop_ibuf_I_O)         1.448     1.448 r  d_in_IBUF[3]_inst/O
                         net (fo=9, routed)           1.771     3.220    U1/U1/U0/synth_options.dist_mem_inst/gen_sp_ram.spram_inst/ram_reg_0_63_4_4/A3
    SLICE_X2Y16          RAMS64E                                      r  U1/U1/U0/synth_options.dist_mem_inst/gen_sp_ram.spram_inst/ram_reg_0_63_4_4/SP/ADR3
  -------------------------------------------------------------------    -------------------

                         (clock sys_clk_pin rise edge)
                                                      0.000     0.000 r  
    W5                                                0.000     0.000 r  clk (IN)
                         net (fo=0)                   0.000     0.000    clk
    W5                   IBUF (Prop_ibuf_I_O)         1.388     1.388 r  clk_IBUF_inst/O
                         net (fo=1, routed)           1.862     3.250    clk_IBUF
    BUFGCTRL_X0Y0        BUFG (Prop_bufg_I_O)         0.091     3.341 r  clk_IBUF_BUFG_inst/O
                         net (fo=64, routed)          1.512     4.853    U1/U1/U0/synth_options.dist_mem_inst/gen_sp_ram.spram_inst/ram_reg_0_63_4_4/WCLK
    SLICE_X2Y16          RAMS64E                                      r  U1/U1/U0/synth_options.dist_mem_inst/gen_sp_ram.spram_inst/ram_reg_0_63_4_4/SP/CLK





Min Delay Paths
--------------------------------------------------------------------------------------
Slack:                    inf
  Source:                 save_data
                            (input port)
  Destination:            U1/reg_d_reg[6]/CE
                            (rising edge-triggered cell FDRE clocked by sys_clk_pin  {rise@0.000ns fall@5.000ns period=10.000ns})
  Path Group:             (none)
  Path Type:              Hold (Min at Fast Process Corner)
  Data Path Delay:        0.595ns  (logic 0.219ns (36.875%)  route 0.375ns (63.125%))
  Logic Levels:           1  (IBUF=1)
  Clock Path Skew:        1.986ns (DCD - SCD - CPR)
    Destination Clock Delay (DCD):    1.986ns
    Source Clock Delay      (SCD):    0.000ns
    Clock Pessimism Removal (CPR):    -0.000ns

    Location             Delay type                Incr(ns)  Path(ns)    Netlist Resource(s)
  -------------------------------------------------------------------    -------------------
    T17                                               0.000     0.000 r  save_data (IN)
                         net (fo=0)                   0.000     0.000    save_data
    T17                  IBUF (Prop_ibuf_I_O)         0.219     0.219 r  save_data_IBUF_inst/O
                         net (fo=8, routed)           0.375     0.595    U1/E[0]
    SLICE_X0Y16          FDRE                                         r  U1/reg_d_reg[6]/CE
  -------------------------------------------------------------------    -------------------

                         (clock sys_clk_pin rise edge)
                                                      0.000     0.000 r  
    W5                                                0.000     0.000 r  clk (IN)
                         net (fo=0)                   0.000     0.000    clk
    W5                   IBUF (Prop_ibuf_I_O)         0.414     0.414 r  clk_IBUF_inst/O
                         net (fo=1, routed)           0.685     1.099    clk_IBUF
    BUFGCTRL_X0Y0        BUFG (Prop_bufg_I_O)         0.029     1.128 r  clk_IBUF_BUFG_inst/O
                         net (fo=64, routed)          0.859     1.986    U1/CLK
    SLICE_X0Y16          FDRE                                         r  U1/reg_d_reg[6]/C

Slack:                    inf
  Source:                 save_data
                            (input port)
  Destination:            U1/reg_d_reg[7]/CE
                            (rising edge-triggered cell FDRE clocked by sys_clk_pin  {rise@0.000ns fall@5.000ns period=10.000ns})
  Path Group:             (none)
  Path Type:              Hold (Min at Fast Process Corner)
  Data Path Delay:        0.595ns  (logic 0.219ns (36.875%)  route 0.375ns (63.125%))
  Logic Levels:           1  (IBUF=1)
  Clock Path Skew:        1.986ns (DCD - SCD - CPR)
    Destination Clock Delay (DCD):    1.986ns
    Source Clock Delay      (SCD):    0.000ns
    Clock Pessimism Removal (CPR):    -0.000ns

    Location             Delay type                Incr(ns)  Path(ns)    Netlist Resource(s)
  -------------------------------------------------------------------    -------------------
    T17                                               0.000     0.000 r  save_data (IN)
                         net (fo=0)                   0.000     0.000    save_data
    T17                  IBUF (Prop_ibuf_I_O)         0.219     0.219 r  save_data_IBUF_inst/O
                         net (fo=8, routed)           0.375     0.595    U1/E[0]
    SLICE_X0Y16          FDRE                                         r  U1/reg_d_reg[7]/CE
  -------------------------------------------------------------------    -------------------

                         (clock sys_clk_pin rise edge)
                                                      0.000     0.000 r  
    W5                                                0.000     0.000 r  clk (IN)
                         net (fo=0)                   0.000     0.000    clk
    W5                   IBUF (Prop_ibuf_I_O)         0.414     0.414 r  clk_IBUF_inst/O
                         net (fo=1, routed)           0.685     1.099    clk_IBUF
    BUFGCTRL_X0Y0        BUFG (Prop_bufg_I_O)         0.029     1.128 r  clk_IBUF_BUFG_inst/O
                         net (fo=64, routed)          0.859     1.986    U1/CLK
    SLICE_X0Y16          FDRE                                         r  U1/reg_d_reg[7]/C

Slack:                    inf
  Source:                 rst
                            (input port)
  Destination:            U6/count_reg[0]/R
                            (rising edge-triggered cell FDRE clocked by sys_clk_pin  {rise@0.000ns fall@5.000ns period=10.000ns})
  Path Group:             (none)
  Path Type:              Hold (Min at Fast Process Corner)
  Data Path Delay:        0.614ns  (logic 0.222ns (36.164%)  route 0.392ns (63.836%))
  Logic Levels:           1  (IBUF=1)
  Clock Path Skew:        1.988ns (DCD - SCD - CPR)
    Destination Clock Delay (DCD):    1.988ns
    Source Clock Delay      (SCD):    0.000ns
    Clock Pessimism Removal (CPR):    -0.000ns

    Location             Delay type                Incr(ns)  Path(ns)    Netlist Resource(s)
  -------------------------------------------------------------------    -------------------
    T18                                               0.000     0.000 r  rst (IN)
                         net (fo=0)                   0.000     0.000    rst
    T18                  IBUF (Prop_ibuf_I_O)         0.222     0.222 r  rst_IBUF_inst/O
                         net (fo=28, routed)          0.392     0.614    U6/SR[0]
    SLICE_X3Y14          FDRE                                         r  U6/count_reg[0]/R
  -------------------------------------------------------------------    -------------------

                         (clock sys_clk_pin rise edge)
                                                      0.000     0.000 r  
    W5                                                0.000     0.000 r  clk (IN)
                         net (fo=0)                   0.000     0.000    clk
    W5                   IBUF (Prop_ibuf_I_O)         0.414     0.414 r  clk_IBUF_inst/O
                         net (fo=1, routed)           0.685     1.099    clk_IBUF
    BUFGCTRL_X0Y0        BUFG (Prop_bufg_I_O)         0.029     1.128 r  clk_IBUF_BUFG_inst/O
                         net (fo=64, routed)          0.861     1.988    U6/CLK
    SLICE_X3Y14          FDRE                                         r  U6/count_reg[0]/C

Slack:                    inf
  Source:                 rst
                            (input port)
  Destination:            U6/count_reg[1]/R
                            (rising edge-triggered cell FDRE clocked by sys_clk_pin  {rise@0.000ns fall@5.000ns period=10.000ns})
  Path Group:             (none)
  Path Type:              Hold (Min at Fast Process Corner)
  Data Path Delay:        0.614ns  (logic 0.222ns (36.164%)  route 0.392ns (63.836%))
  Logic Levels:           1  (IBUF=1)
  Clock Path Skew:        1.988ns (DCD - SCD - CPR)
    Destination Clock Delay (DCD):    1.988ns
    Source Clock Delay      (SCD):    0.000ns
    Clock Pessimism Removal (CPR):    -0.000ns

    Location             Delay type                Incr(ns)  Path(ns)    Netlist Resource(s)
  -------------------------------------------------------------------    -------------------
    T18                                               0.000     0.000 r  rst (IN)
                         net (fo=0)                   0.000     0.000    rst
    T18                  IBUF (Prop_ibuf_I_O)         0.222     0.222 r  rst_IBUF_inst/O
                         net (fo=28, routed)          0.392     0.614    U6/SR[0]
    SLICE_X3Y14          FDRE                                         r  U6/count_reg[1]/R
  -------------------------------------------------------------------    -------------------

                         (clock sys_clk_pin rise edge)
                                                      0.000     0.000 r  
    W5                                                0.000     0.000 r  clk (IN)
                         net (fo=0)                   0.000     0.000    clk
    W5                   IBUF (Prop_ibuf_I_O)         0.414     0.414 r  clk_IBUF_inst/O
                         net (fo=1, routed)           0.685     1.099    clk_IBUF
    BUFGCTRL_X0Y0        BUFG (Prop_bufg_I_O)         0.029     1.128 r  clk_IBUF_BUFG_inst/O
                         net (fo=64, routed)          0.861     1.988    U6/CLK
    SLICE_X3Y14          FDRE                                         r  U6/count_reg[1]/C

Slack:                    inf
  Source:                 rst
                            (input port)
  Destination:            U6/count_reg[2]/R
                            (rising edge-triggered cell FDRE clocked by sys_clk_pin  {rise@0.000ns fall@5.000ns period=10.000ns})
  Path Group:             (none)
  Path Type:              Hold (Min at Fast Process Corner)
  Data Path Delay:        0.614ns  (logic 0.222ns (36.164%)  route 0.392ns (63.836%))
  Logic Levels:           1  (IBUF=1)
  Clock Path Skew:        1.988ns (DCD - SCD - CPR)
    Destination Clock Delay (DCD):    1.988ns
    Source Clock Delay      (SCD):    0.000ns
    Clock Pessimism Removal (CPR):    -0.000ns

    Location             Delay type                Incr(ns)  Path(ns)    Netlist Resource(s)
  -------------------------------------------------------------------    -------------------
    T18                                               0.000     0.000 r  rst (IN)
                         net (fo=0)                   0.000     0.000    rst
    T18                  IBUF (Prop_ibuf_I_O)         0.222     0.222 r  rst_IBUF_inst/O
                         net (fo=28, routed)          0.392     0.614    U6/SR[0]
    SLICE_X3Y14          FDRE                                         r  U6/count_reg[2]/R
  -------------------------------------------------------------------    -------------------

                         (clock sys_clk_pin rise edge)
                                                      0.000     0.000 r  
    W5                                                0.000     0.000 r  clk (IN)
                         net (fo=0)                   0.000     0.000    clk
    W5                   IBUF (Prop_ibuf_I_O)         0.414     0.414 r  clk_IBUF_inst/O
                         net (fo=1, routed)           0.685     1.099    clk_IBUF
    BUFGCTRL_X0Y0        BUFG (Prop_bufg_I_O)         0.029     1.128 r  clk_IBUF_BUFG_inst/O
                         net (fo=64, routed)          0.861     1.988    U6/CLK
    SLICE_X3Y14          FDRE                                         r  U6/count_reg[2]/C

Slack:                    inf
  Source:                 rst
                            (input port)
  Destination:            U6/count_reg[3]/R
                            (rising edge-triggered cell FDRE clocked by sys_clk_pin  {rise@0.000ns fall@5.000ns period=10.000ns})
  Path Group:             (none)
  Path Type:              Hold (Min at Fast Process Corner)
  Data Path Delay:        0.614ns  (logic 0.222ns (36.164%)  route 0.392ns (63.836%))
  Logic Levels:           1  (IBUF=1)
  Clock Path Skew:        1.988ns (DCD - SCD - CPR)
    Destination Clock Delay (DCD):    1.988ns
    Source Clock Delay      (SCD):    0.000ns
    Clock Pessimism Removal (CPR):    -0.000ns

    Location             Delay type                Incr(ns)  Path(ns)    Netlist Resource(s)
  -------------------------------------------------------------------    -------------------
    T18                                               0.000     0.000 r  rst (IN)
                         net (fo=0)                   0.000     0.000    rst
    T18                  IBUF (Prop_ibuf_I_O)         0.222     0.222 r  rst_IBUF_inst/O
                         net (fo=28, routed)          0.392     0.614    U6/SR[0]
    SLICE_X3Y14          FDRE                                         r  U6/count_reg[3]/R
  -------------------------------------------------------------------    -------------------

                         (clock sys_clk_pin rise edge)
                                                      0.000     0.000 r  
    W5                                                0.000     0.000 r  clk (IN)
                         net (fo=0)                   0.000     0.000    clk
    W5                   IBUF (Prop_ibuf_I_O)         0.414     0.414 r  clk_IBUF_inst/O
                         net (fo=1, routed)           0.685     1.099    clk_IBUF
    BUFGCTRL_X0Y0        BUFG (Prop_bufg_I_O)         0.029     1.128 r  clk_IBUF_BUFG_inst/O
                         net (fo=64, routed)          0.861     1.988    U6/CLK
    SLICE_X3Y14          FDRE                                         r  U6/count_reg[3]/C

Slack:                    inf
  Source:                 write_en
                            (input port)
  Destination:            U1/U1/U0/synth_options.dist_mem_inst/gen_sp_ram.spram_inst/ram_reg_0_63_0_0/SP/WE
                            (rising edge-triggered cell RAMS64E clocked by sys_clk_pin  {rise@0.000ns fall@5.000ns period=10.000ns})
  Path Group:             (none)
  Path Type:              Hold (Min at Fast Process Corner)
  Data Path Delay:        0.620ns  (logic 0.210ns (33.817%)  route 0.410ns (66.183%))
  Logic Levels:           1  (IBUF=1)
  Clock Path Skew:        1.987ns (DCD - SCD - CPR)
    Destination Clock Delay (DCD):    1.987ns
    Source Clock Delay      (SCD):    0.000ns
    Clock Pessimism Removal (CPR):    -0.000ns

    Location             Delay type                Incr(ns)  Path(ns)    Netlist Resource(s)
  -------------------------------------------------------------------    -------------------
    U18                                               0.000     0.000 r  write_en (IN)
                         net (fo=0)                   0.000     0.000    write_en
    U18                  IBUF (Prop_ibuf_I_O)         0.210     0.210 r  write_en_IBUF_inst/O
                         net (fo=8, routed)           0.410     0.620    U1/U1/U0/synth_options.dist_mem_inst/gen_sp_ram.spram_inst/ram_reg_0_63_0_0/WE
    SLICE_X2Y15          RAMS64E                                      r  U1/U1/U0/synth_options.dist_mem_inst/gen_sp_ram.spram_inst/ram_reg_0_63_0_0/SP/WE
  -------------------------------------------------------------------    -------------------

                         (clock sys_clk_pin rise edge)
                                                      0.000     0.000 r  
    W5                                                0.000     0.000 r  clk (IN)
                         net (fo=0)                   0.000     0.000    clk
    W5                   IBUF (Prop_ibuf_I_O)         0.414     0.414 r  clk_IBUF_inst/O
                         net (fo=1, routed)           0.685     1.099    clk_IBUF
    BUFGCTRL_X0Y0        BUFG (Prop_bufg_I_O)         0.029     1.128 r  clk_IBUF_BUFG_inst/O
                         net (fo=64, routed)          0.860     1.987    U1/U1/U0/synth_options.dist_mem_inst/gen_sp_ram.spram_inst/ram_reg_0_63_0_0/WCLK
    SLICE_X2Y15          RAMS64E                                      r  U1/U1/U0/synth_options.dist_mem_inst/gen_sp_ram.spram_inst/ram_reg_0_63_0_0/SP/CLK

Slack:                    inf
  Source:                 write_en
                            (input port)
  Destination:            U1/U1/U0/synth_options.dist_mem_inst/gen_sp_ram.spram_inst/ram_reg_0_63_1_1/SP/WE
                            (rising edge-triggered cell RAMS64E clocked by sys_clk_pin  {rise@0.000ns fall@5.000ns period=10.000ns})
  Path Group:             (none)
  Path Type:              Hold (Min at Fast Process Corner)
  Data Path Delay:        0.620ns  (logic 0.210ns (33.817%)  route 0.410ns (66.183%))
  Logic Levels:           1  (IBUF=1)
  Clock Path Skew:        1.987ns (DCD - SCD - CPR)
    Destination Clock Delay (DCD):    1.987ns
    Source Clock Delay      (SCD):    0.000ns
    Clock Pessimism Removal (CPR):    -0.000ns

    Location             Delay type                Incr(ns)  Path(ns)    Netlist Resource(s)
  -------------------------------------------------------------------    -------------------
    U18                                               0.000     0.000 r  write_en (IN)
                         net (fo=0)                   0.000     0.000    write_en
    U18                  IBUF (Prop_ibuf_I_O)         0.210     0.210 r  write_en_IBUF_inst/O
                         net (fo=8, routed)           0.410     0.620    U1/U1/U0/synth_options.dist_mem_inst/gen_sp_ram.spram_inst/ram_reg_0_63_1_1/WE
    SLICE_X2Y15          RAMS64E                                      r  U1/U1/U0/synth_options.dist_mem_inst/gen_sp_ram.spram_inst/ram_reg_0_63_1_1/SP/WE
  -------------------------------------------------------------------    -------------------

                         (clock sys_clk_pin rise edge)
                                                      0.000     0.000 r  
    W5                                                0.000     0.000 r  clk (IN)
                         net (fo=0)                   0.000     0.000    clk
    W5                   IBUF (Prop_ibuf_I_O)         0.414     0.414 r  clk_IBUF_inst/O
                         net (fo=1, routed)           0.685     1.099    clk_IBUF
    BUFGCTRL_X0Y0        BUFG (Prop_bufg_I_O)         0.029     1.128 r  clk_IBUF_BUFG_inst/O
                         net (fo=64, routed)          0.860     1.987    U1/U1/U0/synth_options.dist_mem_inst/gen_sp_ram.spram_inst/ram_reg_0_63_1_1/WCLK
    SLICE_X2Y15          RAMS64E                                      r  U1/U1/U0/synth_options.dist_mem_inst/gen_sp_ram.spram_inst/ram_reg_0_63_1_1/SP/CLK

Slack:                    inf
  Source:                 write_en
                            (input port)
  Destination:            U1/U1/U0/synth_options.dist_mem_inst/gen_sp_ram.spram_inst/ram_reg_0_63_2_2/SP/WE
                            (rising edge-triggered cell RAMS64E clocked by sys_clk_pin  {rise@0.000ns fall@5.000ns period=10.000ns})
  Path Group:             (none)
  Path Type:              Hold (Min at Fast Process Corner)
  Data Path Delay:        0.620ns  (logic 0.210ns (33.817%)  route 0.410ns (66.183%))
  Logic Levels:           1  (IBUF=1)
  Clock Path Skew:        1.987ns (DCD - SCD - CPR)
    Destination Clock Delay (DCD):    1.987ns
    Source Clock Delay      (SCD):    0.000ns
    Clock Pessimism Removal (CPR):    -0.000ns

    Location             Delay type                Incr(ns)  Path(ns)    Netlist Resource(s)
  -------------------------------------------------------------------    -------------------
    U18                                               0.000     0.000 r  write_en (IN)
                         net (fo=0)                   0.000     0.000    write_en
    U18                  IBUF (Prop_ibuf_I_O)         0.210     0.210 r  write_en_IBUF_inst/O
                         net (fo=8, routed)           0.410     0.620    U1/U1/U0/synth_options.dist_mem_inst/gen_sp_ram.spram_inst/ram_reg_0_63_2_2/WE
    SLICE_X2Y15          RAMS64E                                      r  U1/U1/U0/synth_options.dist_mem_inst/gen_sp_ram.spram_inst/ram_reg_0_63_2_2/SP/WE
  -------------------------------------------------------------------    -------------------

                         (clock sys_clk_pin rise edge)
                                                      0.000     0.000 r  
    W5                                                0.000     0.000 r  clk (IN)
                         net (fo=0)                   0.000     0.000    clk
    W5                   IBUF (Prop_ibuf_I_O)         0.414     0.414 r  clk_IBUF_inst/O
                         net (fo=1, routed)           0.685     1.099    clk_IBUF
    BUFGCTRL_X0Y0        BUFG (Prop_bufg_I_O)         0.029     1.128 r  clk_IBUF_BUFG_inst/O
                         net (fo=64, routed)          0.860     1.987    U1/U1/U0/synth_options.dist_mem_inst/gen_sp_ram.spram_inst/ram_reg_0_63_2_2/WCLK
    SLICE_X2Y15          RAMS64E                                      r  U1/U1/U0/synth_options.dist_mem_inst/gen_sp_ram.spram_inst/ram_reg_0_63_2_2/SP/CLK

Slack:                    inf
  Source:                 write_en
                            (input port)
  Destination:            U1/U1/U0/synth_options.dist_mem_inst/gen_sp_ram.spram_inst/ram_reg_0_63_3_3/SP/WE
                            (rising edge-triggered cell RAMS64E clocked by sys_clk_pin  {rise@0.000ns fall@5.000ns period=10.000ns})
  Path Group:             (none)
  Path Type:              Hold (Min at Fast Process Corner)
  Data Path Delay:        0.620ns  (logic 0.210ns (33.817%)  route 0.410ns (66.183%))
  Logic Levels:           1  (IBUF=1)
  Clock Path Skew:        1.987ns (DCD - SCD - CPR)
    Destination Clock Delay (DCD):    1.987ns
    Source Clock Delay      (SCD):    0.000ns
    Clock Pessimism Removal (CPR):    -0.000ns

    Location             Delay type                Incr(ns)  Path(ns)    Netlist Resource(s)
  -------------------------------------------------------------------    -------------------
    U18                                               0.000     0.000 r  write_en (IN)
                         net (fo=0)                   0.000     0.000    write_en
    U18                  IBUF (Prop_ibuf_I_O)         0.210     0.210 r  write_en_IBUF_inst/O
                         net (fo=8, routed)           0.410     0.620    U1/U1/U0/synth_options.dist_mem_inst/gen_sp_ram.spram_inst/ram_reg_0_63_3_3/WE
    SLICE_X2Y15          RAMS64E                                      r  U1/U1/U0/synth_options.dist_mem_inst/gen_sp_ram.spram_inst/ram_reg_0_63_3_3/SP/WE
  -------------------------------------------------------------------    -------------------

                         (clock sys_clk_pin rise edge)
                                                      0.000     0.000 r  
    W5                                                0.000     0.000 r  clk (IN)
                         net (fo=0)                   0.000     0.000    clk
    W5                   IBUF (Prop_ibuf_I_O)         0.414     0.414 r  clk_IBUF_inst/O
                         net (fo=1, routed)           0.685     1.099    clk_IBUF
    BUFGCTRL_X0Y0        BUFG (Prop_bufg_I_O)         0.029     1.128 r  clk_IBUF_BUFG_inst/O
                         net (fo=64, routed)          0.860     1.987    U1/U1/U0/synth_options.dist_mem_inst/gen_sp_ram.spram_inst/ram_reg_0_63_3_3/WCLK
    SLICE_X2Y15          RAMS64E                                      r  U1/U1/U0/synth_options.dist_mem_inst/gen_sp_ram.spram_inst/ram_reg_0_63_3_3/SP/CLK





